0.0
0.0
0.0
0.0
0.0
0.0
0.0
0.0
0.0
0.0
0.0
0.0
0.0
0.0
0.0
0.0
0.0
0.0
0.0
0.0
0.0
0.0
0.0
0.0
0.0
0.0
0.0
0.0
0.0
0.0
0.0
0.0
0.004
0.012
0.025
0.044
0.071
0.102
0.137
0.172
0.205
0.235
0.262
0.286
0.308
0.326
0.341
0.354
0.363
0.37
0.373
0.373
0.37
0.364
0.354
0.341
0.325
0.305
0.284
0.259
0.233
0.204
0.173
0.141
0.108
0.076
0.048
0.026
0.011
0.004
0.0
0.0
0.0
0.0
0.0
0.0
0.0
0.0
0.0
0.0
0.0
0.0
0.0
0.0
0.0
0.0
0.0
0.0
0.0
0.0
0.0
0.0
0.0
0.0
0.0
0.0
0.0
0.0
0.0
0.0
0.0
0.0
0.0
0.0
0.0
0.0
0.0
0.0
0.0
0.0
0.0
0.0
0.0
0.0
0.0
0.0
0.0
0.0
0.0
0.0
0.0
0.0
0.0
0.0
0.0
0.0
0.0
0.0
0.003
0.008
0.017
0.03
0.049
0.071
0.096
0.121
0.146
0.17
0.193
0.217
0.241
0.264
0.285
0.302
0.315
0.323
0.329
0.333
0.335
0.335
0.333
0.327
0.317
0.303
0.286
0.264
0.239
0.211
0.18
0.147
0.114
0.081
0.052
0.029
0.014
0.005
0.0
0.0
0.0
0.0
0.0
0.0
0.0
0.0
0.0
0.0
0.0
0.0
0.0
0.0
0.0
0.0
0.0
0.0
0.0
0.0
0.0
0.0
0.0
0.0
0.0
0.0
0.0
0.0
0.0
0.0
0.0
0.0
0.0
0.0
0.0
0.0
0.0
0.0
0.0
0.0
0.0
0.0
0.0
0.0
0.0
0.0
0.0
0.0
0.0
0.0
0.0
0.0
0.0
0.0
0.0
0.0
0.0
0.0
0.005
0.014
0.028
0.047
0.072
0.102
0.136
0.171
0.206
0.24
0.272
0.301
0.326
0.347
0.364
0.377
0.388
0.395
0.398
0.399
0.396
0.389
0.38
0.366
0.35
0.33
0.308
0.282
0.254
0.224
0.191
0.157
0.121
0.086
0.055
0.03
0.014
0.005
0.0
0.0
0.0
0.0
0.0
0.0
0.0
0.0
0.0
0.0
0.0
0.0
0.0
0.0
0.0
0.0
0.0
0.0
0.0
0.0
0.0
0.0
0.0
0.0
0.0
0.0
0.0
0.0
0.0
0.0
0.0
0.0
0.0
0.0
0.0
0.0
0.0
0.0
0.0
0.0
0.0
0.0
0.0
0.0
0.0
0.0
0.0
0.0
0.0
0.0
0.0
0.0
0.0
0.0
0.0
0.0
0.0
0.0
0.005
0.014
0.029
0.05
0.078
0.111
0.147
0.183
0.216
0.247
0.274
0.299
0.322
0.341
0.357
0.37
0.379
0.385
0.387
0.386
0.382
0.375
0.365
0.351
0.333
0.311
0.286
0.259
0.23
0.2
0.169
0.137
0.104
0.073
0.045
0.024
0.01
0.003
0.0
0.0
0.0
0.0
0.0
0.0
0.0
0.0
0.0
0.0
0.0
0.0
0.0
0.0
0.0
0.0
0.0
0.0
0.0
0.0
0.0
0.0
0.0
0.0
0.0
0.0
0.0
0.0
0.0
0.0
0.0
0.0
0.0
0.0
0.0
0.0
0.0
0.0
0.0
0.0
0.0
0.0
0.0
0.0
0.0
0.0
0.0
0.0
0.0
0.0
0.0
0.0
0.0
0.0
0.0
0.0
0.0
0.0
0.004
0.01
0.02
0.033
0.051
0.071
0.094
0.117
0.139
0.161
0.181
0.201
0.219
0.237
0.252
0.266
0.277
0.286
0.291
0.291
0.285
0.275
0.261
0.244
0.225
0.205
0.183
0.162
0.141
0.12
0.1
0.08
0.062
0.045
0.03
0.018
0.009
0.004
0.0
0.0
0.0
0.0
0.0
0.0
0.0
0.0
0.0
0.0
0.0
0.0
0.0
0.0
0.0
0.0
0.0
0.0
0.0
0.0
0.0
0.0
0.0
0.0
0.0
0.0
0.0
0.0
0.0
0.0
0.0
0.0
0.0
0.0
0.0
0.0
0.0
0.0
0.0
0.0
0.0
0.0
0.0
0.0
0.0
0.0
0.0
0.0
0.0
0.0
0.0
0.0
0.0
0.0
0.0
0.0
0.0
0.0
0.0
0.002
0.005
0.009
0.013
0.02
0.027
0.036
0.046
0.056
0.068
0.081
0.095
0.11
0.125
0.141
0.156
0.171
0.184
0.195
0.203
0.208
0.21
0.208
0.203
0.195
0.185
0.175
0.164
0.151
0.137
0.118
0.096
0.072
0.049
0.029
0.016
0.007
0.002
0.0
0.0
0.0
0.0
0.0
0.0
0.0
0.0
0.0
0.0
0.0
0.0
0.0
0.0
0.0
0.0
0.0
0.0
0.0
0.0
0.0
0.0
0.0
0.0
0.0
0.0
0.0
0.0
0.0
0.0
0.0
0.0
0.0
0.0
0.0
0.0
0.0
0.0
0.0
0.0
0.0
0.0
0.0
0.0
0.0
0.0
0.0
0.0
0.0
0.0
0.0
0.0
0.0
0.0
0.0
0.0
0.0
0.005
0.012
0.021
0.032
0.043
0.053
0.064
0.073
0.08
0.087
0.096
0.108
0.124
0.145
0.17
0.199
0.232
0.265
0.293
0.312
0.319
0.314
0.299
0.277
0.25
0.218
0.185
0.149
0.114
0.082
0.053
0.032
0.018
0.011
0.008
0.007
0.005
0.003
0.0
0.0
0.0
0.0
0.0
0.0
0.0
0.0
0.0
0.0
0.0
0.0
0.0
0.0
0.0
0.0
0.0
0.0
0.0
0.0
0.0
0.0
0.0
0.0
0.0
0.0
0.0
0.0
0.0
0.0
0.0
0.0
0.0
0.0
0.0
0.0
0.0
0.0
0.0
0.0
0.0
0.0
0.0
0.0
0.0
0.0
0.0
0.0
0.0
0.0
0.0
0.0
0.0
0.0
0.0
0.0
0.0
0.0
0.0
0.002
0.003
0.005
0.008
0.011
0.014
0.018
0.021
0.024
0.027
0.031
0.035
0.04
0.044
0.049
0.052
0.055
0.058
0.061
0.065
0.069
0.072
0.074
0.075
0.074
0.071
0.067
0.061
0.055
0.048
0.041
0.032
0.024
0.017
0.011
0.006
0.003
0.0
0.0
0.0
0.0
0.0
0.0
0.0
0.0
0.0
0.0
0.0
0.0
0.0
0.0
0.0
0.0
0.0
0.0
0.0
0.0
0.0
0.0
0.0
0.0
0.0
0.0
0.0
0.0
0.0
0.0
0.0
0.0
0.0
0.0
0.0
0.0
0.0
0.0
0.0
0.0
0.0
0.0
0.0
0.0
0.0
0.0
0.0
0.0
0.0
0.0
0.0
0.0
0.0
0.0
0.0
0.0
0.0
0.0
0.0
0.005
0.013
0.026
0.047
0.073
0.102
0.131
0.158
0.181
0.2
0.214
0.223
0.227
0.229
0.229
0.229
0.227
0.223
0.214
0.2
0.183
0.166
0.151
0.142
0.135
0.13
0.123
0.113
0.101
0.086
0.069
0.052
0.036
0.021
0.01
0.003
0.0
0.0
0.0
0.0
0.0
0.0
0.0
0.0
0.0
0.0
0.0
0.0
0.0
0.0
0.0
0.0
0.0
0.0
0.0
0.0
0.0
0.0
0.0
0.0
0.0
0.0
0.0
0.0
0.0
0.0
0.0
0.0
0.0
0.0
0.0
0.0
0.0
0.0
0.0
0.0
0.0
0.0
0.0
0.0
0.0
0.0
0.0
0.0
0.0
0.0
0.0
0.0
0.0
0.0
0.0
0.0
0.0
0.0
0.0
0.0
0.003
0.005
0.009
0.012
0.016
0.021
0.027
0.033
0.04
0.046
0.051
0.054
0.056
0.057
0.057
0.057
0.058
0.06
0.066
0.075
0.086
0.094
0.097
0.093
0.083
0.071
0.061
0.054
0.05
0.048
0.044
0.039
0.031
0.023
0.016
0.01
0.005
0.002
0.0
0.0
0.0
0.0
0.0
0.0
0.0
0.0
0.0
0.0
0.0
0.0
0.0
0.0
0.0
0.0
0.0
0.0
0.0
0.0
0.0
0.0
0.0
0.0
0.0
0.0
0.0
0.0
0.0
0.0
0.0
0.0
0.0
0.0
0.0
0.0
0.0
0.0
0.0
0.0
0.0
0.0
0.0
0.0
0.0
0.0
0.0
0.0
0.0
0.0
0.0
0.0
0.0
0.0
0.0
0.0
0.0
0.002
0.006
0.011
0.019
0.028
0.038
0.048
0.057
0.064
0.069
0.074
0.078
0.084
0.089
0.094
0.097
0.098
0.101
0.111
0.133
0.169
0.211
0.246
0.263
0.254
0.226
0.189
0.153
0.127
0.109
0.095
0.082
0.065
0.047
0.03
0.016
0.007
0.002
0.0
0.0
0.0
0.0
0.0
0.0
0.0
0.0
0.0
0.0
0.0
0.0
0.0
0.0
0.0
0.0
0.0
0.0
0.0
0.0
0.0
0.0
0.0
0.0
0.0
0.0
0.0
0.0
0.0
0.0
0.0
0.0
0.0
0.0
0.0
0.0
0.0
0.0
0.0
0.0
0.0
0.0
0.0
0.0
0.0
0.0
0.0
0.0
0.0
0.0
0.0
0.0
0.0
0.0
0.0
0.0
0.0
0.0
0.002
0.006
0.013
0.022
0.035
0.048
0.061
0.072
0.078
0.082
0.086
0.091
0.099
0.11
0.123
0.136
0.149
0.158
0.161
0.155
0.137
0.113
0.087
0.066
0.054
0.048
0.046
0.044
0.039
0.031
0.023
0.016
0.01
0.006
0.004
0.002
0.0
0.0
0.0
0.0
0.0
0.0
0.0
0.0
0.0
0.0
0.0
0.0
0.0
0.0
0.0
0.0
0.0
0.0
0.0
0.0
0.0
0.0
0.0
0.0
0.0
0.0
0.0
0.0
0.0
0.0
0.0
0.0
0.0
0.0
0.0
0.0
0.0
0.0
0.0
0.0
0.0
0.0
0.0
0.0
0.0
0.0
0.0
0.0
0.0
0.0
0.0
0.0
0.0
0.0
0.0
0.0
0.0
0.0
0.0
0.0
0.0
0.003
0.008
0.015
0.026
0.04
0.055
0.073
0.091
0.109
0.127
0.144
0.159
0.174
0.187
0.199
0.211
0.22
0.227
0.231
0.23
0.224
0.212
0.191
0.163
0.13
0.098
0.072
0.055
0.046
0.04
0.035
0.028
0.019
0.011
0.004
0.0
0.0
0.0
0.0
0.0
0.0
0.0
0.0
0.0
0.0
0.0
0.0
0.0
0.0
0.0
0.0
0.0
0.0
0.0
0.0
0.0
0.0
0.0
0.0
0.0
0.0
0.0
0.0
0.0
0.0
0.0
0.0
0.0
0.0
0.0
0.0
0.0
0.0
0.0
0.0
0.0
0.0
0.0
0.0
0.0
0.0
0.0
0.0
0.0
0.0
0.0
0.0
0.0
0.0
0.0
0.0
0.0
0.0
0.0
0.0
0.004
0.01
0.02
0.033
0.052
0.075
0.105
0.139
0.18
0.224
0.267
0.308
0.342
0.367
0.378
0.374
0.352
0.321
0.292
0.276
0.281
0.298
0.318
0.33
0.326
0.307
0.278
0.243
0.205
0.167
0.13
0.097
0.07
0.048
0.031
0.019
0.01
0.005
0.0
0.0
0.0
0.0
0.0
0.0
0.0
0.0
0.0
0.0
0.0
0.0
0.0
0.0
0.0
0.0
0.0
0.0
0.0
0.0
0.0
0.0
0.0
0.0
0.0
0.0
0.0
0.0
0.0
0.0
0.0
0.0
0.0
0.0
0.0
0.0
0.0
0.0
0.0
0.0
0.0
0.0
0.0
0.0
0.0
0.0
0.0
0.0
0.0
0.0
0.0
0.0
0.0
0.0
0.0
0.0
0.0
0.0
0.0
0.004
0.011
0.024
0.045
0.071
0.098
0.123
0.143
0.161
0.177
0.194
0.214
0.233
0.246
0.25
0.241
0.224
0.204
0.188
0.18
0.178
0.177
0.173
0.164
0.15
0.134
0.118
0.103
0.089
0.076
0.062
0.049
0.035
0.023
0.013
0.007
0.003
0.0
0.0
0.0
0.0
0.0
0.0
0.0
0.0
0.0
0.0
0.0
0.0
0.0
0.0
0.0
0.0
0.0
0.0
0.0
0.0
0.0
0.0
0.0
0.0
0.0
0.0
0.0
0.0
0.0
0.0
0.0
0.0
0.0
0.0
0.0
0.0
0.0
0.0
0.0
0.0
0.0
0.0
0.0
0.0
0.0
0.0
0.0
0.0
0.0
0.0
0.0
0.0
0.0
0.0
0.0
0.0
0.0
0.0
0.005
0.014
0.028
0.048
0.074
0.105
0.137
0.167
0.193
0.216
0.238
0.26
0.284
0.308
0.328
0.342
0.349
0.349
0.347
0.346
0.347
0.349
0.349
0.344
0.333
0.316
0.294
0.27
0.245
0.218
0.19
0.16
0.127
0.095
0.065
0.04
0.022
0.011
0.004
0.0
0.0
0.0
0.0
0.0
0.0
0.0
0.0
0.0
0.0
0.0
0.0
0.0
0.0
0.0
0.0
0.0
0.0
0.0
0.0
0.0
0.0
0.0
0.0
0.0
0.0
0.0
0.0
0.0
0.0
0.0
0.0
0.0
0.0
0.0
0.0
0.0
0.0
0.0
0.0
0.0
0.0
0.0
0.0
0.0
0.0
0.0
0.0
0.0
0.0
0.0
0.0
0.0
0.0
0.0
0.0
0.0
0.0
0.002
0.006
0.011
0.019
0.029
0.037
0.044
0.047
0.047
0.046
0.044
0.044
0.044
0.046
0.049
0.054
0.059
0.064
0.067
0.068
0.067
0.065
0.062
0.059
0.057
0.054
0.05
0.045
0.04
0.034
0.028
0.021
0.015
0.01
0.006
0.003
0.0
0.0
0.0
0.0
0.0
0.0
0.0
0.0
0.0
0.0
0.0
0.0
0.0
0.0
0.0
0.0
0.0
0.0
0.0
0.0
0.0
0.0
0.0
0.0
0.0
0.0
0.0
0.0
0.0
0.0
0.0
0.0
0.0
0.0
0.0
0.0
0.0
0.0
0.0
0.0
0.0
0.0
0.0
0.0
0.0
0.0
0.0
0.0
0.0
0.0
0.0
0.0
0.0
0.0
0.0
0.0
0.0
0.0
0.0
0.007
0.017
0.027
0.036
0.044
0.05
0.058
0.067
0.079
0.092
0.105
0.115
0.122
0.125
0.128
0.132
0.138
0.146
0.154
0.161
0.165
0.166
0.163
0.157
0.148
0.136
0.123
0.109
0.097
0.085
0.074
0.062
0.049
0.037
0.026
0.016
0.009
0.005
0.002
0.0
0.0
0.0
0.0
0.0
0.0
0.0
0.0
0.0
0.0
0.0
0.0
0.0
0.0
0.0
0.0
0.0
0.0
0.0
0.0
0.0
0.0
0.0
0.0
0.0
0.0
0.0
0.0
0.0
0.0
0.0
0.0
0.0
0.0
0.0
0.0
0.0
0.0
0.0
0.0
0.0
0.0
0.0
0.0
0.0
0.0
0.0
0.0
0.0
0.0
0.0
0.0
0.0
0.0
0.0
0.0
0.0
0.005
0.012
0.022
0.033
0.047
0.062
0.078
0.095
0.112
0.128
0.144
0.157
0.167
0.176
0.183
0.19
0.196
0.2
0.201
0.197
0.187
0.173
0.159
0.146
0.136
0.13
0.124
0.118
0.108
0.097
0.084
0.07
0.056
0.044
0.032
0.022
0.013
0.007
0.003
0.0
0.0
0.0
0.0
0.0
0.0
0.0
0.0
0.0
0.0
0.0
0.0
0.0
0.0
0.0
0.0
0.0
0.0
0.0
0.0
0.0
0.0
0.0
0.0
0.0
0.0
0.0
0.0
0.0
0.0
0.0
0.0
0.0
0.0
0.0
0.0
0.0
0.0
0.0
0.0
0.0
0.0
0.0
0.0
0.0
0.0
0.0
0.0
0.0
0.0
0.0
0.0
0.0
0.0
0.0
0.0
0.0
0.008
0.02
0.038
0.061
0.09
0.122
0.154
0.182
0.204
0.221
0.235
0.248
0.262
0.275
0.288
0.299
0.31
0.318
0.323
0.325
0.323
0.317
0.306
0.291
0.272
0.249
0.224
0.198
0.172
0.147
0.123
0.1
0.079
0.06
0.043
0.029
0.017
0.009
0.003
0.0
0.0
0.0
0.0
0.0
0.0
0.0
0.0
0.0
0.0
0.0
0.0
0.0
0.0
0.0
0.0
0.0
0.0
0.0
0.0
0.0
0.0
0.0
0.0
0.0
0.0
0.0
0.0
0.0
0.0
0.0
0.0
0.0
0.0
0.0
0.0
0.0
0.0
0.0
0.0
0.0
0.0
0.0
0.0
0.0
0.0
0.0
0.0
0.0
0.0
0.0
0.0
0.0
0.0
0.0
0.0
0.0
0.008
0.02
0.036
0.057
0.082
0.11
0.139
0.167
0.193
0.217
0.238
0.258
0.276
0.291
0.304
0.314
0.321
0.325
0.327
0.326
0.324
0.319
0.312
0.303
0.292
0.278
0.261
0.244
0.225
0.203
0.179
0.152
0.121
0.088
0.058
0.033
0.017
0.007
0.002
0.0
0.0
0.0
0.0
0.0
0.0
0.0
0.0
0.0
0.0
0.0
0.0
0.0
0.0
0.0
0.0
0.0
0.0
0.0
0.0
0.0
0.0
0.0
0.0
0.0
0.0
0.0
0.0
0.0
0.0
0.0
0.0
0.0
0.0
0.0
0.0
0.0
0.0
0.0
0.0
0.0
0.0
0.0
0.0
0.0
0.0
0.0
0.0
0.0
0.0
0.0
0.0
0.0
0.0
0.0
0.0
0.0
0.011
0.027
0.048
0.074
0.105
0.139
0.175
0.211
0.245
0.277
0.306
0.333
0.356
0.377
0.396
0.412
0.426
0.436
0.441
0.44
0.433
0.419
0.4
0.378
0.354
0.328
0.303
0.278
0.255
0.233
0.209
0.182
0.15
0.117
0.084
0.056
0.033
0.017
0.006
0.0
0.0
0.0
0.0
0.0
0.0
0.0
0.0
0.0
0.0
0.0
0.0
0.0
0.0
0.0
0.0
0.0
0.0
0.0
0.0
0.0
0.0
0.0
0.0
0.0
0.0
0.0
0.0
0.0
0.0
0.0
0.0
0.0
0.0
0.0
0.0
0.0
0.0
0.0
0.0
0.0
0.0
0.0
0.0
0.0
0.0
0.0
0.0
0.0
0.0
0.0
0.0
0.0
0.0
0.0
0.0
0.0
0.012
0.028
0.05
0.078
0.11
0.145
0.181
0.216
0.247
0.275
0.299
0.319
0.333
0.345
0.355
0.366
0.377
0.387
0.393
0.39
0.377
0.356
0.332
0.308
0.289
0.272
0.256
0.239
0.218
0.195
0.169
0.143
0.116
0.09
0.066
0.045
0.028
0.015
0.006
0.0
0.0
0.0
0.0
0.0
0.0
0.0
0.0
0.0
0.0
0.0
0.0
0.0
0.0
0.0
0.0
0.0
0.0
0.0
0.0
0.0
0.0
0.0
0.0
0.0
0.0
0.0
0.0
0.0
0.0
0.0
0.0
0.0
0.0
0.0
0.0
0.0
0.0
0.0
0.0
0.0
0.0
0.0
0.0
0.0
0.0
0.0
0.0
0.0
0.0
0.0
0.0
0.0
0.0
0.0
0.0
0.002
0.015
0.033
0.057
0.086
0.117
0.151
0.185
0.218
0.249
0.278
0.304
0.326
0.344
0.359
0.371
0.382
0.391
0.398
0.402
0.402
0.398
0.388
0.374
0.354
0.328
0.298
0.265
0.23
0.194
0.159
0.127
0.097
0.073
0.054
0.038
0.025
0.016
0.008
0.003
0.0
0.0
0.0
0.0
0.0
0.0
0.0
0.0
0.0
0.0
0.0
0.0
0.0
0.0
0.0
0.0
0.0
0.0
0.0
0.0
0.0
0.0
0.0
0.0
0.0
0.0
0.0
0.0
0.0
0.0
0.0
0.0
0.0
0.0
0.0
0.0
0.0
0.0
0.0
0.0
0.0
0.0
0.0
0.0
0.0
0.0
0.0
0.0
0.0
0.0
0.0
0.0
0.0
0.0
0.0
0.0
0.002
0.016
0.037
0.062
0.089
0.117
0.145
0.174
0.202
0.231
0.259
0.288
0.319
0.35
0.381
0.409
0.432
0.447
0.455
0.458
0.457
0.454
0.447
0.437
0.425
0.408
0.388
0.364
0.337
0.306
0.272
0.236
0.197
0.157
0.118
0.082
0.052
0.03
0.015
0.005
0.0
0.0
0.0
0.0
0.0
0.0
0.0
0.0
0.0
0.0
0.0
0.0
0.0
0.0
0.0
0.0
0.0
0.0
0.0
0.0
0.0
0.0
0.0
0.0
0.0
0.0
0.0
0.0
0.0
0.0
0.0
0.0
0.0
0.0
0.0
0.0
0.0
0.0
0.0
0.0
0.0
0.0
0.0
0.0
0.0
0.0
0.0
0.0
0.0
0.0
0.0
0.0
0.0
0.0
0.0
0.0
0.003
0.012
0.027
0.046
0.069
0.094
0.123
0.152
0.183
0.214
0.245
0.276
0.307
0.337
0.364
0.385
0.395
0.394
0.38
0.355
0.322
0.28
0.238
0.203
0.18
0.176
0.186
0.2
0.211
0.213
0.206
0.19
0.168
0.141
0.111
0.081
0.054
0.033
0.018
0.007
0.0
0.0
0.0
0.0
0.0
0.0
0.0
0.0
0.0
0.0
0.0
0.0
0.0
0.0
0.0
0.0
0.0
0.0
0.0
0.0
0.0
0.0
0.0
0.0
0.0
0.0
0.0
0.0
0.0
0.0
0.0
0.0
0.0
0.0
0.0
0.0
0.0
0.0
0.0
0.0
0.0
0.0
0.0
0.0
0.0
0.0
0.0
0.0
0.0
0.0
0.0
0.0
0.0
0.0
0.0
0.0
0.003
0.013
0.029
0.049
0.072
0.097
0.123
0.15
0.175
0.198
0.215
0.222
0.215
0.192
0.163
0.139
0.13
0.145
0.176
0.212
0.242
0.257
0.256
0.244
0.222
0.193
0.161
0.129
0.101
0.079
0.063
0.051
0.042
0.034
0.028
0.022
0.016
0.011
0.007
0.003
0.0
0.0
0.0
0.0
0.0
0.0
0.0
0.0
0.0
0.0
0.0
0.0
0.0
0.0
0.0
0.0
0.0
0.0
0.0
0.0
0.0
0.0
0.0
0.0
0.0
0.0
0.0
0.0
0.0
0.0
0.0
0.0
0.0
0.0
0.0
0.0
0.0
0.0
0.0
0.0
0.0
0.0
0.0
0.0
0.0
0.0
0.0
0.0
0.0
0.0
0.0
0.0
0.0
0.0
0.0
0.0
0.003
0.012
0.025
0.042
0.06
0.079
0.099
0.118
0.134
0.148
0.157
0.159
0.151
0.133
0.11
0.086
0.069
0.062
0.063
0.068
0.073
0.075
0.076
0.076
0.076
0.079
0.084
0.09
0.098
0.106
0.112
0.115
0.111
0.098
0.08
0.06
0.04
0.025
0.013
0.005
0.0
0.0
0.0
0.0
0.0
0.0
0.0
0.0
0.0
0.0
0.0
0.0
0.0
0.0
0.0
0.0
0.0
0.0
0.0
0.0
0.0
0.0
0.0
0.0
0.0
0.0
0.0
0.0
0.0
0.0
0.0
0.0
0.0
0.0
0.0
0.0
0.0
0.0
0.0
0.0
0.0
0.0
0.0
0.0
0.0
0.0
0.0
0.0
0.0
0.0
0.0
0.0
0.0
0.0
0.0
0.0
0.002
0.006
0.012
0.021
0.032
0.045
0.06
0.075
0.09
0.104
0.117
0.129
0.139
0.149
0.158
0.171
0.188
0.21
0.235
0.26
0.281
0.296
0.305
0.309
0.311
0.311
0.308
0.302
0.29
0.272
0.249
0.221
0.19
0.156
0.123
0.091
0.062
0.039
0.021
0.009
0.0
0.0
0.0
0.0
0.0
0.0
0.0
0.0
0.0
0.0
0.0
0.0
0.0
0.0
0.0
0.0
0.0
0.0
0.0
0.0
0.0
0.0
0.0
0.0
0.0
0.0
0.0
0.0
0.0
0.0
0.0
0.0
0.0
0.0
0.0
0.0
0.0
0.0
0.0
0.0
0.0
0.0
0.0
0.0
0.0
0.0
0.0
0.0
0.0
0.0
0.0
0.0
0.0
0.0
0.0
0.0
0.004
0.014
0.03
0.049
0.073
0.1
0.129
0.159
0.191
0.223
0.254
0.285
0.315
0.345
0.373
0.399
0.421
0.44
0.455
0.465
0.471
0.473
0.469
0.462
0.45
0.434
0.414
0.391
0.364
0.335
0.303
0.268
0.231
0.191
0.151
0.112
0.078
0.05
0.027
0.011
0.0
0.0
0.0
0.0
0.0
0.0
0.0
0.0
0.0
0.0
0.0
0.0
0.0
0.0
0.0
0.0
0.0
0.0
0.0
0.0
0.0
0.0
0.0
0.0
0.0
0.0
0.0
0.0
0.0
0.0
0.0
0.0
0.0
0.0
0.0
0.0
0.0
0.0
0.0
0.0
0.0
0.0
0.0
0.0
0.0
0.0
0.0
0.0
0.0
0.0
0.0
0.0
0.0
0.0
0.0
0.0
0.0
0.004
0.009
0.016
0.024
0.034
0.045
0.055
0.064
0.07
0.075
0.078
0.08
0.082
0.087
0.095
0.111
0.133
0.158
0.181
0.196
0.199
0.195
0.187
0.181
0.183
0.188
0.196
0.201
0.202
0.197
0.186
0.168
0.143
0.114
0.085
0.058
0.036
0.02
0.008
0.0
0.0
0.0
0.0
0.0
0.0
0.0
0.0
0.0
0.0
0.0
0.0
0.0
0.0
0.0
0.0
0.0
0.0
0.0
0.0
0.0
0.0
0.0
0.0
0.0
0.0
0.0
0.0
0.0
0.0
0.0
0.0
0.0
0.0
0.0
0.0
0.0
0.0
0.0
0.0
0.0
0.0
0.0
0.0
0.0
0.0
0.0
0.0
0.0
0.0
0.0
0.0
0.0
0.0
0.0
0.0
0.004
0.013
0.026
0.041
0.059
0.078
0.099
0.124
0.155
0.191
0.229
0.261
0.283
0.289
0.284
0.272
0.258
0.246
0.236
0.228
0.221
0.213
0.205
0.197
0.19
0.184
0.179
0.174
0.17
0.166
0.162
0.154
0.142
0.124
0.103
0.079
0.057
0.038
0.022
0.01
0.002
0.0
0.0
0.0
0.0
0.0
0.0
0.0
0.0
0.0
0.0
0.0
0.0
0.0
0.0
0.0
0.0
0.0
0.0
0.0
0.0
0.0
0.0
0.0
0.0
0.0
0.0
0.0
0.0
0.0
0.0
0.0
0.0
0.0
0.0
0.0
0.0
0.0
0.0
0.0
0.0
0.0
0.0
0.0
0.0
0.0
0.0
0.0
0.0
0.0
0.0
0.0
0.0
0.0
0.0
0.0
0.006
0.017
0.032
0.052
0.074
0.098
0.123
0.149
0.173
0.196
0.217
0.237
0.255
0.271
0.286
0.301
0.317
0.335
0.354
0.374
0.395
0.416
0.433
0.445
0.447
0.437
0.417
0.391
0.362
0.332
0.301
0.269
0.235
0.199
0.161
0.124
0.089
0.059
0.034
0.015
0.002
0.0
0.0
0.0
0.0
0.0
0.0
0.0
0.0
0.0
0.0
0.0
0.0
0.0
0.0
0.0
0.0
0.0
0.0
0.0
0.0
0.0
0.0
0.0
0.0
0.0
0.0
0.0
0.0
0.0
0.0
0.0
0.0
0.0
0.0
0.0
0.0
0.0
0.0
0.0
0.0
0.0
0.0
0.0
0.0
0.0
0.0
0.0
0.0
0.0
0.0
0.0
0.0
0.0
0.0
0.0
0.007
0.023
0.044
0.07
0.099
0.129
0.158
0.187
0.215
0.241
0.264
0.285
0.304
0.319
0.332
0.346
0.361
0.379
0.396
0.409
0.415
0.41
0.395
0.372
0.342
0.307
0.269
0.231
0.196
0.165
0.139
0.116
0.097
0.08
0.065
0.051
0.039
0.027
0.016
0.008
0.002
0.0
0.0
0.0
0.0
0.0
0.0
0.0
0.0
0.0
0.0
0.0
0.0
0.0
0.0
0.0
0.0
0.0
0.0
0.0
0.0
0.0
0.0
0.0
0.0
0.0
0.0
0.0
0.0
0.0
0.0
0.0
0.0
0.0
0.0
0.0
0.0
0.0
0.0
0.0
0.0
0.0
0.0
0.0
0.0
0.0
0.0
0.0
0.0
0.0
0.0
0.0
0.0
0.0
0.0
0.0
0.008
0.021
0.04
0.064
0.092
0.124
0.159
0.195
0.232
0.268
0.303
0.337
0.368
0.397
0.423
0.445
0.464
0.479
0.49
0.496
0.498
0.496
0.49
0.48
0.467
0.45
0.43
0.407
0.381
0.353
0.323
0.289
0.252
0.212
0.17
0.13
0.093
0.061
0.035
0.016
0.003
0.0
0.0
0.0
0.0
0.0
0.0
0.0
0.0
0.0
0.0
0.0
0.0
0.0
0.0
0.0
0.0
0.0
0.0
0.0
0.0
0.0
0.0
0.0
0.0
0.0
0.0
0.0
0.0
0.0
0.0
0.0
0.0
0.0
0.0
0.0
0.0
0.0
0.0
0.0
0.0
0.0
0.0
0.0
0.0
0.0
0.0
0.0
0.0
0.0
0.0
0.0
0.0
0.0
0.0
0.003
0.006
0.01
0.016
0.026
0.041
0.061
0.087
0.12
0.159
0.203
0.251
0.298
0.34
0.376
0.405
0.426
0.44
0.448
0.449
0.443
0.431
0.413
0.39
0.364
0.337
0.309
0.282
0.257
0.233
0.212
0.194
0.176
0.158
0.14
0.121
0.101
0.08
0.058
0.036
0.018
0.004
0.0
0.0
0.0
0.0
0.0
0.0
0.0
0.0
0.0
0.0
0.0
0.0
0.0
0.0
0.0
0.0
0.0
0.0
0.0
0.0
0.0
0.0
0.0
0.0
0.0
0.0
0.0
0.0
0.0
0.0
0.0
0.0
0.0
0.0
0.0
0.0
0.0
0.0
0.0
0.0
0.0
0.0
0.0
0.0
0.0
0.0
0.0
0.0
0.0
0.0
0.0
0.0
0.0
0.0
0.0
0.003
0.007
0.013
0.02
0.028
0.038
0.047
0.058
0.069
0.08
0.09
0.099
0.105
0.108
0.108
0.107
0.104
0.102
0.1
0.097
0.093
0.086
0.079
0.072
0.067
0.064
0.063
0.061
0.059
0.055
0.049
0.042
0.034
0.027
0.021
0.016
0.011
0.007
0.004
0.002
0.0
0.0
0.0
0.0
0.0
0.0
0.0
0.0
0.0
0.0
0.0
0.0
0.0
0.0
0.0
0.0
0.0
0.0
0.0
0.0
0.0
0.0
0.0
0.0
0.0
0.0
0.0
0.0
0.0
0.0
0.0
0.0
0.0
0.0
0.0
0.0
0.0
0.0
0.0
0.0
0.0
0.0
0.0
0.0
0.0
0.0
0.0
0.0
0.0
0.0
0.0
0.0
0.0
0.0
0.0
0.0
0.005
0.021
0.044
0.072
0.106
0.142
0.181
0.221
0.263
0.304
0.342
0.372
0.39
0.394
0.386
0.37
0.35
0.331
0.311
0.291
0.27
0.25
0.233
0.223
0.224
0.238
0.257
0.272
0.275
0.259
0.228
0.189
0.15
0.117
0.089
0.066
0.046
0.031
0.018
0.009
0.002
0.0
0.0
0.0
0.0
0.0
0.0
0.0
0.0
0.0
0.0
0.0
0.0
0.0
0.0
0.0
0.0
0.0
0.0
0.0
0.0
0.0
0.0
0.0
0.0
0.0
0.0
0.0
0.0
0.0
0.0
0.0
0.0
0.0
0.0
0.0
0.0
0.0
0.0
0.0
0.0
0.0
0.0
0.0
0.0
0.0
0.0
0.0
0.0
0.0
0.0
0.0
0.0
0.0
0.0
0.0
0.0
0.0
0.002
0.003
0.006
0.009
0.013
0.018
0.023
0.029
0.035
0.042
0.049
0.058
0.068
0.079
0.091
0.105
0.118
0.131
0.14
0.145
0.147
0.148
0.149
0.151
0.153
0.153
0.149
0.14
0.127
0.11
0.091
0.071
0.052
0.035
0.022
0.012
0.006
0.003
0.0
0.0
0.0
0.0
0.0
0.0
0.0
0.0
0.0
0.0
0.0
0.0
0.0
0.0
0.0
0.0
0.0
0.0
0.0
0.0
0.0
0.0
0.0
0.0
0.0
0.0
0.0
0.0
0.0
0.0
0.0
0.0
0.0
0.0
0.0
0.0
0.0
0.0
0.0
0.0
0.0
0.0
0.0
0.0
0.0
0.0
0.0
0.0
0.0
0.0
0.0
0.0
0.0
0.0
0.0
0.0
0.004
0.01
0.017
0.027
0.037
0.049
0.061
0.073
0.086
0.098
0.111
0.124
0.138
0.153
0.165
0.172
0.17
0.158
0.14
0.119
0.102
0.093
0.09
0.093
0.1
0.109
0.122
0.14
0.164
0.193
0.222
0.242
0.247
0.231
0.199
0.159
0.116
0.079
0.048
0.024
0.007
0.0
0.0
0.0
0.0
0.0
0.0
0.0
0.0
0.0
0.0
0.0
0.0
0.0
0.0
0.0
0.0
0.0
0.0
0.0
0.0
0.0
0.0
0.0
0.0
0.0
0.0
0.0
0.0
0.0
0.0
0.0
0.0
0.0
0.0
0.0
0.0
0.0
0.0
0.0
0.0
0.0
0.0
0.0
0.0
0.0
0.0
0.0
0.0
0.0
0.0
0.0
0.0
0.0
0.0
0.004
0.011
0.022
0.039
0.064
0.098
0.142
0.191
0.241
0.285
0.32
0.346
0.364
0.376
0.383
0.386
0.387
0.387
0.388
0.389
0.39
0.392
0.395
0.396
0.396
0.393
0.385
0.372
0.354
0.331
0.302
0.27
0.237
0.205
0.175
0.147
0.12
0.094
0.068
0.043
0.023
0.008
0.0
0.0
0.0
0.0
0.0
0.0
0.0
0.0
0.0
0.0
0.0
0.0
0.0
0.0
0.0
0.0
0.0
0.0
0.0
0.0
0.0
0.0
0.0
0.0
0.0
0.0
0.0
0.0
0.0
0.0
0.0
0.0
0.0
0.0
0.0
0.0
0.0
0.0
0.0
0.0
0.0
0.0
0.0
0.0
0.0
0.0
0.0
0.0
0.0
0.0
0.0
0.0
0.0
0.0
0.002
0.012
0.029
0.053
0.081
0.112
0.143
0.173
0.2
0.224
0.242
0.257
0.271
0.289
0.31
0.335
0.36
0.383
0.402
0.419
0.434
0.45
0.467
0.483
0.493
0.493
0.483
0.462
0.434
0.401
0.366
0.328
0.289
0.248
0.206
0.165
0.125
0.09
0.06
0.036
0.018
0.007
0.0
0.0
0.0
0.0
0.0
0.0
0.0
0.0
0.0
0.0
0.0
0.0
0.0
0.0
0.0
0.0
0.0
0.0
0.0
0.0
0.0
0.0
0.0
0.0
0.0
0.0
0.0
0.0
0.0
0.0
0.0
0.0
0.0
0.0
0.0
0.0
0.0
0.0
0.0
0.0
0.0
0.0
0.0
0.0
0.0
0.0
0.0
0.0
0.0
0.0
0.0
0.0
0.0
0.0
0.006
0.017
0.036
0.06
0.089
0.119
0.15
0.18
0.213
0.247
0.285
0.325
0.364
0.399
0.43
0.456
0.477
0.493
0.503
0.509
0.511
0.51
0.506
0.499
0.49
0.478
0.464
0.448
0.428
0.403
0.375
0.341
0.304
0.262
0.217
0.171
0.127
0.087
0.055
0.031
0.014
0.003
0.0
0.0
0.0
0.0
0.0
0.0
0.0
0.0
0.0
0.0
0.0
0.0
0.0
0.0
0.0
0.0
0.0
0.0
0.0
0.0
0.0
0.0
0.0
0.0
0.0
0.0
0.0
0.0
0.0
0.0
0.0
0.0
0.0
0.0
0.0
0.0
0.0
0.0
0.0
0.0
0.0
0.0
0.0
0.0
0.0
0.0
0.0
0.0
0.0
0.0
0.0
0.0
0.0
0.002
0.006
0.015
0.029
0.046
0.062
0.074
0.08
0.081
0.082
0.084
0.091
0.1
0.109
0.115
0.118
0.118
0.12
0.127
0.14
0.159
0.182
0.206
0.231
0.251
0.262
0.26
0.241
0.211
0.177
0.145
0.122
0.106
0.095
0.087
0.079
0.071
0.062
0.051
0.038
0.024
0.012
0.003
0.0
0.0
0.0
0.0
0.0
0.0
0.0
0.0
0.0
0.0
0.0
0.0
0.0
0.0
0.0
0.0
0.0
0.0
0.0
0.0
0.0
0.0
0.0
0.0
0.0
0.0
0.0
0.0
0.0
0.0
0.0
0.0
0.0
0.0
0.0
0.0
0.0
0.0
0.0
0.0
0.0
0.0
0.0
0.0
0.0
0.0
0.0
0.0
0.0
0.0
0.0
0.0
0.0
0.0
0.002
0.005
0.009
0.015
0.022
0.032
0.045
0.059
0.075
0.091
0.107
0.123
0.138
0.152
0.164
0.176
0.188
0.2
0.212
0.223
0.235
0.245
0.254
0.26
0.264
0.263
0.259
0.25
0.236
0.217
0.193
0.167
0.14
0.113
0.089
0.069
0.051
0.036
0.024
0.015
0.008
0.004
0.0
0.0
0.0
0.0
0.0
0.0
0.0
0.0
0.0
0.0
0.0
0.0
0.0
0.0
0.0
0.0
0.0
0.0
0.0
0.0
0.0
0.0
0.0
0.0
0.0
0.0
0.0
0.0
0.0
0.0
0.0
0.0
0.0
0.0
0.0
0.0
0.0
0.0
0.0
0.0
0.0
0.0
0.0
0.0
0.0
0.0
0.0
0.0
0.0
0.0
0.0
0.0
0.0
0.0
0.003
0.007
0.015
0.024
0.036
0.05
0.064
0.08
0.096
0.112
0.128
0.143
0.157
0.17
0.181
0.19
0.2
0.209
0.22
0.229
0.236
0.238
0.233
0.224
0.212
0.199
0.186
0.173
0.161
0.147
0.133
0.118
0.103
0.089
0.076
0.064
0.053
0.041
0.03
0.02
0.011
0.005
0.0
0.0
0.0
0.0
0.0
0.0
0.0
0.0
0.0
0.0
0.0
0.0
0.0
0.0
0.0
0.0
0.0
0.0
0.0
0.0
0.0
0.0
0.0
0.0
0.0
0.0
0.0
0.0
0.0
0.0
0.0
0.0
0.0
0.0
0.0
0.0
0.0
0.0
0.0
0.0
0.0
0.0
0.0
0.0
0.0
0.0
0.0
0.0
0.0
0.0
0.0
0.0
0.0
0.0
0.003
0.007
0.014
0.022
0.031
0.042
0.052
0.063
0.075
0.087
0.101
0.114
0.127
0.139
0.148
0.154
0.159
0.161
0.162
0.162
0.16
0.158
0.156
0.154
0.151
0.147
0.141
0.133
0.125
0.117
0.108
0.099
0.091
0.082
0.073
0.064
0.054
0.044
0.032
0.021
0.012
0.004
0.0
0.0
0.0
0.0
0.0
0.0
0.0
0.0
0.0
0.0
0.0
0.0
0.0
0.0
0.0
0.0
0.0
0.0
0.0
0.0
0.0
0.0
0.0
0.0
0.0
0.0
0.0
0.0
0.0
0.0
0.0
0.0
0.0
0.0
0.0
0.0
0.0
0.0
0.0
0.0
0.0
0.0
0.0
0.0
0.0
0.0
0.0
0.0
0.0
0.0
0.0
0.0
0.0
0.005
0.011
0.021
0.037
0.057
0.082
0.109
0.139
0.17
0.201
0.231
0.258
0.28
0.298
0.31
0.316
0.317
0.315
0.314
0.315
0.316
0.318
0.318
0.316
0.311
0.305
0.298
0.289
0.278
0.265
0.248
0.228
0.206
0.181
0.156
0.131
0.108
0.085
0.064
0.046
0.03
0.017
0.008
0.002
0.0
0.0
0.0
0.0
0.0
0.0
0.0
0.0
0.0
0.0
0.0
0.0
0.0
0.0
0.0
0.0
0.0
0.0
0.0
0.0
0.0
0.0
0.0
0.0
0.0
0.0
0.0
0.0
0.0
0.0
0.0
0.0
0.0
0.0
0.0
0.0
0.0
0.0
0.0
0.0
0.0
0.0
0.0
0.0
0.0
0.0
0.0
0.0
0.0
0.0
0.0
0.0
0.005
0.014
0.028
0.051
0.08
0.113
0.149
0.186
0.223
0.259
0.293
0.326
0.356
0.382
0.404
0.421
0.433
0.441
0.446
0.448
0.446
0.442
0.436
0.428
0.418
0.407
0.395
0.382
0.368
0.352
0.333
0.311
0.285
0.257
0.228
0.197
0.165
0.134
0.104
0.077
0.052
0.032
0.016
0.007
0.002
0.0
0.0
0.0
0.0
0.0
0.0
0.0
0.0
0.0
0.0
0.0
0.0
0.0
0.0
0.0
0.0
0.0
0.0
0.0
0.0
0.0
0.0
0.0
0.0
0.0
0.0
0.0
0.0
0.0
0.0
0.0
0.0
0.0
0.0
0.0
0.0
0.0
0.0
0.0
0.0
0.0
0.0
0.0
0.0
0.0
0.0
0.0
0.0
0.0
0.0
0.0
0.002
0.005
0.009
0.017
0.026
0.036
0.047
0.057
0.068
0.08
0.093
0.107
0.121
0.134
0.143
0.148
0.15
0.153
0.159
0.17
0.185
0.203
0.22
0.234
0.247
0.257
0.266
0.272
0.275
0.275
0.27
0.261
0.247
0.229
0.208
0.184
0.158
0.131
0.103
0.076
0.051
0.03
0.014
0.005
0.0
0.0
0.0
0.0
0.0
0.0
0.0
0.0
0.0
0.0
0.0
0.0
0.0
0.0
0.0
0.0
0.0
0.0
0.0
0.0
0.0
0.0
0.0
0.0
0.0
0.0
0.0
0.0
0.0
0.0
0.0
0.0
0.0
0.0
0.0
0.0
0.0
0.0
0.0
0.0
0.0
0.0
0.0
0.0
0.0
0.0
0.0
0.0
0.0
0.0
0.0
0.0
0.004
0.013
0.028
0.053
0.084
0.12
0.157
0.195
0.231
0.268
0.304
0.34
0.376
0.41
0.442
0.472
0.499
0.522
0.541
0.555
0.564
0.57
0.573
0.573
0.569
0.563
0.552
0.537
0.519
0.496
0.47
0.44
0.407
0.372
0.334
0.294
0.252
0.21
0.167
0.124
0.084
0.049
0.023
0.008
0.0
0.0
0.0
0.0
0.0
0.0
0.0
0.0
0.0
0.0
0.0
0.0
0.0
0.0
0.0
0.0
0.0
0.0
0.0
0.0
0.0
0.0
0.0
0.0
0.0
0.0
0.0
0.0
0.0
0.0
0.0
0.0
0.0
0.0
0.0
0.0
0.0
0.0
0.0
0.0
0.0
0.0
0.0
0.0
0.0
0.0
0.0
0.0
0.0
0.0
0.0
0.002
0.008
0.017
0.032
0.053
0.081
0.116
0.158
0.206
0.258
0.309
0.358
0.401
0.438
0.468
0.493
0.511
0.523
0.53
0.531
0.528
0.52
0.507
0.489
0.466
0.44
0.415
0.392
0.374
0.359
0.347
0.334
0.319
0.301
0.28
0.255
0.224
0.191
0.156
0.122
0.09
0.061
0.037
0.019
0.008
0.002
0.0
0.0
0.0
0.0
0.0
0.0
0.0
0.0
0.0
0.0
0.0
0.0
0.0
0.0
0.0
0.0
0.0
0.0
0.0
0.0
0.0
0.0
0.0
0.0
0.0
0.0
0.0
0.0
0.0
0.0
0.0
0.0
0.0
0.0
0.0
0.0
0.0
0.0
0.0
0.0
0.0
0.0
0.0
0.0
0.0
0.0
0.0
0.0
0.0
0.0
0.0
0.004
0.01
0.02
0.034
0.052
0.07
0.087
0.101
0.113
0.126
0.141
0.159
0.18
0.2
0.217
0.23
0.238
0.244
0.248
0.25
0.251
0.249
0.245
0.239
0.231
0.225
0.221
0.221
0.223
0.226
0.228
0.226
0.221
0.212
0.199
0.183
0.164
0.142
0.118
0.091
0.064
0.04
0.021
0.009
0.003
0.0
0.0
0.0
0.0
0.0
0.0
0.0
0.0
0.0
0.0
0.0
0.0
0.0
0.0
0.0
0.0
0.0
0.0
0.0
0.0
0.0
0.0
0.0
0.0
0.0
0.0
0.0
0.0
0.0
0.0
0.0
0.0
0.0
0.0
0.0
0.0
0.0
0.0
0.0
0.0
0.0
0.0
0.0
0.0
0.0
0.0
0.0
0.0
0.0
0.0
0.0
0.002
0.007
0.015
0.027
0.042
0.059
0.074
0.088
0.099
0.108
0.115
0.12
0.124
0.126
0.127
0.127
0.126
0.123
0.12
0.117
0.116
0.12
0.131
0.151
0.175
0.198
0.213
0.217
0.212
0.202
0.19
0.181
0.173
0.164
0.154
0.141
0.124
0.106
0.087
0.067
0.048
0.031
0.018
0.009
0.004
0.0
0.0
0.0
0.0
0.0
0.0
0.0
0.0
0.0
0.0
0.0
0.0
0.0
0.0
0.0
0.0
0.0
0.0
0.0
0.0
0.0
0.0
0.0
0.0
0.0
0.0
0.0
0.0
0.0
0.0
0.0
0.0
0.0
0.0
0.0
0.0
0.0
0.0
0.0
0.0
0.0
0.0
0.0
0.0
0.0
0.0
0.0
0.0
0.0
0.0
0.004
0.011
0.021
0.035
0.052
0.074
0.1
0.131
0.165
0.201
0.235
0.264
0.286
0.302
0.315
0.327
0.341
0.359
0.383
0.415
0.455
0.499
0.54
0.572
0.59
0.596
0.592
0.579
0.561
0.537
0.509
0.475
0.436
0.394
0.35
0.303
0.256
0.21
0.166
0.126
0.092
0.063
0.04
0.023
0.011
0.005
0.0
0.0
0.0
0.0
0.0
0.0
0.0
0.0
0.0
0.0
0.0
0.0
0.0
0.0
0.0
0.0
0.0
0.0
0.0
0.0
0.0
0.0
0.0
0.0
0.0
0.0
0.0
0.0
0.0
0.0
0.0
0.0
0.0
0.0
0.0
0.0
0.0
0.0
0.0
0.0
0.0
0.0
0.0
0.0
0.0
0.0
0.0
0.0
0.0
0.0
0.006
0.016
0.033
0.058
0.091
0.132
0.176
0.222
0.266
0.306
0.341
0.368
0.385
0.395
0.4
0.404
0.41
0.417
0.426
0.435
0.445
0.455
0.464
0.471
0.474
0.474
0.47
0.461
0.447
0.428
0.406
0.381
0.354
0.326
0.296
0.265
0.233
0.2
0.166
0.133
0.1
0.07
0.043
0.023
0.01
0.003
0.0
0.0
0.0
0.0
0.0
0.0
0.0
0.0
0.0
0.0
0.0
0.0
0.0
0.0
0.0
0.0
0.0
0.0
0.0
0.0
0.0
0.0
0.0
0.0
0.0
0.0
0.0
0.0
0.0
0.0
0.0
0.0
0.0
0.0
0.0
0.0
0.0
0.0
0.0
0.0
0.0
0.0
0.0
0.0
0.0
0.0
0.0
0.0
0.0
0.0
0.003
0.009
0.022
0.044
0.076
0.117
0.163
0.211
0.259
0.304
0.343
0.374
0.395
0.405
0.403
0.388
0.361
0.326
0.289
0.254
0.225
0.203
0.185
0.17
0.156
0.143
0.13
0.119
0.109
0.101
0.094
0.09
0.087
0.086
0.084
0.08
0.073
0.063
0.052
0.04
0.029
0.02
0.012
0.007
0.003
0.0
0.0
0.0
0.0
0.0
0.0
0.0
0.0
0.0
0.0
0.0
0.0
0.0
0.0
0.0
0.0
0.0
0.0
0.0
0.0
0.0
0.0
0.0
0.0
0.0
0.0
0.0
0.0
0.0
0.0
0.0
0.0
0.0
0.0
0.0
0.0
0.0
0.0
0.0
0.0
0.0
0.0
0.0
0.0
0.0
0.0
0.0
0.0
0.0
0.0
0.0
0.004
0.012
0.024
0.042
0.067
0.097
0.13
0.164
0.197
0.231
0.269
0.312
0.362
0.414
0.462
0.501
0.526
0.54
0.546
0.549
0.55
0.551
0.553
0.556
0.56
0.564
0.564
0.56
0.55
0.534
0.513
0.487
0.457
0.424
0.388
0.35
0.311
0.271
0.23
0.187
0.144
0.103
0.067
0.038
0.019
0.007
0.002
0.0
0.0
0.0
0.0
0.0
0.0
0.0
0.0
0.0
0.0
0.0
0.0
0.0
0.0
0.0
0.0
0.0
0.0
0.0
0.0
0.0
0.0
0.0
0.0
0.0
0.0
0.0
0.0
0.0
0.0
0.0
0.0
0.0
0.0
0.0
0.0
0.0
0.0
0.0
0.0
0.0
0.0
0.0
0.0
0.0
0.0
0.0
0.0
0.0
0.0
0.003
0.005
0.009
0.015
0.022
0.031
0.042
0.056
0.071
0.085
0.098
0.108
0.116
0.123
0.129
0.135
0.142
0.151
0.162
0.177
0.195
0.214
0.236
0.257
0.278
0.296
0.309
0.315
0.316
0.312
0.304
0.293
0.278
0.26
0.237
0.21
0.179
0.148
0.118
0.092
0.068
0.049
0.032
0.02
0.01
0.004
0.0
0.0
0.0
0.0
0.0
0.0
0.0
0.0
0.0
0.0
0.0
0.0
0.0
0.0
0.0
0.0
0.0
0.0
0.0
0.0
0.0
0.0
0.0
0.0
0.0
0.0
0.0
0.0
0.0
0.0
0.0
0.0
0.0
0.0
0.0
0.0
0.0
0.0
0.0
0.0
0.0
0.0
0.0
0.0
0.0
0.0
0.0
0.0
0.0
0.005
0.014
0.027
0.045
0.069
0.097
0.129
0.165
0.204
0.246
0.287
0.329
0.368
0.404
0.435
0.459
0.475
0.484
0.486
0.481
0.472
0.46
0.445
0.429
0.414
0.4
0.386
0.373
0.361
0.348
0.334
0.318
0.299
0.279
0.256
0.23
0.202
0.173
0.144
0.115
0.088
0.064
0.043
0.026
0.014
0.007
0.002
0.0
0.0
0.0
0.0
0.0
0.0
0.0
0.0
0.0
0.0
0.0
0.0
0.0
0.0
0.0
0.0
0.0
0.0
0.0
0.0
0.0
0.0
0.0
0.0
0.0
0.0
0.0
0.0
0.0
0.0
0.0
0.0
0.0
0.0
0.0
0.0
0.0
0.0
0.0
0.0
0.0
0.0
0.0
0.0
0.0
0.0
0.0
0.0
0.0
0.005
0.012
0.021
0.032
0.043
0.056
0.073
0.093
0.117
0.144
0.172
0.2
0.225
0.247
0.263
0.274
0.278
0.28
0.284
0.296
0.318
0.346
0.375
0.398
0.41
0.415
0.417
0.419
0.425
0.431
0.435
0.431
0.417
0.394
0.364
0.331
0.295
0.258
0.22
0.182
0.144
0.107
0.074
0.047
0.027
0.013
0.005
0.0
0.0
0.0
0.0
0.0
0.0
0.0
0.0
0.0
0.0
0.0
0.0
0.0
0.0
0.0
0.0
0.0
0.0
0.0
0.0
0.0
0.0
0.0
0.0
0.0
0.0
0.0
0.0
0.0
0.0
0.0
0.0
0.0
0.0
0.0
0.0
0.0
0.0
0.0
0.0
0.0
0.0
0.0
0.0
0.0
0.0
0.0
0.0
0.0
0.003
0.009
0.017
0.03
0.046
0.065
0.085
0.103
0.119
0.134
0.15
0.17
0.196
0.227
0.262
0.301
0.342
0.383
0.42
0.449
0.469
0.481
0.487
0.492
0.498
0.502
0.504
0.501
0.493
0.479
0.461
0.44
0.417
0.391
0.361
0.328
0.291
0.252
0.212
0.173
0.137
0.104
0.075
0.051
0.031
0.017
0.006
0.0
0.0
0.0
0.0
0.0
0.0
0.0
0.0
0.0
0.0
0.0
0.0
0.0
0.0
0.0
0.0
0.0
0.0
0.0
0.0
0.0
0.0
0.0
0.0
0.0
0.0
0.0
0.0
0.0
0.0
0.0
0.0
0.0
0.0
0.0
0.0
0.0
0.0
0.0
0.0
0.0
0.0
0.0
0.0
0.0
0.0
0.0
0.0
0.0
0.013
0.031
0.057
0.091
0.131
0.176
0.223
0.271
0.317
0.361
0.402
0.44
0.476
0.509
0.539
0.567
0.591
0.611
0.624
0.629
0.626
0.616
0.604
0.594
0.589
0.584
0.576
0.56
0.532
0.497
0.46
0.427
0.402
0.381
0.36
0.334
0.299
0.258
0.215
0.174
0.137
0.106
0.08
0.057
0.037
0.021
0.008
0.0
0.0
0.0
0.0
0.0
0.0
0.0
0.0
0.0
0.0
0.0
0.0
0.0
0.0
0.0
0.0
0.0
0.0
0.0
0.0
0.0
0.0
0.0
0.0
0.0
0.0
0.0
0.0
0.0
0.0
0.0
0.0
0.0
0.0
0.0
0.0
0.0
0.0
0.0
0.0
0.0
0.0
0.0
0.0
0.0
0.0
0.0
0.0
0.0
0.011
0.026
0.048
0.074
0.106
0.142
0.18
0.218
0.255
0.29
0.324
0.356
0.386
0.414
0.441
0.466
0.49
0.514
0.538
0.562
0.587
0.61
0.629
0.641
0.645
0.641
0.631
0.618
0.602
0.584
0.564
0.541
0.515
0.485
0.452
0.416
0.377
0.335
0.291
0.244
0.196
0.149
0.106
0.069
0.041
0.021
0.007
0.0
0.0
0.0
0.0
0.0
0.0
0.0
0.0
0.0
0.0
0.0
0.0
0.0
0.0
0.0
0.0
0.0
0.0
0.0
0.0
0.0
0.0
0.0
0.0
0.0
0.0
0.0
0.0
0.0
0.0
0.0
0.0
0.0
0.0
0.0
0.0
0.0
0.0
0.0
0.0
0.0
0.0
0.0
0.0
0.0
0.0
0.0
0.0
0.002
0.014
0.034
0.06
0.093
0.131
0.173
0.216
0.258
0.296
0.331
0.361
0.385
0.405
0.418
0.425
0.424
0.417
0.405
0.392
0.38
0.371
0.366
0.363
0.36
0.357
0.354
0.35
0.346
0.341
0.335
0.325
0.311
0.291
0.267
0.239
0.21
0.181
0.152
0.124
0.098
0.074
0.052
0.034
0.02
0.011
0.005
0.0
0.0
0.0
0.0
0.0
0.0
0.0
0.0
0.0
0.0
0.0
0.0
0.0
0.0
0.0
0.0
0.0
0.0
0.0
0.0
0.0
0.0
0.0
0.0
0.0
0.0
0.0
0.0
0.0
0.0
0.0
0.0
0.0
0.0
0.0
0.0
0.0
0.0
0.0
0.0
0.0
0.0
0.0
0.0
0.0
0.0
0.0
0.0
0.0
0.002
0.013
0.032
0.06
0.097
0.143
0.196
0.252
0.306
0.356
0.401
0.444
0.483
0.521
0.557
0.59
0.62
0.647
0.669
0.689
0.704
0.716
0.724
0.728
0.728
0.725
0.718
0.707
0.692
0.674
0.652
0.626
0.597
0.564
0.529
0.491
0.45
0.408
0.364
0.318
0.27
0.219
0.169
0.123
0.083
0.051
0.027
0.01
0.0
0.0
0.0
0.0
0.0
0.0
0.0
0.0
0.0
0.0
0.0
0.0
0.0
0.0
0.0
0.0
0.0
0.0
0.0
0.0
0.0
0.0
0.0
0.0
0.0
0.0
0.0
0.0
0.0
0.0
0.0
0.0
0.0
0.0
0.0
0.0
0.0
0.0
0.0
0.0
0.0
0.0
0.0
0.0
0.0
0.0
0.0
0.0
0.003
0.017
0.038
0.066
0.101
0.141
0.184
0.225
0.26
0.287
0.308
0.325
0.341
0.358
0.376
0.396
0.416
0.437
0.458
0.479
0.499
0.518
0.533
0.543
0.544
0.537
0.523
0.508
0.497
0.493
0.493
0.491
0.484
0.467
0.441
0.409
0.372
0.333
0.292
0.25
0.208
0.167
0.127
0.091
0.061
0.037
0.019
0.007
0.0
0.0
0.0
0.0
0.0
0.0
0.0
0.0
0.0
0.0
0.0
0.0
0.0
0.0
0.0
0.0
0.0
0.0
0.0
0.0
0.0
0.0
0.0
0.0
0.0
0.0
0.0
0.0
0.0
0.0
0.0
0.0
0.0
0.0
0.0
0.0
0.0
0.0
0.0
0.0
0.0
0.0
0.0
0.0
0.0
0.0
0.0
0.0
0.002
0.012
0.026
0.045
0.066
0.09
0.114
0.136
0.154
0.168
0.176
0.179
0.179
0.177
0.173
0.169
0.167
0.169
0.173
0.179
0.188
0.198
0.21
0.222
0.235
0.248
0.261
0.272
0.28
0.285
0.288
0.289
0.289
0.29
0.289
0.284
0.274
0.257
0.234
0.206
0.176
0.145
0.114
0.085
0.059
0.038
0.021
0.008
0.0
0.0
0.0
0.0
0.0
0.0
0.0
0.0
0.0
0.0
0.0
0.0
0.0
0.0
0.0
0.0
0.0
0.0
0.0
0.0
0.0
0.0
0.0
0.0
0.0
0.0
0.0
0.0
0.0
0.0
0.0
0.0
0.0
0.0
0.0
0.0
0.0
0.0
0.0
0.0
0.0
0.0
0.0
0.0
0.0
0.0
0.0
0.0
0.003
0.012
0.025
0.042
0.062
0.085
0.111
0.139
0.17
0.203
0.238
0.273
0.308
0.342
0.374
0.403
0.428
0.449
0.467
0.483
0.497
0.51
0.523
0.536
0.549
0.561
0.57
0.575
0.574
0.566
0.551
0.529
0.503
0.473
0.439
0.402
0.361
0.317
0.271
0.225
0.182
0.141
0.105
0.073
0.048
0.028
0.014
0.006
0.0
0.0
0.0
0.0
0.0
0.0
0.0
0.0
0.0
0.0
0.0
0.0
0.0
0.0
0.0
0.0
0.0
0.0
0.0
0.0
0.0
0.0
0.0
0.0
0.0
0.0
0.0
0.0
0.0
0.0
0.0
0.0
0.0
0.0
0.0
0.0
0.0
0.0
0.0
0.0
0.0
0.0
0.0
0.0
0.0
0.0
0.0
0.0
0.003
0.012
0.025
0.043
0.063
0.086
0.108
0.127
0.139
0.143
0.142
0.137
0.134
0.133
0.134
0.137
0.14
0.142
0.147
0.159
0.18
0.215
0.259
0.309
0.361
0.411
0.453
0.483
0.494
0.485
0.459
0.424
0.387
0.353
0.322
0.291
0.259
0.225
0.189
0.155
0.123
0.095
0.071
0.052
0.035
0.022
0.012
0.005
0.0
0.0
0.0
0.0
0.0
0.0
0.0
0.0
0.0
0.0
0.0
0.0
0.0
0.0
0.0
0.0
0.0
0.0
0.0
0.0
0.0
0.0
0.0
0.0
0.0
0.0
0.0
0.0
0.0
0.0
0.0
0.0
0.0
0.0
0.0
0.0
0.0
0.0
0.0
0.0
0.0
0.0
0.0
0.0
0.0
0.0
0.0
0.0
0.005
0.02
0.044
0.073
0.108
0.148
0.191
0.237
0.286
0.335
0.385
0.433
0.479
0.52
0.557
0.591
0.621
0.648
0.672
0.691
0.705
0.713
0.716
0.715
0.712
0.708
0.702
0.695
0.685
0.673
0.656
0.635
0.609
0.576
0.539
0.499
0.458
0.416
0.373
0.329
0.283
0.234
0.185
0.138
0.096
0.061
0.034
0.014
0.0
0.0
0.0
0.0
0.0
0.0
0.0
0.0
0.0
0.0
0.0
0.0
0.0
0.0
0.0
0.0
0.0
0.0
0.0
0.0
0.0
0.0
0.0
0.0
0.0
0.0
0.0
0.0
0.0
0.0
0.0
0.0
0.0
0.0
0.0
0.0
0.0
0.0
0.0
0.0
0.0
0.0
0.0
0.0
0.0
0.0
0.0
0.0
0.005
0.019
0.04
0.066
0.095
0.128
0.165
0.206
0.251
0.301
0.354
0.408
0.459
0.507
0.55
0.588
0.622
0.651
0.675
0.693
0.705
0.711
0.71
0.705
0.697
0.685
0.671
0.656
0.639
0.621
0.599
0.568
0.526
0.471
0.406
0.34
0.277
0.224
0.18
0.143
0.112
0.086
0.063
0.045
0.03
0.018
0.01
0.004
0.0
0.0
0.0
0.0
0.0
0.0
0.0
0.0
0.0
0.0
0.0
0.0
0.0
0.0
0.0
0.0
0.0
0.0
0.0
0.0
0.0
0.0
0.0
0.0
0.0
0.0
0.0
0.0
0.0
0.0
0.0
0.0
0.0
0.0
0.0
0.0
0.0
0.0
0.0
0.0
0.0
0.0
0.002
0.002
0.0
0.0
0.0
0.0
0.006
0.025
0.053
0.087
0.126
0.168
0.213
0.259
0.306
0.355
0.403
0.449
0.493
0.534
0.571
0.605
0.635
0.661
0.684
0.703
0.718
0.729
0.736
0.74
0.74
0.737
0.73
0.718
0.703
0.685
0.662
0.636
0.608
0.577
0.543
0.507
0.468
0.427
0.383
0.338
0.291
0.243
0.195
0.15
0.108
0.071
0.041
0.018
0.003
0.0
0.0
0.0
0.0
0.0
0.002
0.0
0.0
0.0
0.0
0.0
0.0
0.0
0.0
0.0
0.0
0.0
0.0
0.0
0.0
0.0
0.0
0.0
0.0
0.0
0.0
0.0
0.0
0.0
0.0
0.0
0.0
0.0
0.0
0.0
0.0
0.0
0.0
0.0
0.0
0.0
0.002
0.0
0.0
0.0
0.0
0.0
0.009
0.031
0.061
0.098
0.141
0.186
0.233
0.281
0.328
0.374
0.418
0.459
0.499
0.535
0.567
0.594
0.617
0.633
0.644
0.65
0.653
0.652
0.648
0.64
0.63
0.615
0.598
0.58
0.561
0.543
0.522
0.497
0.465
0.423
0.376
0.328
0.284
0.248
0.218
0.191
0.165
0.138
0.111
0.085
0.061
0.04
0.023
0.01
0.002
0.0
0.0
0.0
0.0
0.0
0.0
0.0
0.0
0.0
0.0
0.0
0.0
0.0
0.0
0.0
0.0
0.0
0.0
0.0
0.0
0.0
0.0
0.0
0.0
0.0
0.0
0.0
0.0
0.0
0.0
0.0
0.0
0.0
0.0
0.0
0.0
0.0
0.0
0.0
0.0
0.0
0.0
0.0
0.0
0.0
0.0
0.0
0.008
0.023
0.046
0.076
0.112
0.153
0.197
0.24
0.279
0.311
0.337
0.361
0.382
0.404
0.426
0.447
0.465
0.481
0.492
0.497
0.495
0.485
0.467
0.441
0.407
0.368
0.327
0.287
0.252
0.226
0.206
0.192
0.179
0.168
0.157
0.149
0.145
0.144
0.144
0.141
0.131
0.112
0.086
0.06
0.036
0.02
0.009
0.003
0.0
0.0
0.0
0.0
0.0
0.0
0.0
0.0
0.0
0.0
0.0
0.0
0.0
0.0
0.0
0.0
0.0
0.0
0.0
0.0
0.0
0.0
0.0
0.0
0.0
0.0
0.0
0.0
0.0
0.0
0.0
0.0
0.0
0.0
0.0
0.0
0.0
0.0
0.0
0.0
0.0
0.0
0.0
0.0
0.0
0.0
0.0
0.0
0.004
0.01
0.018
0.03
0.043
0.059
0.082
0.115
0.164
0.232
0.31
0.39
0.461
0.518
0.561
0.596
0.625
0.652
0.676
0.697
0.711
0.718
0.719
0.714
0.703
0.687
0.668
0.646
0.624
0.602
0.576
0.544
0.5
0.443
0.379
0.313
0.254
0.206
0.169
0.139
0.113
0.089
0.067
0.048
0.032
0.019
0.011
0.005
0.0
0.0
0.0
0.0
0.0
0.0
0.0
0.0
0.0
0.0
0.0
0.0
0.0
0.0
0.0
0.0
0.0
0.0
0.0
0.0
0.0
0.0
0.0
0.0
0.0
0.0
0.0
0.0
0.0
0.0
0.0
0.0
0.0
0.0
0.0
0.0
0.0
0.0
0.0
0.0
0.0
0.0
0.0
0.0
0.0
0.0
0.0
0.0
0.005
0.014
0.026
0.042
0.059
0.077
0.096
0.117
0.139
0.164
0.192
0.224
0.263
0.308
0.356
0.404
0.448
0.485
0.513
0.534
0.546
0.549
0.546
0.539
0.531
0.523
0.514
0.503
0.488
0.467
0.441
0.411
0.377
0.341
0.304
0.268
0.235
0.208
0.183
0.158
0.132
0.102
0.071
0.043
0.021
0.008
0.002
0.0
0.0
0.0
0.0
0.0
0.0
0.0
0.0
0.0
0.0
0.0
0.0
0.0
0.0
0.0
0.0
0.0
0.0
0.0
0.0
0.0
0.0
0.0
0.0
0.0
0.0
0.0
0.0
0.0
0.0
0.0
0.0
0.0
0.0
0.0
0.0
0.0
0.0
0.0
0.0
0.0
0.0
0.0
0.0
0.0
0.0
0.0
0.0
0.0
0.002
0.007
0.013
0.02
0.028
0.035
0.042
0.05
0.059
0.069
0.079
0.089
0.099
0.107
0.114
0.12
0.124
0.125
0.127
0.131
0.138
0.151
0.168
0.185
0.202
0.217
0.229
0.24
0.252
0.265
0.278
0.29
0.301
0.31
0.315
0.316
0.311
0.3
0.283
0.26
0.231
0.196
0.159
0.122
0.087
0.057
0.033
0.015
0.004
0.0
0.0
0.0
0.0
0.0
0.0
0.0
0.0
0.0
0.0
0.0
0.0
0.0
0.0
0.0
0.0
0.0
0.0
0.0
0.0
0.0
0.0
0.0
0.0
0.0
0.0
0.0
0.0
0.0
0.0
0.0
0.0
0.0
0.0
0.0
0.0
0.0
0.0
0.0
0.0
0.0
0.0
0.0
0.0
0.0
0.0
0.0
0.0
0.004
0.007
0.012
0.016
0.021
0.026
0.031
0.036
0.039
0.044
0.049
0.057
0.068
0.081
0.096
0.112
0.128
0.144
0.159
0.171
0.182
0.194
0.213
0.244
0.289
0.34
0.387
0.419
0.429
0.422
0.406
0.388
0.374
0.363
0.352
0.337
0.315
0.287
0.254
0.217
0.178
0.138
0.1
0.068
0.042
0.024
0.011
0.004
0.0
0.0
0.0
0.0
0.0
0.0
0.0
0.0
0.0
0.0
0.0
0.0
0.0
0.0
0.0
0.0
0.0
0.0
0.0
0.0
0.0
0.0
0.0
0.0
0.0
0.0
0.0
0.0
0.0
0.0
0.0
0.0
0.0
0.0
0.0
0.0
0.0
0.0
0.0
0.0
0.0
0.0
0.0
0.0
0.0
0.0
0.002
0.007
0.016
0.029
0.046
0.068
0.095
0.123
0.151
0.177
0.198
0.215
0.229
0.242
0.254
0.267
0.281
0.297
0.315
0.333
0.347
0.354
0.353
0.345
0.333
0.319
0.305
0.292
0.281
0.272
0.264
0.259
0.256
0.255
0.257
0.259
0.259
0.256
0.247
0.233
0.213
0.189
0.161
0.131
0.101
0.073
0.049
0.03
0.015
0.005
0.0
0.0
0.0
0.0
0.0
0.0
0.0
0.0
0.0
0.0
0.0
0.0
0.0
0.0
0.0
0.0
0.0
0.0
0.0
0.0
0.0
0.0
0.0
0.0
0.0
0.0
0.0
0.0
0.0
0.0
0.0
0.0
0.0
0.0
0.0
0.0
0.0
0.0
0.0
0.0
0.0
0.0
0.0
0.0
0.0
0.0
0.006
0.017
0.035
0.061
0.095
0.136
0.186
0.239
0.294
0.346
0.392
0.433
0.471
0.507
0.543
0.578
0.611
0.64
0.665
0.686
0.705
0.722
0.738
0.75
0.753
0.743
0.719
0.685
0.647
0.611
0.582
0.557
0.535
0.512
0.485
0.45
0.405
0.345
0.271
0.192
0.118
0.06
0.028
0.015
0.014
0.017
0.016
0.012
0.007
0.003
0.0
0.0
0.0
0.0
0.0
0.0
0.0
0.0
0.0
0.0
0.0
0.0
0.0
0.0
0.0
0.0
0.0
0.0
0.0
0.0
0.0
0.0
0.0
0.0
0.0
0.0
0.0
0.0
0.0
0.0
0.0
0.0
0.0
0.0
0.0
0.0
0.0
0.0
0.0
0.0
0.0
0.0
0.0
0.0
0.0
0.0
0.0
0.01
0.03
0.058
0.092
0.131
0.17
0.207
0.237
0.255
0.259
0.257
0.256
0.266
0.293
0.331
0.37
0.402
0.421
0.428
0.429
0.43
0.435
0.443
0.45
0.454
0.452
0.445
0.432
0.413
0.39
0.362
0.331
0.298
0.263
0.229
0.195
0.163
0.134
0.108
0.085
0.066
0.051
0.04
0.03
0.023
0.016
0.01
0.005
0.002
0.0
0.0
0.0
0.0
0.0
0.0
0.0
0.0
0.0
0.0
0.0
0.0
0.0
0.0
0.0
0.0
0.0
0.0
0.0
0.0
0.0
0.0
0.0
0.0
0.0
0.0
0.0
0.0
0.0
0.0
0.0
0.0
0.0
0.0
0.0
0.0
0.0
0.0
0.0
0.0
0.0
0.0
0.0
0.0
0.0
0.0
0.0
0.003
0.008
0.013
0.02
0.026
0.033
0.042
0.056
0.079
0.111
0.15
0.191
0.23
0.262
0.289
0.311
0.329
0.346
0.36
0.373
0.385
0.396
0.407
0.417
0.424
0.43
0.435
0.438
0.44
0.441
0.441
0.437
0.429
0.414
0.393
0.365
0.33
0.29
0.247
0.204
0.165
0.132
0.105
0.083
0.063
0.045
0.029
0.016
0.007
0.0
0.0
0.0
0.0
0.0
0.0
0.0
0.0
0.0
0.0
0.0
0.0
0.0
0.0
0.0
0.0
0.0
0.0
0.0
0.0
0.0
0.0
0.0
0.0
0.0
0.0
0.0
0.0
0.0
0.0
0.0
0.0
0.0
0.0
0.0
0.0
0.0
0.0
0.0
0.0
0.0
0.0
0.0
0.0
0.0
0.004
0.009
0.018
0.031
0.047
0.065
0.083
0.102
0.12
0.139
0.157
0.176
0.194
0.21
0.224
0.234
0.242
0.247
0.253
0.26
0.268
0.277
0.287
0.299
0.309
0.316
0.316
0.308
0.296
0.283
0.274
0.273
0.276
0.28
0.282
0.278
0.268
0.253
0.234
0.21
0.183
0.156
0.131
0.108
0.088
0.07
0.054
0.039
0.025
0.013
0.005
0.0
0.0
0.0
0.0
0.0
0.0
0.0
0.0
0.0
0.0
0.0
0.0
0.0
0.0
0.0
0.0
0.0
0.0
0.0
0.0
0.0
0.0
0.0
0.0
0.0
0.0
0.0
0.0
0.0
0.0
0.0
0.0
0.0
0.0
0.0
0.0
0.0
0.0
0.0
0.0
0.0
0.0
0.0
0.0
0.0
0.0
0.002
0.006
0.011
0.019
0.029
0.041
0.055
0.069
0.083
0.096
0.106
0.117
0.13
0.149
0.174
0.203
0.231
0.254
0.268
0.276
0.28
0.283
0.289
0.297
0.304
0.311
0.315
0.316
0.315
0.311
0.304
0.294
0.281
0.267
0.25
0.231
0.21
0.189
0.167
0.145
0.123
0.104
0.087
0.072
0.059
0.046
0.033
0.021
0.011
0.004
0.0
0.0
0.0
0.0
0.0
0.0
0.0
0.0
0.0
0.0
0.0
0.0
0.0
0.0
0.0
0.0
0.0
0.0
0.0
0.0
0.0
0.0
0.0
0.0
0.0
0.0
0.0
0.0
0.0
0.0
0.0
0.0
0.0
0.0
0.0
0.0
0.0
0.0
0.0
0.0
0.0
0.0
0.0
0.0
0.0
0.0
0.006
0.016
0.032
0.053
0.077
0.104
0.131
0.161
0.196
0.24
0.294
0.354
0.415
0.475
0.529
0.576
0.619
0.657
0.691
0.721
0.747
0.768
0.785
0.796
0.802
0.804
0.8
0.793
0.781
0.766
0.749
0.728
0.704
0.677
0.646
0.611
0.574
0.534
0.492
0.448
0.403
0.354
0.304
0.253
0.202
0.154
0.11
0.071
0.04
0.017
0.004
0.0
0.0
0.0
0.0
0.0
0.0
0.0
0.0
0.0
0.0
0.0
0.0
0.0
0.0
0.0
0.0
0.0
0.0
0.0
0.0
0.0
0.0
0.0
0.0
0.0
0.0
0.0
0.0
0.0
0.0
0.0
0.0
0.0
0.0
0.0
0.0
0.0
0.0
0.0
0.0
0.0
0.0
0.0
0.0
0.0
0.006
0.014
0.027
0.043
0.061
0.078
0.094
0.109
0.124
0.141
0.161
0.184
0.211
0.241
0.273
0.306
0.335
0.358
0.372
0.378
0.376
0.369
0.357
0.341
0.325
0.308
0.294
0.283
0.276
0.277
0.285
0.295
0.301
0.299
0.283
0.259
0.232
0.21
0.197
0.191
0.187
0.181
0.17
0.153
0.132
0.108
0.082
0.056
0.033
0.016
0.005
0.0
0.0
0.0
0.0
0.0
0.0
0.0
0.0
0.0
0.0
0.0
0.0
0.0
0.0
0.0
0.0
0.0
0.0
0.0
0.0
0.0
0.0
0.0
0.0
0.0
0.0
0.0
0.0
0.0
0.0
0.0
0.0
0.0
0.0
0.0
0.0
0.0
0.0
0.0
0.0
0.0
0.0
0.0
0.0
0.004
0.014
0.032
0.062
0.101
0.146
0.195
0.245
0.294
0.343
0.391
0.437
0.48
0.522
0.563
0.602
0.638
0.67
0.696
0.716
0.729
0.735
0.734
0.728
0.718
0.706
0.696
0.689
0.683
0.674
0.66
0.637
0.606
0.567
0.52
0.465
0.407
0.348
0.294
0.245
0.203
0.168
0.138
0.113
0.091
0.073
0.056
0.041
0.027
0.015
0.007
0.002
0.0
0.0
0.0
0.0
0.0
0.0
0.0
0.0
0.0
0.0
0.0
0.0
0.0
0.0
0.0
0.0
0.0
0.0
0.0
0.0
0.0
0.0
0.0
0.0
0.0
0.0
0.0
0.0
0.0
0.0
0.0
0.0
0.0
0.0
0.0
0.0
0.0
0.0
0.0
0.0
0.0
0.0
0.0
0.0
0.003
0.007
0.014
0.024
0.038
0.053
0.069
0.086
0.103
0.12
0.136
0.151
0.166
0.179
0.191
0.201
0.209
0.216
0.223
0.229
0.234
0.239
0.244
0.248
0.251
0.254
0.256
0.257
0.258
0.257
0.256
0.254
0.25
0.244
0.237
0.228
0.218
0.206
0.192
0.178
0.162
0.147
0.132
0.117
0.102
0.087
0.071
0.055
0.039
0.025
0.013
0.006
0.002
0.0
0.0
0.0
0.0
0.0
0.0
0.0
0.0
0.0
0.0
0.0
0.0
0.0
0.0
0.0
0.0
0.0
0.0
0.0
0.0
0.0
0.0
0.0
0.0
0.0
0.0
0.0
0.0
0.0
0.0
0.0
0.0
0.0
0.0
0.0
0.0
0.0
0.0
0.0
0.0
0.0
0.0
0.002
0.008
0.02
0.04
0.07
0.108
0.152
0.197
0.241
0.285
0.329
0.373
0.417
0.462
0.506
0.549
0.589
0.628
0.662
0.693
0.72
0.742
0.761
0.776
0.788
0.797
0.802
0.803
0.801
0.795
0.784
0.77
0.751
0.729
0.702
0.67
0.635
0.596
0.556
0.516
0.478
0.44
0.401
0.359
0.313
0.264
0.214
0.166
0.12
0.08
0.046
0.021
0.007
0.0
0.0
0.0
0.0
0.0
0.0
0.0
0.0
0.0
0.0
0.0
0.0
0.0
0.0
0.0
0.0
0.0
0.0
0.0
0.0
0.0
0.0
0.0
0.0
0.0
0.0
0.0
0.0
0.0
0.0
0.0
0.0
0.0
0.0
0.0
0.0
0.0
0.0
0.0
0.0
0.0
0.0
0.0
0.0
0.004
0.009
0.016
0.027
0.04
0.054
0.069
0.083
0.097
0.11
0.123
0.136
0.15
0.167
0.189
0.217
0.253
0.298
0.353
0.419
0.49
0.559
0.622
0.671
0.707
0.732
0.747
0.753
0.751
0.74
0.722
0.697
0.664
0.627
0.585
0.54
0.494
0.446
0.399
0.353
0.309
0.268
0.229
0.195
0.163
0.134
0.105
0.078
0.052
0.031
0.014
0.005
0.0
0.0
0.0
0.0
0.0
0.0
0.0
0.0
0.0
0.0
0.0
0.0
0.0
0.0
0.0
0.0
0.0
0.0
0.0
0.0
0.0
0.0
0.0
0.0
0.0
0.0
0.0
0.0
0.0
0.0
0.0
0.0
0.0
0.0
0.0
0.0
0.0
0.0
0.0
0.0
0.0
0.0
0.0
0.003
0.008
0.013
0.02
0.027
0.039
0.058
0.09
0.135
0.186
0.237
0.276
0.299
0.307
0.306
0.301
0.295
0.29
0.286
0.286
0.289
0.293
0.298
0.301
0.301
0.301
0.301
0.305
0.312
0.321
0.328
0.33
0.324
0.315
0.305
0.301
0.305
0.314
0.321
0.322
0.312
0.294
0.269
0.24
0.209
0.178
0.146
0.116
0.087
0.06
0.038
0.021
0.01
0.004
0.0
0.0
0.0
0.0
0.0
0.0
0.0
0.0
0.0
0.0
0.0
0.0
0.0
0.0
0.0
0.0
0.0
0.0
0.0
0.0
0.0
0.0
0.0
0.0
0.0
0.0
0.0
0.0
0.0
0.0
0.0
0.0
0.0
0.0
0.0
0.0
0.0
0.0
0.0
0.0
0.0
0.0
0.002
0.005
0.01
0.017
0.026
0.037
0.053
0.073
0.098
0.128
0.159
0.191
0.223
0.253
0.284
0.316
0.348
0.376
0.396
0.404
0.396
0.376
0.349
0.319
0.292
0.274
0.269
0.283
0.318
0.364
0.406
0.431
0.429
0.406
0.372
0.338
0.309
0.287
0.265
0.243
0.215
0.184
0.153
0.122
0.095
0.071
0.051
0.035
0.022
0.013
0.006
0.002
0.0
0.0
0.0
0.0
0.0
0.0
0.0
0.0
0.0
0.0
0.0
0.0
0.0
0.0
0.0
0.0
0.0
0.0
0.0
0.0
0.0
0.0
0.0
0.0
0.0
0.0
0.0
0.0
0.0
0.0
0.0
0.0
0.0
0.0
0.0
0.0
0.0
0.0
0.0
0.0
0.0
0.0
0.0
0.0
0.0
0.002
0.003
0.006
0.009
0.013
0.019
0.027
0.037
0.048
0.059
0.069
0.078
0.095
0.13
0.194
0.291
0.402
0.5
0.558
0.558
0.515
0.45
0.385
0.337
0.306
0.284
0.266
0.247
0.232
0.228
0.241
0.275
0.323
0.374
0.418
0.446
0.455
0.445
0.416
0.366
0.304
0.238
0.176
0.125
0.086
0.057
0.036
0.022
0.012
0.007
0.004
0.002
0.0
0.0
0.0
0.0
0.0
0.0
0.0
0.0
0.0
0.0
0.0
0.0
0.0
0.0
0.0
0.0
0.0
0.0
0.0
0.0
0.0
0.0
0.0
0.0
0.0
0.0
0.0
0.0
0.0
0.0
0.0
0.0
0.0
0.0
0.0
0.0
0.0
0.0
0.0
0.0
0.0
0.0
0.0
0.002
0.005
0.011
0.019
0.029
0.041
0.054
0.067
0.078
0.09
0.104
0.124
0.15
0.183
0.221
0.263
0.308
0.357
0.411
0.47
0.533
0.59
0.632
0.646
0.625
0.577
0.512
0.443
0.378
0.32
0.269
0.224
0.186
0.154
0.13
0.112
0.1
0.093
0.089
0.085
0.08
0.073
0.067
0.061
0.056
0.052
0.047
0.041
0.032
0.023
0.015
0.007
0.003
0.0
0.0
0.0
0.0
0.0
0.0
0.0
0.0
0.0
0.0
0.0
0.0
0.0
0.0
0.0
0.0
0.0
0.0
0.0
0.0
0.0
0.0
0.0
0.0
0.0
0.0
0.0
0.0
0.0
0.0
0.0
0.0
0.0
0.0
0.0
0.0
0.0
0.0
0.0
0.0
0.0
0.0
0.0
0.003
0.01
0.022
0.042
0.069
0.104
0.144
0.19
0.238
0.288
0.338
0.385
0.429
0.471
0.513
0.557
0.605
0.653
0.699
0.738
0.768
0.791
0.808
0.821
0.831
0.839
0.844
0.845
0.843
0.837
0.828
0.814
0.796
0.773
0.745
0.712
0.673
0.63
0.583
0.535
0.486
0.437
0.39
0.343
0.299
0.256
0.214
0.172
0.131
0.092
0.057
0.031
0.014
0.005
0.0
0.0
0.0
0.0
0.0
0.0
0.0
0.0
0.0
0.0
0.0
0.0
0.0
0.0
0.0
0.0
0.0
0.0
0.0
0.0
0.0
0.0
0.0
0.0
0.0
0.0
0.0
0.0
0.0
0.0
0.0
0.0
0.0
0.0
0.0
0.0
0.0
0.0
0.0
0.0
0.0
0.0
0.0
0.003
0.007
0.016
0.03
0.052
0.083
0.126
0.181
0.245
0.31
0.371
0.423
0.467
0.505
0.541
0.577
0.612
0.645
0.674
0.7
0.721
0.74
0.757
0.773
0.786
0.795
0.8
0.798
0.792
0.781
0.768
0.752
0.734
0.713
0.688
0.658
0.625
0.59
0.552
0.512
0.471
0.429
0.385
0.341
0.295
0.249
0.202
0.155
0.111
0.072
0.041
0.02
0.008
0.002
0.0
0.0
0.0
0.0
0.0
0.0
0.0
0.0
0.0
0.0
0.0
0.0
0.0
0.0
0.0
0.0
0.0
0.0
0.0
0.0
0.0
0.0
0.0
0.0
0.0
0.0
0.0
0.0
0.0
0.0
0.0
0.0
0.0
0.0
0.0
0.0
0.0
0.0
0.0
0.0
0.0
0.008
0.019
0.034
0.052
0.071
0.091
0.112
0.133
0.152
0.171
0.191
0.211
0.232
0.255
0.283
0.317
0.357
0.4
0.443
0.482
0.513
0.536
0.55
0.554
0.549
0.536
0.518
0.499
0.481
0.466
0.457
0.454
0.458
0.466
0.47
0.465
0.448
0.419
0.384
0.345
0.306
0.269
0.233
0.2
0.17
0.143
0.118
0.095
0.072
0.051
0.033
0.019
0.01
0.004
0.0
0.0
0.0
0.0
0.0
0.0
0.0
0.0
0.0
0.0
0.0
0.0
0.0
0.0
0.0
0.0
0.0
0.0
0.0
0.0
0.0
0.0
0.0
0.0
0.0
0.0
0.0
0.0
0.0
0.0
0.0
0.0
0.0
0.0
0.0
0.0
0.0
0.0
0.0
0.0
0.0
0.0
0.0
0.0
0.002
0.006
0.012
0.019
0.028
0.036
0.043
0.05
0.057
0.064
0.072
0.082
0.093
0.106
0.121
0.138
0.156
0.175
0.193
0.211
0.228
0.244
0.257
0.268
0.276
0.281
0.283
0.283
0.282
0.282
0.282
0.283
0.282
0.279
0.273
0.264
0.252
0.238
0.222
0.204
0.186
0.167
0.149
0.13
0.111
0.091
0.071
0.052
0.035
0.021
0.011
0.005
0.002
0.0
0.0
0.0
0.0
0.0
0.0
0.0
0.0
0.0
0.0
0.0
0.0
0.0
0.0
0.0
0.0
0.0
0.0
0.0
0.0
0.0
0.0
0.0
0.0
0.0
0.0
0.0
0.0
0.0
0.0
0.0
0.0
0.0
0.0
0.0
0.0
0.0
0.0
0.0
0.0
0.0
0.003
0.008
0.014
0.021
0.029
0.039
0.051
0.068
0.088
0.11
0.134
0.158
0.18
0.201
0.224
0.25
0.279
0.312
0.343
0.373
0.397
0.415
0.428
0.436
0.438
0.437
0.435
0.437
0.443
0.452
0.461
0.467
0.468
0.465
0.459
0.45
0.44
0.427
0.411
0.39
0.364
0.334
0.301
0.267
0.233
0.2
0.168
0.137
0.108
0.08
0.056
0.035
0.021
0.01
0.004
0.0
0.0
0.0
0.0
0.0
0.0
0.0
0.0
0.0
0.0
0.0
0.0
0.0
0.0
0.0
0.0
0.0
0.0
0.0
0.0
0.0
0.0
0.0
0.0
0.0
0.0
0.0
0.0
0.0
0.0
0.0
0.0
0.0
0.0
0.0
0.0
0.0
0.0
0.0
0.0
0.0
0.004
0.009
0.017
0.027
0.04
0.056
0.075
0.099
0.128
0.159
0.192
0.224
0.253
0.28
0.305
0.329
0.352
0.371
0.385
0.389
0.383
0.37
0.353
0.336
0.321
0.312
0.308
0.311
0.32
0.333
0.344
0.35
0.347
0.335
0.315
0.29
0.259
0.226
0.192
0.161
0.132
0.108
0.088
0.072
0.059
0.049
0.041
0.033
0.026
0.02
0.014
0.009
0.005
0.002
0.0
0.0
0.0
0.0
0.0
0.0
0.0
0.0
0.0
0.0
0.0
0.0
0.0
0.0
0.0
0.0
0.0
0.0
0.0
0.0
0.0
0.0
0.0
0.0
0.0
0.0
0.0
0.0
0.0
0.0
0.0
0.0
0.0
0.0
0.0
0.0
0.0
0.0
0.0
0.0
0.0
0.0
0.004
0.009
0.016
0.026
0.037
0.053
0.075
0.107
0.148
0.196
0.246
0.294
0.334
0.369
0.4
0.429
0.455
0.477
0.49
0.489
0.474
0.452
0.436
0.435
0.457
0.493
0.529
0.554
0.557
0.546
0.533
0.528
0.539
0.561
0.581
0.591
0.583
0.559
0.524
0.485
0.444
0.404
0.363
0.323
0.282
0.242
0.202
0.163
0.127
0.093
0.064
0.04
0.022
0.011
0.004
0.0
0.0
0.0
0.0
0.0
0.0
0.0
0.0
0.0
0.0
0.0
0.0
0.0
0.0
0.0
0.0
0.0
0.0
0.0
0.0
0.0
0.0
0.0
0.0
0.0
0.0
0.0
0.0
0.0
0.0
0.0
0.0
0.0
0.0
0.0
0.0
0.0
0.0
0.0
0.0
0.0
0.003
0.008
0.018
0.034
0.057
0.086
0.117
0.147
0.174
0.196
0.211
0.215
0.209
0.196
0.182
0.173
0.175
0.192
0.23
0.296
0.39
0.499
0.605
0.69
0.739
0.754
0.739
0.696
0.633
0.556
0.477
0.405
0.347
0.303
0.271
0.249
0.235
0.228
0.226
0.23
0.237
0.245
0.252
0.254
0.249
0.237
0.217
0.189
0.154
0.115
0.077
0.045
0.023
0.01
0.003
0.0
0.0
0.0
0.0
0.0
0.0
0.0
0.0
0.0
0.0
0.0
0.0
0.0
0.0
0.0
0.0
0.0
0.0
0.0
0.0
0.0
0.0
0.0
0.0
0.0
0.0
0.0
0.0
0.0
0.0
0.0
0.0
0.0
0.0
0.0
0.0
0.0
0.0
0.0
0.0
0.0
0.004
0.009
0.015
0.023
0.032
0.042
0.054
0.068
0.085
0.107
0.135
0.174
0.223
0.279
0.337
0.393
0.443
0.488
0.528
0.566
0.601
0.634
0.662
0.684
0.7
0.71
0.718
0.726
0.736
0.746
0.755
0.763
0.767
0.765
0.757
0.741
0.716
0.683
0.646
0.606
0.564
0.521
0.473
0.42
0.36
0.297
0.235
0.179
0.131
0.093
0.063
0.04
0.023
0.011
0.004
0.0
0.0
0.0
0.0
0.0
0.0
0.0
0.0
0.0
0.0
0.0
0.0
0.0
0.0
0.0
0.0
0.0
0.0
0.0
0.0
0.0
0.0
0.0
0.0
0.0
0.0
0.0
0.0
0.0
0.0
0.0
0.0
0.0
0.0
0.0
0.0
0.0
0.0
0.0
0.0
0.002
0.01
0.022
0.037
0.054
0.072
0.093
0.115
0.139
0.166
0.197
0.231
0.27
0.314
0.361
0.409
0.456
0.501
0.543
0.58
0.61
0.634
0.651
0.66
0.662
0.656
0.645
0.631
0.615
0.6
0.586
0.57
0.553
0.534
0.513
0.491
0.466
0.441
0.415
0.39
0.365
0.343
0.322
0.302
0.285
0.268
0.251
0.231
0.205
0.172
0.135
0.098
0.064
0.039
0.02
0.007
0.0
0.0
0.0
0.0
0.0
0.0
0.0
0.0
0.0
0.0
0.0
0.0
0.0
0.0
0.0
0.0
0.0
0.0
0.0
0.0
0.0
0.0
0.0
0.0
0.0
0.0
0.0
0.0
0.0
0.0
0.0
0.0
0.0
0.0
0.0
0.0
0.0
0.0
0.0
0.0
0.0
0.013
0.028
0.043
0.057
0.066
0.073
0.081
0.094
0.114
0.138
0.162
0.183
0.198
0.215
0.24
0.281
0.344
0.419
0.495
0.561
0.608
0.637
0.653
0.659
0.659
0.652
0.638
0.615
0.583
0.549
0.518
0.498
0.494
0.501
0.511
0.518
0.515
0.504
0.486
0.463
0.437
0.409
0.379
0.348
0.316
0.283
0.248
0.211
0.171
0.132
0.094
0.062
0.037
0.019
0.007
0.0
0.0
0.0
0.0
0.0
0.0
0.0
0.0
0.0
0.0
0.0
0.0
0.0
0.0
0.0
0.0
0.0
0.0
0.0
0.0
0.0
0.0
0.0
0.0
0.0
0.0
0.0
0.0
0.0
0.0
0.0
0.0
0.0
0.0
0.0
0.0
0.0
0.0
0.0
0.0
0.002
0.008
0.018
0.03
0.045
0.062
0.08
0.102
0.128
0.157
0.188
0.219
0.247
0.27
0.288
0.298
0.3
0.295
0.29
0.294
0.315
0.36
0.413
0.456
0.473
0.45
0.4
0.344
0.299
0.281
0.282
0.292
0.3
0.297
0.283
0.262
0.238
0.214
0.192
0.173
0.161
0.156
0.156
0.158
0.16
0.159
0.153
0.143
0.127
0.105
0.081
0.056
0.035
0.019
0.009
0.003
0.0
0.0
0.0
0.0
0.0
0.0
0.0
0.0
0.0
0.0
0.0
0.0
0.0
0.0
0.0
0.0
0.0
0.0
0.0
0.0
0.0
0.0
0.0
0.0
0.0
0.0
0.0
0.0
0.0
0.0
0.0
0.0
0.0
0.0
0.0
0.0
0.0
0.0
0.0
0.0
0.0
0.002
0.006
0.012
0.021
0.035
0.053
0.073
0.094
0.116
0.138
0.16
0.182
0.202
0.225
0.25
0.281
0.319
0.362
0.411
0.462
0.514
0.564
0.608
0.642
0.664
0.678
0.686
0.694
0.704
0.715
0.726
0.733
0.734
0.729
0.717
0.697
0.671
0.638
0.601
0.563
0.524
0.486
0.446
0.405
0.362
0.317
0.272
0.226
0.18
0.137
0.098
0.065
0.039
0.02
0.008
0.0
0.0
0.0
0.0
0.0
0.0
0.0
0.0
0.0
0.0
0.0
0.0
0.0
0.0
0.0
0.0
0.0
0.0
0.0
0.0
0.0
0.0
0.0
0.0
0.0
0.0
0.0
0.0
0.0
0.0
0.0
0.0
0.0
0.0
0.0
0.0
0.0
0.0
0.0
0.0
0.0
0.006
0.013
0.02
0.026
0.032
0.036
0.041
0.046
0.054
0.062
0.072
0.082
0.093
0.108
0.131
0.165
0.214
0.27
0.327
0.375
0.411
0.434
0.45
0.462
0.473
0.488
0.51
0.542
0.585
0.633
0.676
0.704
0.709
0.693
0.656
0.6
0.529
0.45
0.372
0.303
0.251
0.214
0.185
0.162
0.14
0.118
0.098
0.079
0.062
0.046
0.033
0.022
0.013
0.007
0.003
0.0
0.0
0.0
0.0
0.0
0.0
0.0
0.0
0.0
0.0
0.0
0.0
0.0
0.0
0.0
0.0
0.0
0.0
0.0
0.0
0.0
0.0
0.0
0.0
0.0
0.0
0.0
0.0
0.0
0.0
0.0
0.0
0.0
0.0
0.0
0.0
0.0
0.0
0.0
0.0
0.0
0.004
0.011
0.022
0.039
0.062
0.088
0.116
0.143
0.165
0.185
0.206
0.229
0.256
0.285
0.313
0.339
0.359
0.373
0.382
0.386
0.384
0.378
0.372
0.366
0.362
0.36
0.36
0.359
0.358
0.362
0.376
0.404
0.451
0.508
0.564
0.609
0.636
0.643
0.636
0.615
0.584
0.546
0.502
0.456
0.41
0.363
0.315
0.268
0.219
0.172
0.129
0.09
0.057
0.032
0.013
0.0
0.0
0.0
0.0
0.0
0.0
0.0
0.0
0.0
0.0
0.0
0.0
0.0
0.0
0.0
0.0
0.0
0.0
0.0
0.0
0.0
0.0
0.0
0.0
0.0
0.0
0.0
0.0
0.0
0.0
0.0
0.0
0.0
0.0
0.0
0.0
0.0
0.0
0.0
0.0
0.003
0.011
0.022
0.034
0.044
0.051
0.058
0.066
0.078
0.095
0.116
0.136
0.152
0.162
0.172
0.19
0.223
0.277
0.344
0.417
0.486
0.544
0.593
0.636
0.677
0.716
0.755
0.79
0.82
0.843
0.858
0.864
0.862
0.85
0.831
0.805
0.775
0.743
0.708
0.671
0.633
0.593
0.552
0.508
0.462
0.414
0.363
0.312
0.261
0.21
0.163
0.119
0.081
0.051
0.028
0.012
0.002
0.0
0.0
0.0
0.0
0.0
0.0
0.0
0.0
0.0
0.0
0.0
0.0
0.0
0.0
0.0
0.0
0.0
0.0
0.0
0.0
0.0
0.0
0.0
0.0
0.0
0.0
0.0
0.0
0.0
0.0
0.0
0.0
0.0
0.0
0.0
0.0
0.0
0.0
0.0
0.003
0.015
0.03
0.048
0.067
0.086
0.108
0.137
0.175
0.226
0.284
0.34
0.389
0.424
0.45
0.473
0.5
0.536
0.579
0.629
0.683
0.739
0.79
0.832
0.857
0.862
0.851
0.833
0.815
0.801
0.79
0.776
0.755
0.723
0.682
0.632
0.577
0.518
0.461
0.408
0.366
0.336
0.315
0.299
0.283
0.263
0.239
0.212
0.185
0.158
0.132
0.106
0.081
0.056
0.033
0.015
0.002
0.0
0.0
0.0
0.0
0.0
0.0
0.0
0.0
0.0
0.0
0.0
0.0
0.0
0.0
0.0
0.0
0.0
0.0
0.0
0.0
0.0
0.0
0.0
0.0
0.0
0.0
0.0
0.0
0.0
0.0
0.0
0.0
0.0
0.0
0.0
0.0
0.0
0.0
0.0
0.007
0.026
0.052
0.086
0.125
0.169
0.216
0.265
0.314
0.363
0.412
0.46
0.506
0.552
0.596
0.637
0.677
0.713
0.747
0.777
0.805
0.829
0.851
0.869
0.884
0.895
0.903
0.907
0.907
0.904
0.897
0.886
0.873
0.856
0.835
0.812
0.786
0.756
0.724
0.688
0.651
0.611
0.57
0.526
0.48
0.432
0.383
0.333
0.282
0.23
0.181
0.135
0.094
0.06
0.033
0.014
0.002
0.0
0.0
0.0
0.0
0.0
0.0
0.0
0.0
0.0
0.0
0.0
0.0
0.0
0.0
0.0
0.0
0.0
0.0
0.0
0.0
0.0
0.0
0.0
0.0
0.0
0.0
0.0
0.0
0.0
0.0
0.0
0.0
0.0
0.0
0.0
0.0
0.0
0.0
0.0
0.002
0.008
0.017
0.033
0.055
0.086
0.124
0.169
0.219
0.273
0.33
0.388
0.446
0.502
0.554
0.602
0.644
0.68
0.712
0.743
0.777
0.814
0.846
0.86
0.847
0.798
0.725
0.645
0.573
0.522
0.491
0.476
0.472
0.475
0.48
0.485
0.486
0.481
0.473
0.463
0.457
0.455
0.454
0.45
0.436
0.41
0.373
0.328
0.28
0.231
0.183
0.139
0.098
0.064
0.037
0.016
0.003
0.0
0.0
0.0
0.0
0.0
0.0
0.0
0.0
0.0
0.0
0.0
0.0
0.0
0.0
0.0
0.0
0.0
0.0
0.0
0.0
0.0
0.0
0.0
0.0
0.0
0.0
0.0
0.0
0.0
0.0
0.0
0.0
0.0
0.0
0.0
0.0
0.0
0.0
0.0
0.005
0.013
0.026
0.044
0.068
0.098
0.131
0.165
0.196
0.221
0.24
0.252
0.257
0.255
0.251
0.248
0.254
0.271
0.297
0.328
0.361
0.392
0.42
0.44
0.451
0.452
0.444
0.434
0.423
0.415
0.41
0.406
0.401
0.393
0.381
0.361
0.331
0.29
0.243
0.197
0.16
0.137
0.125
0.122
0.126
0.132
0.137
0.137
0.13
0.112
0.087
0.061
0.038
0.021
0.01
0.005
0.002
0.0
0.0
0.0
0.0
0.0
0.0
0.0
0.0
0.0
0.0
0.0
0.0
0.0
0.0
0.0
0.0
0.0
0.0
0.0
0.0
0.0
0.0
0.0
0.0
0.0
0.0
0.0
0.0
0.0
0.0
0.0
0.0
0.0
0.0
0.0
0.0
0.0
0.0
0.0
0.003
0.008
0.015
0.023
0.033
0.043
0.054
0.065
0.077
0.09
0.103
0.116
0.13
0.144
0.158
0.172
0.186
0.199
0.21
0.221
0.229
0.234
0.238
0.243
0.25
0.259
0.273
0.29
0.311
0.335
0.357
0.368
0.363
0.336
0.294
0.248
0.208
0.18
0.163
0.153
0.144
0.133
0.121
0.11
0.1
0.092
0.087
0.082
0.075
0.065
0.054
0.042
0.03
0.02
0.012
0.006
0.0
0.0
0.0
0.0
0.0
0.0
0.0
0.0
0.0
0.0
0.0
0.0
0.0
0.0
0.0
0.0
0.0
0.0
0.0
0.0
0.0
0.0
0.0
0.0
0.0
0.0
0.0
0.0
0.0
0.0
0.0
0.0
0.0
0.0
0.0
0.0
0.0
0.0
0.0
0.0
0.011
0.031
0.059
0.092
0.13
0.169
0.211
0.255
0.303
0.353
0.405
0.457
0.507
0.554
0.598
0.639
0.679
0.717
0.753
0.785
0.812
0.833
0.85
0.863
0.876
0.888
0.9
0.909
0.913
0.912
0.905
0.894
0.88
0.864
0.844
0.821
0.793
0.76
0.723
0.681
0.636
0.589
0.54
0.49
0.442
0.396
0.351
0.307
0.262
0.217
0.172
0.129
0.091
0.06
0.035
0.016
0.004
0.0
0.0
0.0
0.0
0.0
0.0
0.0
0.0
0.0
0.0
0.0
0.0
0.0
0.0
0.0
0.0
0.0
0.0
0.0
0.0
0.0
0.0
0.0
0.0
0.0
0.0
0.0
0.0
0.0
0.0
0.0
0.0
0.0
0.0
0.0
0.0
0.0
0.0
0.0
0.004
0.01
0.019
0.033
0.05
0.072
0.1
0.134
0.176
0.226
0.281
0.337
0.389
0.434
0.472
0.502
0.524
0.539
0.548
0.552
0.553
0.554
0.558
0.567
0.585
0.614
0.651
0.692
0.732
0.768
0.795
0.807
0.802
0.776
0.737
0.692
0.652
0.623
0.601
0.58
0.553
0.516
0.469
0.418
0.366
0.316
0.269
0.225
0.186
0.152
0.121
0.095
0.071
0.049
0.03
0.015
0.004
0.0
0.0
0.0
0.0
0.0
0.0
0.0
0.0
0.0
0.0
0.0
0.0
0.0
0.0
0.0
0.0
0.0
0.0
0.0
0.0
0.0
0.0
0.0
0.0
0.0
0.0
0.0
0.0
0.0
0.0
0.0
0.0
0.0
0.0
0.0
0.0
0.0
0.0
0.003
0.011
0.025
0.045
0.073
0.107
0.148
0.193
0.239
0.282
0.32
0.349
0.367
0.371
0.36
0.338
0.308
0.278
0.25
0.226
0.209
0.199
0.197
0.201
0.208
0.215
0.22
0.224
0.226
0.228
0.23
0.233
0.235
0.237
0.238
0.241
0.248
0.26
0.279
0.301
0.322
0.335
0.339
0.334
0.322
0.307
0.291
0.272
0.251
0.226
0.197
0.165
0.132
0.099
0.068
0.041
0.02
0.005
0.0
0.0
0.0
0.0
0.0
0.0
0.0
0.0
0.0
0.0
0.0
0.0
0.0
0.0
0.0
0.0
0.0
0.0
0.0
0.0
0.0
0.0
0.0
0.0
0.0
0.0
0.0
0.0
0.0
0.0
0.0
0.0
0.0
0.0
0.0
0.0
0.0
0.0
0.002
0.014
0.035
0.064
0.1
0.141
0.185
0.23
0.277
0.324
0.371
0.416
0.462
0.507
0.551
0.594
0.636
0.675
0.712
0.745
0.775
0.802
0.826
0.847
0.864
0.879
0.89
0.897
0.901
0.901
0.898
0.892
0.881
0.868
0.85
0.83
0.806
0.78
0.75
0.719
0.685
0.649
0.612
0.572
0.53
0.487
0.442
0.396
0.348
0.3
0.252
0.205
0.16
0.118
0.081
0.049
0.024
0.007
0.0
0.0
0.0
0.0
0.0
0.0
0.0
0.0
0.0
0.0
0.0
0.0
0.0
0.0
0.0
0.0
0.0
0.0
0.0
0.0
0.0
0.0
0.0
0.0
0.0
0.0
0.0
0.0
0.0
0.0
0.0
0.0
0.0
0.0
0.0
0.0
0.0
0.0
0.0
0.013
0.034
0.065
0.103
0.145
0.19
0.237
0.285
0.333
0.38
0.426
0.47
0.512
0.552
0.589
0.626
0.66
0.693
0.721
0.74
0.745
0.734
0.712
0.686
0.661
0.645
0.635
0.632
0.633
0.638
0.648
0.661
0.679
0.7
0.722
0.737
0.743
0.734
0.713
0.683
0.647
0.609
0.569
0.527
0.483
0.439
0.393
0.346
0.299
0.252
0.206
0.161
0.12
0.083
0.05
0.025
0.008
0.0
0.0
0.0
0.0
0.0
0.0
0.0
0.0
0.0
0.0
0.0
0.0
0.0
0.0
0.0
0.0
0.0
0.0
0.0
0.0
0.0
0.0
0.0
0.0
0.0
0.0
0.0
0.0
0.0
0.0
0.0
0.0
0.0
0.0
0.0
0.0
0.0
0.0
0.005
0.018
0.041
0.072
0.109
0.148
0.189
0.23
0.271
0.312
0.352
0.392
0.429
0.464
0.497
0.527
0.558
0.59
0.625
0.661
0.697
0.732
0.764
0.793
0.82
0.844
0.865
0.882
0.895
0.902
0.901
0.894
0.882
0.865
0.845
0.821
0.793
0.762
0.726
0.686
0.641
0.592
0.537
0.48
0.427
0.38
0.342
0.311
0.283
0.252
0.217
0.178
0.138
0.101
0.069
0.042
0.021
0.007
0.0
0.0
0.0
0.0
0.0
0.0
0.0
0.0
0.0
0.0
0.0
0.0
0.0
0.0
0.0
0.0
0.0
0.0
0.0
0.0
0.0
0.0
0.0
0.0
0.0
0.0
0.0
0.0
0.0
0.0
0.0
0.0
0.0
0.0
0.0
0.0
0.0
0.0
0.004
0.015
0.033
0.057
0.085
0.114
0.143
0.172
0.201
0.232
0.265
0.301
0.338
0.376
0.416
0.456
0.497
0.538
0.58
0.62
0.657
0.69
0.716
0.735
0.75
0.761
0.767
0.77
0.769
0.765
0.757
0.743
0.722
0.691
0.65
0.603
0.554
0.509
0.471
0.44
0.413
0.39
0.368
0.346
0.322
0.294
0.26
0.225
0.189
0.157
0.13
0.107
0.087
0.068
0.049
0.031
0.016
0.005
0.0
0.0
0.0
0.0
0.0
0.0
0.0
0.0
0.0
0.0
0.0
0.0
0.0
0.0
0.0
0.0
0.0
0.0
0.0
0.0
0.0
0.0
0.0
0.0
0.0
0.0
0.0
0.0
0.0
0.0
0.0
0.0
0.0
0.0
0.0
0.0
0.0
0.0
0.003
0.006
0.01
0.015
0.02
0.024
0.028
0.03
0.034
0.039
0.048
0.059
0.074
0.094
0.118
0.143
0.168
0.19
0.207
0.22
0.232
0.245
0.262
0.28
0.297
0.31
0.318
0.329
0.352
0.397
0.47
0.558
0.648
0.724
0.775
0.802
0.809
0.802
0.783
0.757
0.724
0.687
0.647
0.606
0.563
0.518
0.472
0.425
0.377
0.328
0.28
0.231
0.184
0.14
0.099
0.062
0.033
0.012
0.0
0.0
0.0
0.0
0.0
0.0
0.0
0.0
0.0
0.0
0.0
0.0
0.0
0.0
0.0
0.0
0.0
0.0
0.0
0.0
0.0
0.0
0.0
0.0
0.0
0.0
0.0
0.0
0.0
0.0
0.0
0.0
0.0
0.0
0.0
0.0
0.0
0.0
0.009
0.025
0.052
0.089
0.131
0.178
0.226
0.275
0.324
0.373
0.422
0.47
0.517
0.563
0.608
0.65
0.691
0.729
0.765
0.798
0.829
0.856
0.88
0.901
0.919
0.934
0.945
0.952
0.957
0.957
0.954
0.947
0.937
0.923
0.906
0.885
0.862
0.835
0.805
0.772
0.737
0.699
0.659
0.617
0.573
0.528
0.481
0.433
0.385
0.336
0.286
0.238
0.19
0.145
0.103
0.065
0.035
0.013
0.0
0.0
0.0
0.0
0.0
0.0
0.0
0.0
0.0
0.0
0.0
0.0
0.0
0.0
0.0
0.0
0.0
0.0
0.0
0.0
0.0
0.0
0.0
0.0
0.0
0.0
0.0
0.0
0.0
0.0
0.0
0.0
0.0
0.0
0.0
0.0
0.0
0.0
0.007
0.018
0.036
0.061
0.095
0.137
0.186
0.24
0.298
0.356
0.412
0.466
0.517
0.564
0.607
0.647
0.684
0.719
0.753
0.783
0.81
0.831
0.844
0.852
0.855
0.854
0.85
0.846
0.841
0.836
0.832
0.825
0.815
0.796
0.768
0.734
0.696
0.658
0.625
0.594
0.565
0.536
0.508
0.476
0.438
0.393
0.338
0.278
0.22
0.169
0.129
0.099
0.076
0.057
0.041
0.026
0.014
0.006
0.0
0.0
0.0
0.0
0.0
0.0
0.0
0.0
0.0
0.0
0.0
0.0
0.0
0.0
0.0
0.0
0.0
0.0
0.0
0.0
0.0
0.0
0.0
0.0
0.0
0.0
0.0
0.0
0.0
0.0
0.0
0.0
0.0
0.0
0.0
0.0
0.0
0.002
0.01
0.026
0.052
0.087
0.129
0.174
0.22
0.268
0.315
0.363
0.411
0.458
0.503
0.548
0.591
0.632
0.671
0.708
0.743
0.775
0.805
0.831
0.854
0.875
0.892
0.906
0.916
0.924
0.928
0.928
0.925
0.918
0.908
0.895
0.878
0.858
0.835
0.809
0.78
0.748
0.713
0.676
0.637
0.596
0.554
0.509
0.463
0.416
0.368
0.321
0.273
0.227
0.183
0.14
0.1
0.064
0.035
0.014
0.002
0.0
0.0
0.0
0.0
0.0
0.0
0.0
0.0
0.0
0.0
0.0
0.0
0.0
0.0
0.0
0.0
0.0
0.0
0.0
0.0
0.0
0.0
0.0
0.0
0.0
0.0
0.0
0.0
0.0
0.0
0.0
0.0
0.0
0.0
0.0
0.0
0.004
0.01
0.019
0.033
0.05
0.07
0.091
0.113
0.136
0.16
0.186
0.215
0.246
0.28
0.318
0.359
0.402
0.446
0.49
0.531
0.57
0.605
0.638
0.667
0.692
0.715
0.736
0.754
0.77
0.782
0.791
0.796
0.795
0.788
0.773
0.75
0.721
0.689
0.655
0.623
0.594
0.568
0.547
0.53
0.515
0.498
0.477
0.449
0.413
0.373
0.329
0.282
0.236
0.189
0.145
0.103
0.066
0.036
0.015
0.003
0.0
0.0
0.0
0.0
0.0
0.0
0.0
0.0
0.0
0.0
0.0
0.0
0.0
0.0
0.0
0.0
0.0
0.0
0.0
0.0
0.0
0.0
0.0
0.0
0.0
0.0
0.0
0.0
0.0
0.0
0.0
0.0
0.0
0.0
0.0
0.0
0.0
0.0
0.005
0.011
0.018
0.023
0.025
0.021
0.02
0.029
0.059
0.112
0.175
0.23
0.259
0.25
0.215
0.175
0.149
0.152
0.177
0.217
0.259
0.297
0.331
0.361
0.39
0.418
0.442
0.461
0.47
0.468
0.456
0.435
0.408
0.379
0.351
0.33
0.321
0.328
0.346
0.368
0.387
0.398
0.399
0.391
0.372
0.345
0.31
0.272
0.233
0.197
0.164
0.132
0.103
0.074
0.049
0.027
0.011
0.003
0.0
0.0
0.0
0.0
0.0
0.0
0.0
0.0
0.0
0.0
0.0
0.0
0.0
0.0
0.0
0.0
0.0
0.0
0.0
0.0
0.0
0.0
0.0
0.0
0.0
0.0
0.0
0.0
0.0
0.0
0.0
0.0
0.0
0.0
0.0
0.0
0.004
0.012
0.029
0.054
0.088
0.127
0.169
0.212
0.254
0.295
0.335
0.373
0.407
0.439
0.466
0.49
0.51
0.528
0.545
0.56
0.575
0.59
0.607
0.624
0.642
0.659
0.674
0.686
0.694
0.7
0.704
0.706
0.706
0.704
0.7
0.694
0.686
0.675
0.661
0.642
0.62
0.595
0.567
0.537
0.506
0.472
0.437
0.4
0.361
0.321
0.28
0.239
0.199
0.159
0.122
0.087
0.056
0.031
0.013
0.003
0.0
0.0
0.0
0.0
0.0
0.0
0.0
0.0
0.0
0.0
0.0
0.0
0.0
0.0
0.0
0.0
0.0
0.0
0.0
0.0
0.0
0.0
0.0
0.0
0.0
0.0
0.0
0.0
0.0
0.0
0.0
0.0
0.0
0.0
0.0
0.0
0.003
0.007
0.015
0.026
0.04
0.057
0.074
0.093
0.112
0.134
0.158
0.185
0.214
0.243
0.27
0.294
0.313
0.327
0.336
0.338
0.337
0.337
0.342
0.354
0.369
0.383
0.392
0.392
0.384
0.372
0.357
0.343
0.332
0.326
0.327
0.337
0.35
0.358
0.355
0.336
0.305
0.269
0.234
0.205
0.182
0.164
0.149
0.134
0.121
0.11
0.099
0.091
0.083
0.073
0.062
0.047
0.031
0.016
0.005
0.0
0.0
0.0
0.0
0.0
0.0
0.0
0.0
0.0
0.0
0.0
0.0
0.0
0.0
0.0
0.0
0.0
0.0
0.0
0.0
0.0
0.0
0.0
0.0
0.0
0.0
0.0
0.0
0.0
0.0
0.0
0.0
0.0
0.0
0.0
0.0
0.0
0.002
0.004
0.009
0.015
0.025
0.037
0.053
0.072
0.094
0.117
0.142
0.166
0.19
0.213
0.237
0.26
0.282
0.303
0.322
0.339
0.355
0.37
0.387
0.405
0.423
0.441
0.457
0.469
0.478
0.484
0.486
0.487
0.484
0.476
0.464
0.447
0.424
0.397
0.366
0.332
0.298
0.264
0.235
0.211
0.193
0.18
0.172
0.168
0.166
0.165
0.163
0.157
0.147
0.132
0.113
0.088
0.062
0.037
0.017
0.006
0.0
0.0
0.0
0.0
0.0
0.0
0.0
0.0
0.0
0.0
0.0
0.0
0.0
0.0
0.0
0.0
0.0
0.0
0.0
0.0
0.0
0.0
0.0
0.0
0.0
0.0
0.0
0.0
0.0
0.0
0.0
0.0
0.0
0.0
0.0
0.002
0.007
0.018
0.038
0.068
0.107
0.15
0.197
0.243
0.289
0.335
0.381
0.428
0.474
0.52
0.564
0.608
0.649
0.69
0.728
0.764
0.797
0.826
0.85
0.869
0.884
0.895
0.905
0.914
0.922
0.926
0.927
0.923
0.912
0.894
0.866
0.828
0.783
0.734
0.685
0.638
0.594
0.551
0.508
0.465
0.422
0.379
0.337
0.295
0.256
0.221
0.191
0.166
0.146
0.126
0.106
0.084
0.06
0.039
0.021
0.01
0.003
0.0
0.0
0.0
0.0
0.0
0.0
0.0
0.0
0.0
0.0
0.0
0.0
0.0
0.0
0.0
0.0
0.0
0.0
0.0
0.0
0.0
0.0
0.0
0.0
0.0
0.0
0.0
0.0
0.0
0.0
0.0
0.0
0.0
0.0
0.002
0.007
0.018
0.038
0.067
0.105
0.147
0.191
0.236
0.28
0.324
0.37
0.417
0.464
0.51
0.554
0.596
0.636
0.673
0.708
0.742
0.774
0.804
0.83
0.854
0.874
0.891
0.905
0.916
0.924
0.928
0.929
0.926
0.92
0.91
0.897
0.88
0.859
0.836
0.809
0.78
0.747
0.713
0.676
0.637
0.597
0.555
0.512
0.468
0.422
0.376
0.329
0.282
0.235
0.19
0.147
0.107
0.072
0.043
0.021
0.008
0.002
0.0
0.0
0.0
0.0
0.0
0.0
0.0
0.0
0.0
0.0
0.0
0.0
0.0
0.0
0.0
0.0
0.0
0.0
0.0
0.0
0.0
0.0
0.0
0.0
0.0
0.0
0.0
0.0
0.0
0.0
0.0
0.0
0.0
0.0
0.002
0.008
0.019
0.039
0.067
0.104
0.146
0.191
0.237
0.283
0.33
0.377
0.423
0.47
0.515
0.558
0.6
0.64
0.678
0.714
0.748
0.779
0.807
0.832
0.854
0.873
0.889
0.903
0.914
0.923
0.929
0.931
0.928
0.921
0.911
0.897
0.88
0.86
0.837
0.812
0.783
0.751
0.718
0.681
0.643
0.603
0.561
0.518
0.474
0.428
0.382
0.336
0.29
0.245
0.2
0.157
0.115
0.078
0.046
0.023
0.008
0.002
0.0
0.0
0.0
0.0
0.0
0.0
0.0
0.0
0.0
0.0
0.0
0.0
0.0
0.0
0.0
0.0
0.0
0.0
0.0
0.0
0.0
0.0
0.0
0.0
0.0
0.0
0.0
0.0
0.0
0.0
0.0
0.0
0.0
0.0
0.002
0.007
0.017
0.032
0.055
0.084
0.119
0.156
0.197
0.238
0.282
0.326
0.371
0.416
0.461
0.505
0.548
0.589
0.625
0.655
0.678
0.697
0.715
0.734
0.758
0.784
0.809
0.833
0.853
0.868
0.879
0.886
0.889
0.887
0.879
0.864
0.84
0.809
0.772
0.731
0.687
0.643
0.6
0.559
0.522
0.489
0.456
0.425
0.392
0.359
0.326
0.292
0.257
0.222
0.186
0.15
0.113
0.077
0.047
0.023
0.009
0.002
0.0
0.0
0.0
0.0
0.0
0.0
0.0
0.0
0.0
0.0
0.0
0.0
0.0
0.0
0.0
0.0
0.0
0.0
0.0
0.0
0.0
0.0
0.0
0.0
0.0
0.0
0.0
0.0
0.0
0.0
0.0
0.0
0.0
0.0
0.0
0.004
0.009
0.017
0.028
0.042
0.058
0.074
0.089
0.104
0.122
0.142
0.167
0.193
0.22
0.245
0.265
0.283
0.297
0.309
0.32
0.331
0.341
0.351
0.363
0.377
0.395
0.421
0.454
0.496
0.545
0.6
0.66
0.718
0.77
0.808
0.827
0.831
0.821
0.801
0.774
0.743
0.708
0.67
0.631
0.591
0.55
0.507
0.462
0.415
0.368
0.32
0.273
0.226
0.181
0.138
0.098
0.063
0.034
0.014
0.003
0.0
0.0
0.0
0.0
0.0
0.0
0.0
0.0
0.0
0.0
0.0
0.0
0.0
0.0
0.0
0.0
0.0
0.0
0.0
0.0
0.0
0.0
0.0
0.0
0.0
0.0
0.0
0.0
0.0
0.0
0.0
0.0
0.0
0.0
0.0
0.003
0.009
0.019
0.035
0.058
0.087
0.123
0.164
0.211
0.262
0.314
0.367
0.418
0.467
0.514
0.559
0.602
0.642
0.679
0.715
0.748
0.779
0.808
0.834
0.857
0.877
0.895
0.909
0.922
0.931
0.937
0.939
0.938
0.933
0.925
0.915
0.901
0.884
0.861
0.829
0.79
0.746
0.703
0.669
0.645
0.622
0.589
0.532
0.446
0.342
0.239
0.155
0.103
0.078
0.067
0.061
0.051
0.037
0.023
0.011
0.004
0.0
0.0
0.0
0.0
0.0
0.0
0.0
0.0
0.0
0.0
0.0
0.0
0.0
0.0
0.0
0.0
0.0
0.0
0.0
0.0
0.0
0.0
0.0
0.0
0.0
0.0
0.0
0.0
0.0
0.0
0.0
0.0
0.0
0.0
0.0
0.0
0.004
0.009
0.016
0.026
0.042
0.067
0.103
0.153
0.212
0.278
0.344
0.407
0.467
0.522
0.573
0.619
0.66
0.696
0.729
0.758
0.784
0.806
0.825
0.84
0.852
0.862
0.869
0.875
0.879
0.883
0.887
0.892
0.895
0.895
0.891
0.881
0.865
0.845
0.821
0.794
0.765
0.732
0.698
0.661
0.622
0.582
0.54
0.497
0.453
0.408
0.363
0.317
0.27
0.225
0.179
0.135
0.094
0.059
0.032
0.014
0.005
0.0
0.0
0.0
0.0
0.0
0.0
0.0
0.0
0.0
0.0
0.0
0.0
0.0
0.0
0.0
0.0
0.0
0.0
0.0
0.0
0.0
0.0
0.0
0.0
0.0
0.0
0.0
0.0
0.0
0.0
0.0
0.0
0.0
0.0
0.003
0.011
0.024
0.047
0.079
0.12
0.165
0.213
0.26
0.307
0.354
0.4
0.447
0.493
0.539
0.583
0.626
0.667
0.706
0.743
0.778
0.81
0.839
0.866
0.889
0.909
0.926
0.94
0.95
0.957
0.961
0.96
0.954
0.945
0.931
0.913
0.891
0.866
0.839
0.814
0.79
0.766
0.741
0.712
0.677
0.637
0.594
0.55
0.505
0.459
0.414
0.368
0.321
0.275
0.229
0.183
0.138
0.096
0.059
0.032
0.014
0.005
0.0
0.0
0.0
0.0
0.0
0.0
0.0
0.0
0.0
0.0
0.0
0.0
0.0
0.0
0.0
0.0
0.0
0.0
0.0
0.0
0.0
0.0
0.0
0.0
0.0
0.0
0.0
0.0
0.0
0.0
0.0
0.0
0.0
0.0
0.003
0.01
0.023
0.042
0.069
0.103
0.143
0.185
0.23
0.276
0.324
0.374
0.426
0.478
0.529
0.577
0.621
0.66
0.697
0.732
0.764
0.795
0.824
0.849
0.872
0.892
0.909
0.923
0.933
0.94
0.944
0.945
0.943
0.937
0.928
0.916
0.9
0.881
0.86
0.835
0.808
0.778
0.745
0.71
0.673
0.633
0.592
0.549
0.505
0.46
0.414
0.368
0.322
0.275
0.229
0.184
0.139
0.098
0.062
0.034
0.016
0.006
0.0
0.0
0.0
0.0
0.0
0.0
0.0
0.0
0.0
0.0
0.0
0.0
0.0
0.0
0.0
0.0
0.0
0.0
0.0
0.0
0.0
0.0
0.0
0.0
0.0
0.0
0.0
0.0
0.0
0.0
0.0
0.0
0.0
0.0
0.003
0.009
0.016
0.024
0.034
0.047
0.063
0.083
0.108
0.134
0.159
0.179
0.191
0.198
0.201
0.205
0.211
0.221
0.236
0.259
0.29
0.33
0.381
0.443
0.517
0.594
0.667
0.727
0.766
0.786
0.79
0.78
0.759
0.725
0.676
0.611
0.531
0.45
0.386
0.356
0.371
0.413
0.458
0.484
0.474
0.434
0.379
0.323
0.279
0.243
0.214
0.186
0.156
0.126
0.097
0.071
0.049
0.032
0.019
0.01
0.004
0.0
0.0
0.0
0.0
0.0
0.0
0.0
0.0
0.0
0.0
0.0
0.0
0.0
0.0
0.0
0.0
0.0
0.0
0.0
0.0
0.0
0.0
0.0
0.0
0.0
0.0
0.0
0.0
0.0
0.0
0.0
0.0
0.0
0.0
0.0
0.002
0.006
0.012
0.021
0.033
0.048
0.066
0.088
0.114
0.142
0.174
0.208
0.245
0.285
0.327
0.373
0.422
0.471
0.518
0.561
0.597
0.626
0.646
0.656
0.657
0.646
0.619
0.576
0.515
0.447
0.383
0.334
0.31
0.31
0.329
0.364
0.409
0.456
0.496
0.519
0.521
0.505
0.48
0.454
0.432
0.414
0.395
0.372
0.343
0.309
0.27
0.23
0.189
0.149
0.113
0.081
0.055
0.036
0.021
0.012
0.005
0.002
0.0
0.0
0.0
0.0
0.0
0.0
0.0
0.0
0.0
0.0
0.0
0.0
0.0
0.0
0.0
0.0
0.0
0.0
0.0
0.0
0.0
0.0
0.0
0.0
0.0
0.0
0.0
0.0
0.0
0.0
0.0
0.0
0.0
0.0
0.002
0.007
0.015
0.029
0.05
0.075
0.104
0.135
0.165
0.196
0.226
0.256
0.286
0.314
0.339
0.36
0.375
0.389
0.406
0.432
0.468
0.509
0.543
0.564
0.562
0.546
0.523
0.504
0.493
0.489
0.484
0.475
0.456
0.431
0.408
0.391
0.384
0.386
0.389
0.39
0.385
0.373
0.358
0.341
0.324
0.307
0.289
0.27
0.249
0.228
0.206
0.185
0.164
0.145
0.125
0.104
0.082
0.061
0.041
0.024
0.013
0.006
0.002
0.0
0.0
0.0
0.0
0.0
0.0
0.0
0.0
0.0
0.0
0.0
0.0
0.0
0.0
0.0
0.0
0.0
0.0
0.0
0.0
0.0
0.0
0.0
0.0
0.0
0.0
0.0
0.0
0.0
0.0
0.0
0.0
0.0
0.005
0.015
0.031
0.054
0.085
0.124
0.166
0.21
0.255
0.299
0.344
0.391
0.438
0.486
0.533
0.577
0.616
0.653
0.686
0.717
0.746
0.773
0.797
0.819
0.837
0.843
0.826
0.778
0.694
0.594
0.505
0.451
0.452
0.489
0.537
0.573
0.575
0.551
0.511
0.469
0.433
0.405
0.38
0.357
0.335
0.315
0.299
0.288
0.285
0.284
0.282
0.275
0.257
0.232
0.2
0.164
0.126
0.089
0.057
0.031
0.014
0.005
0.0
0.0
0.0
0.0
0.0
0.0
0.0
0.0
0.0
0.0
0.0
0.0
0.0
0.0
0.0
0.0
0.0
0.0
0.0
0.0
0.0
0.0
0.0
0.0
0.0
0.0
0.0
0.0
0.0
0.0
0.0
0.0
0.0
0.0
0.006
0.016
0.032
0.056
0.087
0.125
0.167
0.212
0.258
0.304
0.351
0.397
0.443
0.488
0.533
0.576
0.618
0.658
0.696
0.731
0.765
0.796
0.825
0.85
0.872
0.891
0.907
0.918
0.927
0.932
0.933
0.932
0.927
0.92
0.909
0.895
0.877
0.857
0.833
0.807
0.778
0.748
0.715
0.681
0.645
0.608
0.569
0.528
0.486
0.442
0.397
0.353
0.309
0.266
0.224
0.182
0.14
0.1
0.065
0.038
0.019
0.008
0.002
0.0
0.0
0.0
0.0
0.0
0.0
0.0
0.0
0.0
0.0
0.0
0.0
0.0
0.0
0.0
0.0
0.0
0.0
0.0
0.0
0.0
0.0
0.0
0.0
0.0
0.0
0.0
0.0
0.0
0.0
0.0
0.0
0.0
0.006
0.017
0.034
0.058
0.089
0.127
0.17
0.214
0.259
0.305
0.35
0.396
0.441
0.485
0.529
0.572
0.613
0.652
0.69
0.724
0.756
0.786
0.814
0.841
0.867
0.889
0.903
0.906
0.895
0.877
0.859
0.847
0.847
0.855
0.862
0.862
0.848
0.823
0.791
0.755
0.719
0.682
0.641
0.596
0.544
0.49
0.438
0.395
0.363
0.339
0.32
0.301
0.278
0.251
0.22
0.184
0.145
0.105
0.069
0.039
0.019
0.008
0.002
0.0
0.0
0.0
0.0
0.0
0.0
0.0
0.0
0.0
0.0
0.0
0.0
0.0
0.0
0.0
0.0
0.0
0.0
0.0
0.0
0.0
0.0
0.0
0.0
0.0
0.0
0.0
0.0
0.0
0.0
0.0
0.0
0.0
0.007
0.018
0.035
0.059
0.09
0.128
0.17
0.214
0.26
0.305
0.35
0.396
0.441
0.486
0.53
0.572
0.613
0.653
0.69
0.726
0.76
0.791
0.819
0.845
0.866
0.885
0.902
0.917
0.93
0.94
0.944
0.938
0.922
0.898
0.873
0.85
0.834
0.822
0.808
0.789
0.762
0.729
0.692
0.657
0.625
0.593
0.56
0.522
0.477
0.426
0.373
0.32
0.269
0.222
0.178
0.14
0.107
0.079
0.055
0.037
0.022
0.012
0.004
0.0
0.0
0.0
0.0
0.0
0.0
0.0
0.0
0.0
0.0
0.0
0.0
0.0
0.0
0.0
0.0
0.0
0.0
0.0
0.0
0.0
0.0
0.0
0.0
0.0
0.0
0.0
0.0
0.0
0.0
0.0
0.0
0.0
0.007
0.018
0.035
0.059
0.09
0.128
0.169
0.214
0.261
0.307
0.352
0.394
0.431
0.464
0.492
0.515
0.534
0.55
0.564
0.579
0.596
0.615
0.638
0.664
0.694
0.725
0.754
0.778
0.793
0.801
0.801
0.797
0.787
0.77
0.744
0.704
0.651
0.592
0.535
0.49
0.463
0.449
0.439
0.427
0.406
0.38
0.355
0.337
0.33
0.328
0.323
0.308
0.278
0.235
0.187
0.139
0.096
0.06
0.033
0.013
0.003
0.0
0.0
0.0
0.0
0.0
0.0
0.0
0.0
0.0
0.0
0.0
0.0
0.0
0.0
0.0
0.0
0.0
0.0
0.0
0.0
0.0
0.0
0.0
0.0
0.0
0.0
0.0
0.0
0.0
0.0
0.0
0.0
0.0
0.0
0.0
0.005
0.013
0.025
0.044
0.068
0.096
0.125
0.152
0.177
0.201
0.23
0.267
0.314
0.367
0.418
0.46
0.488
0.503
0.509
0.51
0.509
0.511
0.52
0.54
0.574
0.613
0.648
0.669
0.671
0.66
0.649
0.648
0.665
0.692
0.718
0.732
0.725
0.702
0.67
0.637
0.608
0.583
0.56
0.537
0.513
0.486
0.457
0.427
0.396
0.364
0.331
0.298
0.264
0.23
0.195
0.16
0.124
0.09
0.06
0.035
0.018
0.008
0.002
0.0
0.0
0.0
0.0
0.0
0.0
0.0
0.0
0.0
0.0
0.0
0.0
0.0
0.0
0.0
0.0
0.0
0.0
0.0
0.0
0.0
0.0
0.0
0.0
0.0
0.0
0.0
0.0
0.0
0.0
0.0
0.0
0.0
0.006
0.016
0.03
0.05
0.076
0.107
0.142
0.18
0.219
0.261
0.307
0.357
0.412
0.47
0.527
0.579
0.625
0.666
0.702
0.736
0.769
0.801
0.831
0.858
0.882
0.901
0.918
0.931
0.941
0.948
0.951
0.95
0.944
0.934
0.916
0.891
0.858
0.817
0.768
0.714
0.655
0.592
0.526
0.456
0.386
0.318
0.257
0.207
0.172
0.149
0.135
0.128
0.123
0.118
0.112
0.102
0.086
0.068
0.048
0.031
0.018
0.009
0.003
0.0
0.0
0.0
0.0
0.0
0.0
0.0
0.0
0.0
0.0
0.0
0.0
0.0
0.0
0.0
0.0
0.0
0.0
0.0
0.0
0.0
0.0
0.0
0.0
0.0
0.0
0.0
0.0
0.0
0.0
0.0
0.0
0.0
0.006
0.014
0.025
0.037
0.051
0.067
0.085
0.107
0.132
0.165
0.207
0.261
0.328
0.403
0.478
0.547
0.603
0.649
0.686
0.719
0.75
0.778
0.803
0.825
0.843
0.856
0.865
0.87
0.872
0.871
0.87
0.871
0.875
0.88
0.883
0.882
0.875
0.862
0.845
0.824
0.801
0.771
0.729
0.671
0.594
0.505
0.415
0.334
0.268
0.217
0.177
0.146
0.119
0.095
0.076
0.059
0.045
0.033
0.023
0.015
0.009
0.005
0.002
0.0
0.0
0.0
0.0
0.0
0.0
0.0
0.0
0.0
0.0
0.0
0.0
0.0
0.0
0.0
0.0
0.0
0.0
0.0
0.0
0.0
0.0
0.0
0.0
0.0
0.0
0.0
0.0
0.0
0.0
0.0
0.0
0.0
0.003
0.008
0.016
0.028
0.043
0.063
0.086
0.113
0.142
0.175
0.213
0.257
0.306
0.357
0.405
0.445
0.475
0.496
0.512
0.528
0.546
0.562
0.574
0.576
0.565
0.548
0.53
0.519
0.521
0.532
0.549
0.568
0.585
0.601
0.617
0.635
0.654
0.673
0.687
0.692
0.688
0.674
0.653
0.628
0.6
0.571
0.54
0.507
0.472
0.435
0.395
0.352
0.306
0.259
0.211
0.166
0.124
0.086
0.055
0.031
0.016
0.006
0.002
0.0
0.0
0.0
0.0
0.0
0.0
0.0
0.0
0.0
0.0
0.0
0.0
0.0
0.0
0.0
0.0
0.0
0.0
0.0
0.0
0.0
0.0
0.0
0.0
0.0
0.0
0.0
0.0
0.0
0.0
0.0
0.0
0.0
0.007
0.018
0.034
0.057
0.087
0.123
0.163
0.205
0.248
0.291
0.334
0.378
0.421
0.462
0.498
0.527
0.547
0.558
0.559
0.55
0.532
0.509
0.487
0.473
0.469
0.476
0.493
0.518
0.551
0.585
0.618
0.644
0.66
0.667
0.669
0.669
0.669
0.667
0.659
0.642
0.614
0.578
0.538
0.499
0.464
0.433
0.403
0.375
0.345
0.315
0.284
0.253
0.221
0.188
0.156
0.124
0.094
0.065
0.041
0.022
0.01
0.004
0.0
0.0
0.0
0.0
0.0
0.0
0.0
0.0
0.0
0.0
0.0
0.0
0.0
0.0
0.0
0.0
0.0
0.0
0.0
0.0
0.0
0.0
0.0
0.0
0.0
0.0
0.0
0.0
0.0
0.0
0.0
0.0
0.0
0.0
0.0
0.003
0.006
0.011
0.017
0.024
0.033
0.043
0.054
0.067
0.081
0.097
0.116
0.139
0.164
0.194
0.229
0.268
0.312
0.362
0.416
0.462
0.487
0.477
0.424
0.348
0.275
0.23
0.231
0.262
0.301
0.326
0.319
0.292
0.262
0.248
0.26
0.288
0.318
0.332
0.321
0.292
0.257
0.228
0.216
0.218
0.229
0.244
0.259
0.269
0.272
0.263
0.241
0.209
0.172
0.136
0.103
0.076
0.053
0.034
0.02
0.01
0.004
0.0
0.0
0.0
0.0
0.0
0.0
0.0
0.0
0.0
0.0
0.0
0.0
0.0
0.0
0.0
0.0
0.0
0.0
0.0
0.0
0.0
0.0
0.0
0.0
0.0
0.0
0.0
0.0
0.0
0.0
0.0
0.0
0.0
0.007
0.018
0.032
0.05
0.07
0.094
0.12
0.148
0.177
0.209
0.241
0.276
0.311
0.348
0.385
0.421
0.455
0.488
0.517
0.543
0.565
0.586
0.609
0.636
0.669
0.702
0.73
0.744
0.741
0.728
0.717
0.717
0.735
0.761
0.779
0.774
0.736
0.674
0.601
0.532
0.478
0.437
0.403
0.371
0.337
0.303
0.273
0.251
0.237
0.23
0.223
0.212
0.193
0.168
0.14
0.111
0.086
0.064
0.045
0.03
0.018
0.009
0.003
0.0
0.0
0.0
0.0
0.0
0.0
0.0
0.0
0.0
0.0
0.0
0.0
0.0
0.0
0.0
0.0
0.0
0.0
0.0
0.0
0.0
0.0
0.0
0.0
0.0
0.0
0.0
0.0
0.0
0.0
0.0
0.0
0.0
0.005
0.012
0.02
0.03
0.042
0.058
0.079
0.109
0.148
0.195
0.248
0.305
0.364
0.422
0.477
0.528
0.571
0.607
0.634
0.653
0.661
0.657
0.64
0.608
0.56
0.508
0.461
0.433
0.432
0.451
0.481
0.511
0.535
0.552
0.563
0.571
0.578
0.581
0.579
0.571
0.554
0.53
0.499
0.464
0.426
0.389
0.36
0.344
0.343
0.349
0.352
0.34
0.305
0.255
0.199
0.148
0.11
0.082
0.063
0.047
0.032
0.018
0.007
0.0
0.0
0.0
0.0
0.0
0.0
0.0
0.0
0.0
0.0
0.0
0.0
0.0
0.0
0.0
0.0
0.0
0.0
0.0
0.0
0.0
0.0
0.0
0.0
0.0
0.0
0.0
0.0
0.0
0.0
0.0
0.0
0.0
0.007
0.016
0.029
0.046
0.068
0.092
0.116
0.139
0.158
0.175
0.19
0.205
0.22
0.235
0.25
0.267
0.284
0.303
0.325
0.353
0.387
0.424
0.463
0.501
0.535
0.567
0.594
0.619
0.641
0.658
0.669
0.672
0.667
0.656
0.644
0.635
0.632
0.634
0.64
0.647
0.653
0.657
0.656
0.649
0.632
0.609
0.578
0.543
0.505
0.464
0.421
0.377
0.334
0.29
0.247
0.204
0.16
0.119
0.082
0.052
0.03
0.015
0.005
0.0
0.0
0.0
0.0
0.0
0.0
0.0
0.0
0.0
0.0
0.0
0.0
0.0
0.0
0.0
0.0
0.0
0.0
0.0
0.0
0.0
0.0
0.0
0.0
0.0
0.0
0.0
0.0
0.0
0.0
0.0
0.0
0.0
0.01
0.025
0.046
0.073
0.106
0.145
0.187
0.232
0.277
0.323
0.368
0.414
0.459
0.503
0.546
0.588
0.629
0.668
0.706
0.741
0.775
0.805
0.833
0.858
0.88
0.898
0.914
0.927
0.937
0.944
0.948
0.948
0.943
0.936
0.924
0.911
0.894
0.876
0.854
0.83
0.803
0.774
0.742
0.708
0.672
0.634
0.594
0.553
0.511
0.468
0.424
0.38
0.336
0.292
0.249
0.205
0.162
0.121
0.084
0.054
0.031
0.015
0.006
0.0
0.0
0.0
0.0
0.0
0.0
0.0
0.0
0.0
0.0
0.0
0.0
0.0
0.0
0.0
0.0
0.0
0.0
0.0
0.0
0.0
0.0
0.0
0.0
0.0
0.0
0.0
0.0
0.0
0.0
0.0
0.0
0.0
0.006
0.015
0.03
0.054
0.088
0.13
0.177
0.227
0.277
0.326
0.375
0.422
0.468
0.513
0.557
0.599
0.64
0.679
0.716
0.751
0.784
0.815
0.843
0.868
0.891
0.911
0.927
0.941
0.951
0.958
0.962
0.962
0.959
0.953
0.944
0.932
0.917
0.899
0.878
0.854
0.827
0.797
0.765
0.731
0.694
0.655
0.615
0.573
0.53
0.486
0.441
0.395
0.35
0.305
0.259
0.214
0.17
0.127
0.089
0.058
0.034
0.017
0.006
0.0
0.0
0.0
0.0
0.0
0.0
0.0
0.0
0.0
0.0
0.0
0.0
0.0
0.0
0.0
0.0
0.0
0.0
0.0
0.0
0.0
0.0
0.0
0.0
0.0
0.0
0.0
0.0
0.0
0.0
0.0
0.0
0.002
0.012
0.029
0.051
0.081
0.116
0.156
0.2
0.245
0.291
0.336
0.382
0.427
0.472
0.517
0.56
0.602
0.643
0.682
0.718
0.753
0.785
0.815
0.842
0.867
0.889
0.908
0.924
0.937
0.947
0.953
0.957
0.957
0.953
0.946
0.935
0.921
0.903
0.883
0.86
0.835
0.808
0.78
0.749
0.717
0.682
0.646
0.607
0.566
0.524
0.48
0.436
0.391
0.346
0.3
0.255
0.211
0.167
0.125
0.088
0.057
0.033
0.017
0.006
0.0
0.0
0.0
0.0
0.0
0.0
0.0
0.0
0.0
0.0
0.0
0.0
0.0
0.0
0.0
0.0
0.0
0.0
0.0
0.0
0.0
0.0
0.0
0.0
0.0
0.0
0.0
0.0
0.0
0.0
0.0
0.0
0.002
0.012
0.028
0.05
0.079
0.114
0.153
0.196
0.241
0.286
0.332
0.377
0.422
0.467
0.512
0.555
0.597
0.638
0.677
0.714
0.749
0.782
0.812
0.84
0.865
0.887
0.906
0.922
0.935
0.945
0.952
0.956
0.955
0.951
0.942
0.93
0.913
0.893
0.87
0.844
0.815
0.783
0.75
0.717
0.685
0.655
0.626
0.595
0.561
0.522
0.479
0.434
0.388
0.342
0.298
0.253
0.209
0.166
0.125
0.087
0.056
0.033
0.017
0.006
0.0
0.0
0.0
0.0
0.0
0.0
0.0
0.0
0.0
0.0
0.0
0.0
0.0
0.0
0.0
0.0
0.0
0.0
0.0
0.0
0.0
0.0
0.0
0.0
0.0
0.0
0.0
0.0
0.0
0.0
0.0
0.0
0.002
0.012
0.028
0.05
0.077
0.108
0.143
0.181
0.221
0.264
0.307
0.352
0.397
0.442
0.488
0.533
0.577
0.62
0.662
0.702
0.74
0.774
0.806
0.833
0.856
0.875
0.89
0.9
0.907
0.91
0.91
0.906
0.898
0.885
0.869
0.851
0.831
0.809
0.789
0.769
0.751
0.735
0.721
0.705
0.686
0.663
0.636
0.603
0.567
0.526
0.482
0.437
0.391
0.345
0.3
0.256
0.212
0.168
0.126
0.089
0.058
0.034
0.017
0.006
0.0
0.0
0.0
0.0
0.0
0.0
0.0
0.0
0.0
0.0
0.0
0.0
0.0
0.0
0.0
0.0
0.0
0.0
0.0
0.0
0.0
0.0
0.0
0.0
0.0
0.0
0.0
0.0
0.0
0.0
0.0
0.0
0.0
0.011
0.027
0.048
0.075
0.108
0.144
0.182
0.22
0.256
0.289
0.322
0.355
0.389
0.424
0.46
0.497
0.534
0.572
0.608
0.642
0.672
0.701
0.73
0.762
0.797
0.833
0.868
0.899
0.924
0.942
0.954
0.96
0.959
0.953
0.943
0.929
0.913
0.894
0.872
0.848
0.821
0.791
0.758
0.723
0.687
0.649
0.609
0.567
0.523
0.478
0.432
0.384
0.334
0.285
0.237
0.191
0.15
0.113
0.08
0.054
0.033
0.017
0.007
0.0
0.0
0.0
0.0
0.0
0.0
0.0
0.0
0.0
0.0
0.0
0.0
0.0
0.0
0.0
0.0
0.0
0.0
0.0
0.0
0.0
0.0
0.0
0.0
0.0
0.0
0.0
0.0
0.0
0.0
0.0
0.0
0.002
0.012
0.029
0.051
0.08
0.114
0.154
0.196
0.24
0.284
0.329
0.373
0.417
0.462
0.506
0.55
0.592
0.634
0.674
0.712
0.748
0.781
0.812
0.839
0.864
0.884
0.902
0.917
0.929
0.938
0.946
0.949
0.95
0.946
0.939
0.928
0.914
0.897
0.875
0.847
0.811
0.767
0.717
0.666
0.618
0.574
0.535
0.498
0.46
0.42
0.377
0.332
0.285
0.235
0.187
0.141
0.103
0.073
0.05
0.034
0.022
0.014
0.007
0.003
0.0
0.0
0.0
0.0
0.0
0.0
0.0
0.0
0.0
0.0
0.0
0.0
0.0
0.0
0.0
0.0
0.0
0.0
0.0
0.0
0.0
0.0
0.0
0.0
0.0
0.0
0.0
0.0
0.0
0.0
0.0
0.0
0.0
0.004
0.009
0.017
0.027
0.04
0.057
0.079
0.105
0.137
0.174
0.216
0.262
0.313
0.364
0.413
0.456
0.491
0.519
0.544
0.568
0.594
0.621
0.647
0.674
0.699
0.724
0.75
0.779
0.81
0.842
0.872
0.896
0.913
0.921
0.922
0.916
0.904
0.887
0.865
0.84
0.813
0.783
0.751
0.717
0.681
0.643
0.604
0.563
0.52
0.477
0.433
0.388
0.344
0.299
0.254
0.21
0.167
0.126
0.088
0.058
0.034
0.017
0.006
0.0
0.0
0.0
0.0
0.0
0.0
0.0
0.0
0.0
0.0
0.0
0.0
0.0
0.0
0.0
0.0
0.0
0.0
0.0
0.0
0.0
0.0
0.0
0.0
0.0
0.0
0.0
0.0
0.0
0.0
0.0
0.0
0.002
0.01
0.022
0.039
0.061
0.087
0.117
0.15
0.187
0.227
0.268
0.311
0.353
0.395
0.437
0.479
0.522
0.567
0.613
0.659
0.703
0.744
0.779
0.804
0.818
0.817
0.806
0.79
0.775
0.765
0.761
0.76
0.763
0.767
0.769
0.764
0.748
0.717
0.675
0.631
0.588
0.554
0.526
0.501
0.477
0.452
0.425
0.397
0.369
0.341
0.313
0.286
0.26
0.237
0.214
0.19
0.164
0.135
0.104
0.075
0.049
0.03
0.015
0.006
0.0
0.0
0.0
0.0
0.0
0.0
0.0
0.0
0.0
0.0
0.0
0.0
0.0
0.0
0.0
0.0
0.0
0.0
0.0
0.0
0.0
0.0
0.0
0.0
0.0
0.0
0.0
0.0
0.0
0.0
0.0
0.0
0.002
0.008
0.018
0.033
0.053
0.077
0.102
0.127
0.148
0.163
0.173
0.182
0.191
0.204
0.222
0.246
0.277
0.316
0.362
0.413
0.466
0.52
0.569
0.607
0.626
0.625
0.609
0.589
0.575
0.574
0.584
0.6
0.619
0.635
0.65
0.662
0.672
0.681
0.687
0.686
0.678
0.661
0.638
0.612
0.586
0.564
0.544
0.525
0.503
0.477
0.447
0.413
0.376
0.337
0.295
0.252
0.208
0.164
0.123
0.085
0.054
0.031
0.016
0.006
0.0
0.0
0.0
0.0
0.0
0.0
0.0
0.0
0.0
0.0
0.0
0.0
0.0
0.0
0.0
0.0
0.0
0.0
0.0
0.0
0.0
0.0
0.0
0.0
0.0
0.0
0.0
0.0
0.0
0.0
0.0
0.0
0.002
0.012
0.027
0.049
0.077
0.111
0.151
0.193
0.237
0.282
0.328
0.373
0.418
0.463
0.507
0.551
0.593
0.634
0.674
0.711
0.747
0.78
0.811
0.839
0.864
0.886
0.906
0.922
0.936
0.946
0.953
0.956
0.953
0.944
0.928
0.905
0.874
0.836
0.794
0.752
0.714
0.682
0.652
0.62
0.581
0.533
0.481
0.432
0.396
0.376
0.368
0.361
0.348
0.32
0.282
0.238
0.193
0.152
0.115
0.083
0.056
0.035
0.018
0.007
0.0
0.0
0.0
0.0
0.0
0.0
0.0
0.0
0.0
0.0
0.0
0.0
0.0
0.0
0.0
0.0
0.0
0.0
0.0
0.0
0.0
0.0
0.0
0.0
0.0
0.0
0.0
0.0
0.0
0.0
0.0
0.0
0.002
0.012
0.028
0.05
0.078
0.112
0.15
0.192
0.234
0.277
0.32
0.363
0.409
0.456
0.501
0.538
0.563
0.573
0.574
0.577
0.589
0.62
0.663
0.712
0.761
0.804
0.84
0.869
0.892
0.909
0.921
0.928
0.93
0.927
0.921
0.912
0.899
0.883
0.864
0.842
0.817
0.79
0.76
0.728
0.694
0.658
0.62
0.581
0.54
0.497
0.454
0.41
0.366
0.323
0.28
0.237
0.195
0.154
0.116
0.081
0.053
0.031
0.016
0.006
0.0
0.0
0.0
0.0
0.0
0.0
0.0
0.0
0.0
0.0
0.0
0.0
0.0
0.0
0.0
0.0
0.0
0.0
0.0
0.0
0.0
0.0
0.0
0.0
0.0
0.0
0.0
0.0
0.0
0.0
0.0
0.0
0.002
0.011
0.026
0.045
0.07
0.1
0.135
0.173
0.213
0.257
0.301
0.347
0.392
0.438
0.483
0.526
0.568
0.609
0.647
0.683
0.718
0.75
0.78
0.807
0.832
0.854
0.873
0.888
0.902
0.912
0.92
0.925
0.926
0.924
0.919
0.91
0.898
0.883
0.865
0.843
0.818
0.791
0.76
0.727
0.692
0.655
0.617
0.576
0.535
0.492
0.448
0.404
0.359
0.315
0.271
0.228
0.187
0.146
0.109
0.076
0.049
0.028
0.014
0.005
0.0
0.0
0.0
0.0
0.0
0.0
0.0
0.0
0.0
0.0
0.0
0.0
0.0
0.0
0.0
0.0
0.0
0.0
0.0
0.0
0.0
0.0
0.0
0.0
0.0
0.0
0.0
0.0
0.0
0.0
0.0
0.0
0.002
0.01
0.024
0.043
0.068
0.099
0.134
0.173
0.214
0.255
0.297
0.339
0.381
0.423
0.464
0.505
0.545
0.584
0.621
0.656
0.69
0.723
0.752
0.779
0.803
0.824
0.841
0.857
0.873
0.888
0.901
0.912
0.917
0.916
0.91
0.9
0.886
0.869
0.851
0.829
0.805
0.778
0.748
0.716
0.682
0.646
0.608
0.568
0.527
0.485
0.442
0.399
0.355
0.311
0.268
0.226
0.184
0.144
0.108
0.075
0.048
0.028
0.014
0.005
0.0
0.0
0.0
0.0
0.0
0.0
0.0
0.0
0.0
0.0
0.0
0.0
0.0
0.0
0.0
0.0
0.0
0.0
0.0
0.0
0.0
0.0
0.0
0.0
0.0
0.0
0.0
0.0
0.0
0.0
0.0
0.0
0.002
0.01
0.024
0.042
0.067
0.097
0.131
0.17
0.211
0.253
0.297
0.34
0.384
0.427
0.47
0.512
0.552
0.591
0.629
0.666
0.7
0.732
0.762
0.79
0.815
0.838
0.857
0.874
0.887
0.896
0.902
0.905
0.905
0.903
0.897
0.889
0.878
0.864
0.846
0.826
0.802
0.776
0.746
0.714
0.679
0.642
0.602
0.562
0.52
0.478
0.435
0.393
0.351
0.31
0.269
0.229
0.189
0.15
0.112
0.078
0.05
0.029
0.014
0.005
0.0
0.0
0.0
0.0
0.0
0.0
0.0
0.0
0.0
0.0
0.0
0.0
0.0
0.0
0.0
0.0
0.0
0.0
0.0
0.0
0.0
0.0
0.0
0.0
0.0
0.0
0.0
0.0
0.0
0.0
0.0
0.0
0.0
0.007
0.015
0.028
0.043
0.063
0.086
0.114
0.147
0.184
0.226
0.268
0.31
0.35
0.388
0.427
0.468
0.512
0.557
0.601
0.642
0.678
0.71
0.738
0.764
0.787
0.809
0.829
0.846
0.861
0.872
0.878
0.878
0.872
0.862
0.849
0.837
0.827
0.815
0.796
0.766
0.721
0.668
0.613
0.565
0.528
0.5
0.476
0.451
0.422
0.388
0.35
0.309
0.267
0.225
0.184
0.146
0.113
0.084
0.059
0.039
0.024
0.012
0.005
0.0
0.0
0.0
0.0
0.0
0.0
0.0
0.0
0.0
0.0
0.0
0.0
0.0
0.0
0.0
0.0
0.0
0.0
0.0
0.0
0.0
0.0
0.0
0.0
0.0
0.0
0.0
0.0
0.0
0.0
0.0
0.0
0.0
0.004
0.01
0.018
0.029
0.044
0.063
0.088
0.12
0.159
0.202
0.246
0.289
0.327
0.361
0.393
0.426
0.46
0.492
0.517
0.533
0.536
0.536
0.54
0.558
0.597
0.645
0.685
0.704
0.69
0.654
0.611
0.574
0.557
0.553
0.557
0.56
0.557
0.548
0.534
0.518
0.502
0.487
0.472
0.461
0.451
0.441
0.427
0.404
0.37
0.33
0.29
0.254
0.228
0.207
0.188
0.165
0.134
0.099
0.065
0.036
0.017
0.007
0.002
0.0
0.0
0.0
0.0
0.0
0.0
0.0
0.0
0.0
0.0
0.0
0.0
0.0
0.0
0.0
0.0
0.0
0.0
0.0
0.0
0.0
0.0
0.0
0.0
0.0
0.0
0.0
0.0
0.0
0.0
0.0
0.0
0.0
0.008
0.018
0.033
0.054
0.08
0.111
0.144
0.18
0.215
0.249
0.28
0.306
0.326
0.344
0.361
0.382
0.409
0.441
0.477
0.515
0.555
0.592
0.627
0.655
0.677
0.694
0.707
0.721
0.735
0.747
0.751
0.742
0.719
0.687
0.653
0.625
0.611
0.605
0.604
0.601
0.592
0.578
0.56
0.537
0.512
0.484
0.453
0.42
0.385
0.349
0.313
0.277
0.243
0.21
0.178
0.146
0.115
0.085
0.058
0.036
0.02
0.01
0.003
0.0
0.0
0.0
0.0
0.0
0.0
0.0
0.0
0.0
0.0
0.0
0.0
0.0
0.0
0.0
0.0
0.0
0.0
0.0
0.0
0.0
0.0
0.0
0.0
0.0
0.0
0.0
0.0
0.0
0.0
0.0
0.0
0.0
0.004
0.008
0.014
0.021
0.029
0.04
0.054
0.074
0.101
0.131
0.161
0.187
0.206
0.219
0.225
0.225
0.221
0.212
0.2
0.186
0.169
0.153
0.14
0.133
0.131
0.135
0.141
0.147
0.15
0.153
0.159
0.171
0.19
0.213
0.236
0.253
0.263
0.267
0.27
0.276
0.288
0.305
0.322
0.339
0.351
0.358
0.359
0.354
0.342
0.324
0.3
0.273
0.243
0.21
0.178
0.145
0.115
0.088
0.063
0.042
0.026
0.014
0.005
0.0
0.0
0.0
0.0
0.0
0.0
0.0
0.0
0.0
0.0
0.0
0.0
0.0
0.0
0.0
0.0
0.0
0.0
0.0
0.0
0.0
0.0
0.0
0.0
0.0
0.0
0.0
0.0
0.0
0.0
0.0
0.0
0.0
0.008
0.02
0.036
0.057
0.083
0.113
0.146
0.18
0.214
0.248
0.285
0.324
0.369
0.416
0.464
0.513
0.56
0.604
0.644
0.677
0.704
0.726
0.746
0.767
0.791
0.816
0.84
0.859
0.871
0.877
0.879
0.878
0.874
0.867
0.857
0.843
0.826
0.804
0.78
0.753
0.724
0.694
0.664
0.633
0.602
0.568
0.531
0.486
0.434
0.378
0.323
0.273
0.232
0.198
0.17
0.143
0.116
0.089
0.065
0.043
0.027
0.014
0.005
0.0
0.0
0.0
0.0
0.0
0.0
0.0
0.0
0.0
0.0
0.0
0.0
0.0
0.0
0.0
0.0
0.0
0.0
0.0
0.0
0.0
0.0
0.0
0.0
0.0
0.0
0.0
0.0
0.0
0.0
0.0
0.0
0.002
0.009
0.022
0.04
0.064
0.094
0.129
0.165
0.201
0.236
0.27
0.304
0.342
0.383
0.425
0.466
0.502
0.531
0.553
0.571
0.585
0.599
0.611
0.623
0.634
0.646
0.657
0.667
0.675
0.681
0.685
0.689
0.693
0.699
0.704
0.708
0.709
0.705
0.697
0.684
0.668
0.649
0.627
0.602
0.576
0.547
0.517
0.485
0.452
0.417
0.38
0.344
0.308
0.273
0.239
0.206
0.172
0.138
0.105
0.075
0.05
0.03
0.015
0.006
0.0
0.0
0.0
0.0
0.0
0.0
0.0
0.0
0.0
0.0
0.0
0.0
0.0
0.0
0.0
0.0
0.0
0.0
0.0
0.0
0.0
0.0
0.0
0.0
0.0
0.0
0.0
0.0
0.0
0.0
0.0
0.0
0.0
0.009
0.021
0.037
0.06
0.088
0.121
0.158
0.196
0.235
0.274
0.313
0.353
0.393
0.433
0.472
0.509
0.544
0.578
0.611
0.644
0.677
0.71
0.742
0.772
0.8
0.825
0.845
0.857
0.862
0.862
0.859
0.855
0.854
0.852
0.843
0.824
0.791
0.751
0.71
0.676
0.654
0.637
0.617
0.586
0.538
0.481
0.429
0.393
0.381
0.384
0.389
0.383
0.356
0.313
0.261
0.208
0.16
0.119
0.085
0.056
0.034
0.018
0.007
0.0
0.0
0.0
0.0
0.0
0.0
0.0
0.0
0.0
0.0
0.0
0.0
0.0
0.0
0.0
0.0
0.0
0.0
0.0
0.0
0.0
0.0
0.0
0.0
0.0
0.0
0.0
0.0
0.0
0.0
0.0
0.0
0.002
0.012
0.028
0.05
0.078
0.113
0.152
0.194
0.239
0.284
0.329
0.374
0.419
0.463
0.506
0.548
0.588
0.628
0.666
0.702
0.736
0.767
0.796
0.823
0.848
0.872
0.894
0.913
0.929
0.94
0.946
0.949
0.949
0.945
0.939
0.929
0.917
0.901
0.882
0.86
0.836
0.809
0.779
0.747
0.713
0.676
0.638
0.598
0.557
0.515
0.473
0.428
0.383
0.335
0.288
0.24
0.195
0.154
0.116
0.083
0.055
0.034
0.018
0.007
0.0
0.0
0.0
0.0
0.0
0.0
0.0
0.0
0.0
0.0
0.0
0.0
0.0
0.0
0.0
0.0
0.0
0.0
0.0
0.0
0.0
0.0
0.0
0.0
0.0
0.0
0.0
0.0
0.0
0.0
0.0
0.0
0.002
0.011
0.027
0.048
0.076
0.109
0.148
0.19
0.233
0.278
0.322
0.367
0.412
0.456
0.499
0.542
0.584
0.624
0.663
0.7
0.735
0.768
0.798
0.825
0.85
0.873
0.892
0.909
0.923
0.934
0.941
0.946
0.947
0.944
0.938
0.929
0.917
0.901
0.883
0.862
0.837
0.81
0.78
0.748
0.714
0.677
0.639
0.599
0.558
0.516
0.472
0.428
0.383
0.339
0.295
0.25
0.207
0.164
0.123
0.086
0.056
0.033
0.016
0.006
0.0
0.0
0.0
0.0
0.0
0.0
0.0
0.0
0.0
0.0
0.0
0.0
0.0
0.0
0.0
0.0
0.0
0.0
0.0
0.0
0.0
0.0
0.0
0.0
0.0
0.0
0.0
0.0
0.0
0.0
0.0
0.0
0.0
0.01
0.025
0.046
0.073
0.106
0.144
0.186
0.23
0.274
0.319
0.364
0.409
0.454
0.498
0.541
0.582
0.622
0.661
0.697
0.731
0.763
0.792
0.818
0.841
0.86
0.874
0.886
0.894
0.9
0.903
0.903
0.901
0.897
0.889
0.879
0.866
0.85
0.832
0.812
0.791
0.77
0.745
0.716
0.679
0.633
0.582
0.531
0.485
0.449
0.418
0.389
0.358
0.322
0.281
0.238
0.193
0.151
0.111
0.076
0.048
0.027
0.013
0.005
0.0
0.0
0.0
0.0
0.0
0.0
0.0
0.0
0.0
0.0
0.0
0.0
0.0
0.0
0.0
0.0
0.0
0.0
0.0
0.0
0.0
0.0
0.0
0.0
0.0
0.0
0.0
0.0
0.0
0.0
0.0
0.0
0.0
0.009
0.02
0.037
0.057
0.082
0.111
0.142
0.174
0.207
0.239
0.268
0.294
0.313
0.329
0.341
0.351
0.361
0.374
0.395
0.427
0.475
0.53
0.588
0.64
0.68
0.71
0.732
0.747
0.758
0.766
0.771
0.774
0.776
0.777
0.777
0.777
0.776
0.771
0.758
0.732
0.691
0.64
0.587
0.538
0.499
0.467
0.438
0.407
0.371
0.332
0.292
0.255
0.221
0.19
0.162
0.135
0.108
0.082
0.059
0.039
0.023
0.012
0.005
0.0
0.0
0.0
0.0
0.0
0.0
0.0
0.0
0.0
0.0
0.0
0.0
0.0
0.0
0.0
0.0
0.0
0.0
0.0
0.0
0.0
0.0
0.0
0.0
0.0
0.0
0.0
0.0
0.0
0.0
0.0
0.0
0.0
0.003
0.007
0.012
0.017
0.023
0.029
0.036
0.044
0.054
0.065
0.076
0.087
0.097
0.106
0.112
0.118
0.121
0.126
0.134
0.147
0.17
0.202
0.247
0.305
0.376
0.448
0.506
0.537
0.529
0.495
0.448
0.404
0.375
0.361
0.36
0.369
0.384
0.4
0.413
0.417
0.407
0.387
0.36
0.329
0.298
0.267
0.238
0.211
0.186
0.163
0.143
0.126
0.112
0.099
0.086
0.073
0.057
0.041
0.025
0.013
0.006
0.002
0.0
0.0
0.0
0.0
0.0
0.0
0.0
0.0
0.0
0.0
0.0
0.0
0.0
0.0
0.0
0.0
0.0
0.0
0.0
0.0
0.0
0.0
0.0
0.0
0.0
0.0
0.0
0.0
0.0
0.0
0.0
0.0
0.0
0.0
0.007
0.016
0.027
0.039
0.052
0.065
0.082
0.103
0.13
0.16
0.192
0.222
0.249
0.272
0.293
0.312
0.33
0.346
0.362
0.376
0.39
0.403
0.414
0.423
0.429
0.43
0.426
0.417
0.401
0.38
0.356
0.331
0.307
0.285
0.265
0.25
0.239
0.231
0.226
0.222
0.217
0.213
0.208
0.204
0.201
0.198
0.195
0.19
0.184
0.175
0.164
0.151
0.135
0.118
0.1
0.083
0.066
0.051
0.037
0.025
0.016
0.008
0.003
0.0
0.0
0.0
0.0
0.0
0.0
0.0
0.0
0.0
0.0
0.0
0.0
0.0
0.0
0.0
0.0
0.0
0.0
0.0
0.0
0.0
0.0
0.0
0.0
0.0
0.0
0.0
0.0
0.0
0.0
0.0
0.0
0.0
0.007
0.016
0.031
0.052
0.078
0.11
0.146
0.185
0.225
0.263
0.297
0.323
0.34
0.356
0.378
0.414
0.471
0.541
0.615
0.683
0.736
0.776
0.805
0.827
0.843
0.857
0.87
0.883
0.899
0.914
0.928
0.936
0.938
0.933
0.924
0.911
0.896
0.877
0.856
0.832
0.805
0.775
0.742
0.707
0.671
0.633
0.593
0.551
0.509
0.464
0.419
0.374
0.328
0.282
0.237
0.193
0.151
0.112
0.077
0.049
0.028
0.014
0.005
0.0
0.0
0.0
0.0
0.0
0.0
0.0
0.0
0.0
0.0
0.0
0.0
0.0
0.0
0.0
0.0
0.0
0.0
0.0
0.0
0.0
0.0
0.0
0.0
0.0
0.0
0.0
0.0
0.0
0.0
0.0
0.0
0.0
0.01
0.024
0.044
0.07
0.104
0.142
0.184
0.228
0.272
0.317
0.362
0.407
0.452
0.496
0.539
0.581
0.619
0.656
0.689
0.72
0.748
0.774
0.797
0.818
0.837
0.852
0.861
0.863
0.857
0.845
0.831
0.817
0.805
0.795
0.784
0.769
0.75
0.726
0.701
0.674
0.648
0.621
0.589
0.551
0.505
0.454
0.404
0.359
0.323
0.293
0.265
0.236
0.202
0.166
0.131
0.099
0.073
0.053
0.037
0.025
0.016
0.008
0.003
0.0
0.0
0.0
0.0
0.0
0.0
0.0
0.0
0.0
0.0
0.0
0.0
0.0
0.0
0.0
0.0
0.0
0.0
0.0
0.0
0.0
0.0
0.0
0.0
0.0
0.0
0.0
0.0
0.0
0.0
0.0
0.0
0.0
0.006
0.015
0.029
0.049
0.074
0.104
0.137
0.174
0.211
0.249
0.289
0.329
0.37
0.412
0.453
0.494
0.535
0.575
0.613
0.648
0.682
0.712
0.74
0.765
0.788
0.809
0.827
0.842
0.856
0.867
0.875
0.88
0.882
0.88
0.876
0.867
0.855
0.839
0.821
0.8
0.776
0.751
0.723
0.692
0.658
0.622
0.584
0.544
0.502
0.459
0.416
0.372
0.327
0.282
0.238
0.194
0.151
0.111
0.076
0.047
0.026
0.013
0.004
0.0
0.0
0.0
0.0
0.0
0.0
0.0
0.0
0.0
0.0
0.0
0.0
0.0
0.0
0.0
0.0
0.0
0.0
0.0
0.0
0.0
0.0
0.0
0.0
0.0
0.0
0.0
0.0
0.0
0.0
0.0
0.0
0.0
0.01
0.024
0.045
0.073
0.107
0.148
0.192
0.238
0.284
0.33
0.376
0.422
0.468
0.513
0.557
0.6
0.641
0.68
0.718
0.753
0.786
0.816
0.844
0.869
0.891
0.91
0.926
0.939
0.949
0.955
0.959
0.959
0.955
0.949
0.939
0.926
0.909
0.89
0.868
0.844
0.816
0.787
0.754
0.72
0.683
0.644
0.604
0.562
0.518
0.473
0.428
0.382
0.336
0.29
0.245
0.2
0.156
0.114
0.078
0.048
0.027
0.013
0.004
0.0
0.0
0.0
0.0
0.0
0.0
0.0
0.0
0.0
0.0
0.0
0.0
0.0
0.0
0.0
0.0
0.0
0.0
0.0
0.0
0.0
0.0
0.0
0.0
0.0
0.0
0.0
0.0
0.0
0.0
0.0
0.0
0.0
0.009
0.022
0.042
0.068
0.101
0.14
0.182
0.227
0.272
0.317
0.362
0.407
0.452
0.496
0.54
0.582
0.622
0.661
0.698
0.733
0.765
0.796
0.823
0.848
0.87
0.889
0.905
0.918
0.929
0.936
0.941
0.942
0.939
0.933
0.923
0.91
0.894
0.876
0.854
0.829
0.802
0.771
0.738
0.703
0.666
0.627
0.586
0.545
0.501
0.457
0.413
0.368
0.323
0.279
0.235
0.192
0.149
0.109
0.074
0.046
0.025
0.012
0.004
0.0
0.0
0.0
0.0
0.0
0.0
0.0
0.0
0.0
0.0
0.0
0.0
0.0
0.0
0.0
0.0
0.0
0.0
0.0
0.0
0.0
0.0
0.0
0.0
0.0
0.0
0.0
0.0
0.0
0.0
0.0
0.0
0.0
0.007
0.019
0.036
0.06
0.09
0.126
0.166
0.208
0.251
0.294
0.337
0.38
0.424
0.467
0.51
0.551
0.591
0.63
0.667
0.702
0.735
0.765
0.793
0.819
0.841
0.86
0.877
0.89
0.901
0.908
0.912
0.913
0.91
0.904
0.894
0.882
0.866
0.848
0.827
0.802
0.775
0.746
0.714
0.68
0.644
0.606
0.567
0.526
0.484
0.441
0.397
0.353
0.309
0.266
0.223
0.181
0.14
0.101
0.068
0.041
0.022
0.01
0.003
0.0
0.0
0.0
0.0
0.0
0.0
0.0
0.0
0.0
0.0
0.0
0.0
0.0
0.0
0.0
0.0
0.0
0.0
0.0
0.0
0.0
0.0
0.0
0.0
0.0
0.0
0.0
0.0
0.0
0.0
0.0
0.0
0.0
0.007
0.018
0.034
0.057
0.086
0.119
0.157
0.196
0.235
0.274
0.313
0.353
0.393
0.434
0.475
0.515
0.556
0.596
0.634
0.67
0.702
0.731
0.757
0.781
0.802
0.821
0.837
0.85
0.86
0.866
0.87
0.871
0.87
0.865
0.857
0.846
0.83
0.812
0.79
0.767
0.743
0.717
0.689
0.658
0.623
0.586
0.547
0.506
0.465
0.423
0.38
0.336
0.291
0.247
0.203
0.161
0.122
0.087
0.057
0.034
0.018
0.008
0.002
0.0
0.0
0.0
0.0
0.0
0.0
0.0
0.0
0.0
0.0
0.0
0.0
0.0
0.0
0.0
0.0
0.0
0.0
0.0
0.0
0.0
0.0
0.0
0.0
0.0
0.0
0.0
0.0
0.0
0.0
0.0
0.0
0.0
0.005
0.014
0.027
0.047
0.074
0.106
0.14
0.174
0.206
0.238
0.27
0.306
0.344
0.386
0.429
0.472
0.514
0.554
0.59
0.622
0.65
0.674
0.698
0.724
0.752
0.779
0.804
0.822
0.831
0.833
0.831
0.828
0.826
0.824
0.82
0.814
0.803
0.789
0.771
0.751
0.728
0.703
0.675
0.644
0.608
0.569
0.528
0.486
0.444
0.402
0.36
0.319
0.277
0.237
0.197
0.159
0.122
0.088
0.059
0.035
0.019
0.009
0.003
0.0
0.0
0.0
0.0
0.0
0.0
0.0
0.0
0.0
0.0
0.0
0.0
0.0
0.0
0.0
0.0
0.0
0.0
0.0
0.0
0.0
0.0
0.0
0.0
0.0
0.0
0.0
0.0
0.0
0.0
0.0
0.0
0.0
0.006
0.015
0.028
0.046
0.069
0.095
0.125
0.156
0.188
0.223
0.262
0.307
0.357
0.406
0.445
0.466
0.463
0.444
0.418
0.396
0.386
0.388
0.397
0.411
0.428
0.443
0.455
0.46
0.458
0.451
0.442
0.435
0.431
0.432
0.435
0.439
0.442
0.446
0.45
0.454
0.46
0.465
0.468
0.469
0.467
0.459
0.448
0.432
0.411
0.387
0.358
0.327
0.293
0.257
0.22
0.181
0.141
0.103
0.07
0.042
0.023
0.01
0.003
0.0
0.0
0.0
0.0
0.0
0.0
0.0
0.0
0.0
0.0
0.0
0.0
0.0
0.0
0.0
0.0
0.0
0.0
0.0
0.0
0.0
0.0
0.0
0.0
0.0
0.0
0.0
0.0
0.0
0.0
0.0
0.0
0.0
0.008
0.02
0.039
0.064
0.097
0.136
0.179
0.224
0.27
0.316
0.361
0.407
0.452
0.497
0.541
0.584
0.625
0.664
0.702
0.737
0.769
0.799
0.827
0.851
0.873
0.891
0.907
0.919
0.929
0.936
0.939
0.939
0.936
0.929
0.919
0.905
0.889
0.869
0.847
0.822
0.795
0.765
0.732
0.698
0.661
0.622
0.582
0.54
0.497
0.453
0.408
0.364
0.319
0.275
0.23
0.187
0.144
0.104
0.069
0.041
0.022
0.01
0.003
0.0
0.0
0.0
0.0
0.0
0.0
0.0
0.0
0.0
0.0
0.0
0.0
0.0
0.0
0.0
0.0
0.0
0.0
0.0
0.0
0.0
0.0
0.0
0.0
0.0
0.0
0.0
0.0
0.0
0.0
0.0
0.0
0.0
0.007
0.019
0.036
0.061
0.092
0.13
0.172
0.217
0.262
0.307
0.352
0.397
0.442
0.487
0.53
0.573
0.614
0.653
0.69
0.725
0.758
0.789
0.817
0.842
0.864
0.883
0.899
0.913
0.923
0.93
0.934
0.935
0.932
0.925
0.915
0.902
0.886
0.867
0.844
0.819
0.792
0.761
0.729
0.694
0.657
0.618
0.578
0.536
0.493
0.449
0.404
0.36
0.315
0.271
0.227
0.183
0.141
0.101
0.067
0.039
0.02
0.009
0.003
0.0
0.0
0.0
0.0
0.0
0.0
0.0
0.0
0.0
0.0
0.0
0.0
0.0
0.0
0.0
0.0
0.0
0.0
0.0
0.0
0.0
0.0
0.0
0.0
0.0
0.0
0.0
0.0
0.0
0.0
0.0
0.0
0.0
0.007
0.018
0.036
0.06
0.093
0.131
0.173
0.218
0.263
0.308
0.353
0.398
0.443
0.487
0.531
0.573
0.613
0.652
0.689
0.725
0.758
0.789
0.817
0.842
0.865
0.884
0.9
0.914
0.924
0.932
0.936
0.936
0.934
0.928
0.918
0.906
0.89
0.872
0.85
0.825
0.798
0.768
0.735
0.7
0.663
0.625
0.584
0.542
0.499
0.455
0.41
0.365
0.32
0.275
0.23
0.186
0.143
0.103
0.067
0.039
0.02
0.009
0.003
0.0
0.0
0.0
0.0
0.0
0.0
0.0
0.0
0.0
0.0
0.0
0.0
0.0
0.0
0.0
0.0
0.0
0.0
0.0
0.0
0.0
0.0
0.0
0.0
0.0
0.0
0.0
0.0
0.0
0.0
0.0
0.0
0.0
0.006
0.017
0.034
0.057
0.088
0.126
0.167
0.211
0.255
0.299
0.343
0.387
0.431
0.475
0.518
0.559
0.6
0.638
0.675
0.71
0.742
0.772
0.8
0.825
0.846
0.865
0.881
0.894
0.904
0.91
0.913
0.913
0.91
0.903
0.894
0.881
0.865
0.846
0.824
0.799
0.772
0.742
0.71
0.675
0.639
0.6
0.561
0.52
0.479
0.437
0.394
0.347
0.297
0.246
0.197
0.151
0.111
0.077
0.05
0.03
0.016
0.007
0.002
0.0
0.0
0.0
0.0
0.0
0.0
0.0
0.0
0.0
0.0
0.0
0.0
0.0
0.0
0.0
0.0
0.0
0.0
0.0
0.0
0.0
0.0
0.0
0.0
0.0
0.0
0.0
0.0
0.0
0.0
0.0
0.0
0.0
0.006
0.016
0.031
0.054
0.085
0.122
0.164
0.207
0.252
0.297
0.342
0.387
0.431
0.475
0.519
0.561
0.603
0.643
0.681
0.717
0.75
0.781
0.809
0.834
0.857
0.877
0.893
0.907
0.918
0.925
0.93
0.93
0.928
0.922
0.913
0.901
0.885
0.867
0.846
0.822
0.795
0.766
0.734
0.7
0.664
0.626
0.586
0.545
0.503
0.459
0.415
0.37
0.325
0.281
0.236
0.191
0.147
0.105
0.069
0.04
0.02
0.009
0.003
0.0
0.0
0.0
0.0
0.0
0.0
0.0
0.0
0.0
0.0
0.0
0.0
0.0
0.0
0.0
0.0
0.0
0.0
0.0
0.0
0.0
0.0
0.0
0.0
0.0
0.0
0.0
0.0
0.0
0.0
0.0
0.0
0.0
0.005
0.015
0.031
0.054
0.084
0.122
0.163
0.207
0.252
0.297
0.342
0.387
0.432
0.476
0.519
0.562
0.603
0.643
0.68
0.716
0.749
0.78
0.808
0.833
0.856
0.875
0.892
0.905
0.914
0.92
0.923
0.923
0.92
0.913
0.904
0.891
0.875
0.856
0.835
0.81
0.782
0.751
0.718
0.683
0.645
0.606
0.565
0.522
0.478
0.433
0.388
0.342
0.297
0.251
0.207
0.164
0.123
0.086
0.055
0.031
0.015
0.006
0.0
0.0
0.0
0.0
0.0
0.0
0.0
0.0
0.0
0.0
0.0
0.0
0.0
0.0
0.0
0.0
0.0
0.0
0.0
0.0
0.0
0.0
0.0
0.0
0.0
0.0
0.0
0.0
0.0
0.0
0.0
0.0
0.0
0.0
0.005
0.014
0.027
0.047
0.072
0.103
0.138
0.176
0.214
0.254
0.293
0.334
0.374
0.414
0.455
0.496
0.537
0.578
0.617
0.655
0.689
0.718
0.741
0.756
0.761
0.761
0.757
0.754
0.755
0.757
0.761
0.763
0.762
0.757
0.75
0.74
0.728
0.713
0.695
0.675
0.653
0.629
0.603
0.577
0.55
0.522
0.493
0.462
0.429
0.394
0.357
0.318
0.278
0.236
0.195
0.155
0.116
0.081
0.051
0.028
0.013
0.005
0.0
0.0
0.0
0.0
0.0
0.0
0.0
0.0
0.0
0.0
0.0
0.0
0.0
0.0
0.0
0.0
0.0
0.0
0.0
0.0
0.0
0.0
0.0
0.0
0.0
0.0
0.0
0.0
0.0
0.0
0.0
0.0
0.0
0.0
0.004
0.011
0.023
0.041
0.066
0.098
0.135
0.174
0.216
0.259
0.303
0.347
0.391
0.435
0.478
0.52
0.561
0.6
0.637
0.672
0.703
0.733
0.759
0.783
0.804
0.823
0.839
0.852
0.863
0.87
0.874
0.877
0.878
0.877
0.873
0.866
0.855
0.842
0.824
0.803
0.777
0.748
0.716
0.682
0.644
0.605
0.564
0.522
0.479
0.435
0.39
0.345
0.3
0.255
0.211
0.168
0.126
0.087
0.055
0.029
0.013
0.005
0.0
0.0
0.0
0.0
0.0
0.0
0.0
0.0
0.0
0.0
0.0
0.0
0.0
0.0
0.0
0.0
0.0
0.0
0.0
0.0
0.0
0.0
0.0
0.0
0.0
0.0
0.0
0.0
0.0
0.0
0.0
0.0
0.0
0.0
0.004
0.01
0.02
0.034
0.053
0.077
0.105
0.137
0.172
0.209
0.245
0.279
0.309
0.335
0.357
0.376
0.391
0.402
0.409
0.411
0.409
0.405
0.404
0.409
0.422
0.441
0.459
0.471
0.473
0.468
0.459
0.451
0.448
0.447
0.447
0.447
0.445
0.442
0.439
0.436
0.436
0.435
0.433
0.426
0.413
0.396
0.375
0.354
0.332
0.311
0.287
0.261
0.232
0.201
0.168
0.134
0.101
0.07
0.043
0.023
0.01
0.003
0.0
0.0
0.0
0.0
0.0
0.0
0.0
0.0
0.0
0.0
0.0
0.0
0.0
0.0
0.0
0.0
0.0
0.0
0.0
0.0
0.0
0.0
0.0
0.0
0.0
0.0
0.0
0.0
0.0
0.0
0.0
0.0
0.0
0.0
0.004
0.012
0.025
0.046
0.076
0.112
0.153
0.197
0.242
0.287
0.332
0.378
0.424
0.469
0.514
0.558
0.6
0.64
0.677
0.712
0.743
0.771
0.798
0.823
0.848
0.871
0.89
0.902
0.907
0.906
0.902
0.896
0.889
0.882
0.873
0.86
0.844
0.823
0.8
0.776
0.75
0.72
0.684
0.638
0.579
0.515
0.451
0.394
0.35
0.316
0.287
0.259
0.227
0.193
0.158
0.124
0.092
0.063
0.04
0.021
0.01
0.004
0.0
0.0
0.0
0.0
0.0
0.0
0.0
0.0
0.0
0.0
0.0
0.0
0.0
0.0
0.0
0.0
0.0
0.0
0.0
0.0
0.0
0.0
0.0
0.0
0.0
0.0
0.0
0.0
0.0
0.0
0.0
0.0
0.0
0.0
0.003
0.008
0.018
0.034
0.057
0.085
0.119
0.157
0.196
0.237
0.279
0.322
0.364
0.406
0.45
0.495
0.542
0.589
0.636
0.68
0.719
0.754
0.785
0.812
0.835
0.854
0.87
0.883
0.892
0.896
0.891
0.875
0.846
0.811
0.777
0.751
0.738
0.734
0.73
0.721
0.699
0.669
0.635
0.602
0.574
0.548
0.522
0.493
0.458
0.42
0.378
0.334
0.291
0.247
0.204
0.162
0.121
0.084
0.052
0.027
0.012
0.004
0.0
0.0
0.0
0.0
0.0
0.0
0.0
0.0
0.0
0.0
0.0
0.0
0.0
0.0
0.0
0.0
0.0
0.0
0.0
0.0
0.0
0.0
0.0
0.0
0.0
0.0
0.0
0.0
0.0
0.0
0.0
0.0
0.0
0.0
0.002
0.008
0.017
0.033
0.056
0.085
0.12
0.157
0.197
0.238
0.28
0.324
0.367
0.41
0.452
0.491
0.527
0.56
0.591
0.622
0.651
0.679
0.707
0.734
0.759
0.78
0.793
0.795
0.783
0.765
0.745
0.731
0.728
0.734
0.743
0.75
0.753
0.747
0.73
0.699
0.655
0.602
0.546
0.494
0.45
0.414
0.38
0.346
0.309
0.269
0.228
0.19
0.155
0.124
0.096
0.073
0.052
0.036
0.023
0.013
0.006
0.003
0.0
0.0
0.0
0.0
0.0
0.0
0.0
0.0
0.0
0.0
0.0
0.0
0.0
0.0
0.0
0.0
0.0
0.0
0.0
0.0
0.0
0.0
0.0
0.0
0.0
0.0
0.0
0.0
0.0
0.0
0.0
0.0
0.0
0.0
0.0
0.004
0.009
0.016
0.027
0.041
0.057
0.074
0.092
0.112
0.133
0.156
0.181
0.207
0.236
0.265
0.296
0.328
0.359
0.389
0.418
0.445
0.47
0.493
0.514
0.532
0.546
0.555
0.558
0.557
0.553
0.546
0.539
0.531
0.52
0.508
0.493
0.476
0.459
0.442
0.426
0.412
0.397
0.381
0.365
0.347
0.328
0.308
0.288
0.266
0.244
0.221
0.196
0.169
0.142
0.115
0.087
0.061
0.038
0.021
0.009
0.003
0.0
0.0
0.0
0.0
0.0
0.0
0.0
0.0
0.0
0.0
0.0
0.0
0.0
0.0
0.0
0.0
0.0
0.0
0.0
0.0
0.0
0.0
0.0
0.0
0.0
0.0
0.0
0.0
0.0
0.0
0.0
0.0
0.0
0.0
0.002
0.008
0.019
0.038
0.065
0.1
0.14
0.184
0.228
0.273
0.318
0.364
0.409
0.453
0.497
0.541
0.583
0.624
0.663
0.7
0.735
0.766
0.795
0.821
0.844
0.864
0.881
0.895
0.906
0.914
0.919
0.92
0.917
0.911
0.902
0.889
0.873
0.854
0.833
0.808
0.781
0.75
0.718
0.682
0.645
0.606
0.565
0.523
0.479
0.435
0.389
0.343
0.298
0.252
0.207
0.163
0.121
0.082
0.05
0.025
0.01
0.002
0.0
0.0
0.0
0.0
0.0
0.0
0.0
0.0
0.0
0.0
0.0
0.0
0.0
0.0
0.0
0.0
0.0
0.0
0.0
0.0
0.0
0.0
0.0
0.0
0.0
0.0
0.0
0.0
0.0
0.0
0.0
0.0
0.0
0.0
0.002
0.008
0.02
0.039
0.067
0.103
0.145
0.189
0.234
0.28
0.326
0.372
0.418
0.464
0.509
0.552
0.595
0.635
0.674
0.71
0.744
0.775
0.804
0.83
0.853
0.873
0.889
0.903
0.913
0.919
0.922
0.922
0.919
0.913
0.903
0.89
0.873
0.853
0.831
0.806
0.778
0.747
0.714
0.679
0.642
0.602
0.561
0.518
0.474
0.429
0.384
0.338
0.292
0.247
0.202
0.159
0.117
0.079
0.047
0.023
0.009
0.002
0.0
0.0
0.0
0.0
0.0
0.0
0.0
0.0
0.0
0.0
0.0
0.0
0.0
0.0
0.0
0.0
0.0
0.0
0.0
0.0
0.0
0.0
0.0
0.0
0.0
0.0
0.0
0.0
0.0
0.0
0.0
0.0
0.0
0.0
0.002
0.007
0.018
0.037
0.065
0.101
0.142
0.186
0.231
0.277
0.322
0.368
0.414
0.459
0.504
0.547
0.589
0.629
0.667
0.703
0.736
0.767
0.796
0.821
0.844
0.863
0.88
0.894
0.904
0.912
0.916
0.916
0.914
0.907
0.898
0.885
0.868
0.849
0.827
0.802
0.774
0.744
0.711
0.676
0.639
0.599
0.558
0.515
0.471
0.426
0.381
0.335
0.289
0.244
0.199
0.156
0.114
0.077
0.045
0.021
0.007
0.0
0.0
0.0
0.0
0.0
0.0
0.0
0.0
0.0
0.0
0.0
0.0
0.0
0.0
0.0
0.0
0.0
0.0
0.0
0.0
0.0
0.0
0.0
0.0
0.0
0.0
0.0
0.0
0.0
0.0
0.0
0.0
0.0
0.0
0.0
0.002
0.006
0.016
0.034
0.061
0.096
0.136
0.179
0.223
0.268
0.313
0.358
0.403
0.448
0.492
0.535
0.577
0.616
0.654
0.69
0.724
0.755
0.784
0.81
0.833
0.853
0.869
0.883
0.894
0.901
0.905
0.906
0.903
0.897
0.887
0.874
0.858
0.84
0.818
0.792
0.764
0.733
0.7
0.664
0.626
0.587
0.546
0.503
0.459
0.414
0.369
0.323
0.278
0.233
0.189
0.147
0.107
0.071
0.041
0.019
0.006
0.0
0.0
0.0
0.0
0.0
0.0
0.0
0.0
0.0
0.0
0.0
0.0
0.0
0.0
0.0
0.0
0.0
0.0
0.0
0.0
0.0
0.0
0.0
0.0
0.0
0.0
0.0
0.0
0.0
0.0
0.0
0.0
0.0
0.0
0.0
0.0
0.005
0.015
0.032
0.058
0.092
0.131
0.174
0.218
0.263
0.308
0.353
0.398
0.443
0.486
0.529
0.57
0.61
0.647
0.683
0.716
0.746
0.774
0.8
0.823
0.843
0.859
0.871
0.878
0.881
0.88
0.876
0.869
0.857
0.841
0.817
0.785
0.746
0.703
0.658
0.612
0.568
0.526
0.489
0.457
0.429
0.401
0.372
0.339
0.304
0.268
0.233
0.2
0.169
0.14
0.11
0.081
0.055
0.032
0.015
0.005
0.0
0.0
0.0
0.0
0.0
0.0
0.0
0.0
0.0
0.0
0.0
0.0
0.0
0.0
0.0
0.0
0.0
0.0
0.0
0.0
0.0
0.0
0.0
0.0
0.0
0.0
0.0
0.0
0.0
0.0
0.0
0.0
0.0
0.0
0.0
0.0
0.005
0.014
0.03
0.056
0.089
0.127
0.169
0.211
0.254
0.297
0.341
0.386
0.431
0.475
0.518
0.559
0.599
0.636
0.671
0.704
0.734
0.762
0.787
0.81
0.831
0.849
0.864
0.875
0.882
0.885
0.882
0.873
0.86
0.844
0.826
0.807
0.785
0.755
0.717
0.667
0.61
0.553
0.501
0.46
0.428
0.4
0.373
0.344
0.312
0.28
0.247
0.214
0.181
0.149
0.117
0.086
0.057
0.033
0.015
0.005
0.0
0.0
0.0
0.0
0.0
0.0
0.0
0.0
0.0
0.0
0.0
0.0
0.0
0.0
0.0
0.0
0.0
0.0
0.0
0.0
0.0
0.0
0.0
0.0
0.0
0.0
0.0
0.0
0.0
0.0
0.0
0.0
0.0
0.0
0.0
0.0
0.004
0.013
0.029
0.055
0.088
0.128
0.17
0.214
0.258
0.303
0.348
0.394
0.438
0.482
0.525
0.566
0.606
0.644
0.68
0.714
0.745
0.774
0.799
0.822
0.842
0.858
0.872
0.882
0.889
0.893
0.893
0.89
0.883
0.874
0.861
0.845
0.826
0.803
0.776
0.746
0.713
0.677
0.641
0.605
0.568
0.529
0.488
0.444
0.398
0.351
0.305
0.261
0.218
0.177
0.137
0.098
0.063
0.033
0.012
0.0
0.0
0.0
0.0
0.0
0.0
0.0
0.0
0.0
0.0
0.0
0.0
0.0
0.0
0.0
0.0
0.0
0.0
0.0
0.0
0.0
0.0
0.0
0.0
0.0
0.0
0.0
0.0
0.0
0.0
0.0
0.0
0.0
0.0
0.0
0.0
0.0
0.003
0.011
0.026
0.051
0.083
0.121
0.163
0.206
0.249
0.294
0.339
0.384
0.428
0.47
0.507
0.54
0.569
0.596
0.623
0.65
0.678
0.704
0.727
0.747
0.762
0.774
0.783
0.789
0.79
0.785
0.775
0.757
0.733
0.704
0.673
0.64
0.608
0.579
0.554
0.535
0.52
0.507
0.492
0.474
0.453
0.428
0.4
0.37
0.338
0.304
0.269
0.233
0.198
0.162
0.127
0.092
0.06
0.033
0.013
0.002
0.0
0.0
0.0
0.0
0.0
0.0
0.0
0.0
0.0
0.0
0.0
0.0
0.0
0.0
0.0
0.0
0.0
0.0
0.0
0.0
0.0
0.0
0.0
0.0
0.0
0.0
0.0
0.0
0.0
0.0
0.0
0.0
0.0
0.0
0.0
0.0
0.002
0.009
0.024
0.047
0.078
0.115
0.155
0.198
0.241
0.286
0.331
0.376
0.42
0.464
0.506
0.548
0.588
0.625
0.661
0.694
0.725
0.753
0.778
0.801
0.82
0.834
0.844
0.849
0.848
0.844
0.837
0.828
0.818
0.805
0.79
0.772
0.753
0.733
0.713
0.693
0.672
0.648
0.619
0.584
0.544
0.502
0.459
0.416
0.374
0.331
0.286
0.239
0.191
0.146
0.106
0.072
0.046
0.026
0.012
0.004
0.0
0.0
0.0
0.0
0.0
0.0
0.0
0.0
0.0
0.0
0.0
0.0
0.0
0.0
0.0
0.0
0.0
0.0
0.0
0.0
0.0
0.0
0.0
0.0
0.0
0.0
0.0
0.0
0.0
0.0
0.0
0.0
0.0
0.0
0.0
0.0
0.004
0.01
0.021
0.038
0.06
0.084
0.108
0.131
0.153
0.177
0.204
0.236
0.27
0.308
0.347
0.387
0.427
0.466
0.504
0.538
0.57
0.596
0.618
0.635
0.647
0.656
0.664
0.671
0.676
0.679
0.677
0.671
0.66
0.645
0.627
0.605
0.582
0.557
0.532
0.508
0.483
0.456
0.426
0.392
0.357
0.325
0.299
0.282
0.27
0.26
0.245
0.222
0.194
0.161
0.126
0.091
0.059
0.032
0.012
0.002
0.0
0.0
0.0
0.0
0.0
0.0
0.0
0.0
0.0
0.0
0.0
0.0
0.0
0.0
0.0
0.0
0.0
0.0
0.0
0.0
0.0
0.0
0.0
0.0
0.0
0.0
0.0
0.0
0.0
0.0
0.0
0.0
0.0
0.0
0.0
0.0
0.002
0.006
0.014
0.027
0.043
0.062
0.081
0.099
0.117
0.135
0.153
0.172
0.192
0.216
0.245
0.28
0.315
0.346
0.366
0.373
0.368
0.355
0.336
0.317
0.301
0.291
0.293
0.309
0.331
0.352
0.363
0.358
0.34
0.315
0.289
0.266
0.247
0.233
0.222
0.215
0.21
0.203
0.192
0.176
0.158
0.144
0.137
0.142
0.151
0.16
0.159
0.144
0.119
0.089
0.061
0.039
0.023
0.013
0.006
0.002
0.0
0.0
0.0
0.0
0.0
0.0
0.0
0.0
0.0
0.0
0.0
0.0
0.0
0.0
0.0
0.0
0.0
0.0
0.0
0.0
0.0
0.0
0.0
0.0
0.0
0.0
0.0
0.0
0.0
0.0
0.0
0.0
0.0
0.0
0.0
0.0
0.0
0.003
0.017
0.041
0.071
0.101
0.123
0.133
0.135
0.134
0.135
0.143
0.156
0.172
0.189
0.206
0.224
0.247
0.278
0.317
0.362
0.405
0.441
0.466
0.479
0.483
0.478
0.467
0.45
0.431
0.41
0.39
0.371
0.354
0.338
0.324
0.312
0.302
0.294
0.286
0.279
0.274
0.27
0.267
0.264
0.261
0.257
0.251
0.242
0.228
0.207
0.18
0.148
0.114
0.082
0.055
0.033
0.017
0.006
0.0
0.0
0.0
0.0
0.0
0.0
0.0
0.0
0.0
0.0
0.0
0.0
0.0
0.0
0.0
0.0
0.0
0.0
0.0
0.0
0.0
0.0
0.0
0.0
0.0
0.0
0.0
0.0
0.0
0.0
0.0
0.0
0.0
0.0
0.0
0.0
0.0
0.0
0.002
0.005
0.009
0.016
0.024
0.033
0.044
0.055
0.067
0.079
0.092
0.104
0.115
0.126
0.136
0.148
0.164
0.186
0.216
0.251
0.285
0.316
0.338
0.355
0.37
0.387
0.407
0.431
0.456
0.48
0.503
0.522
0.537
0.547
0.551
0.549
0.541
0.527
0.508
0.485
0.46
0.434
0.41
0.386
0.362
0.338
0.312
0.285
0.254
0.221
0.184
0.146
0.109
0.076
0.05
0.03
0.015
0.006
0.0
0.0
0.0
0.0
0.0
0.0
0.0
0.0
0.0
0.0
0.0
0.0
0.0
0.0
0.0
0.0
0.0
0.0
0.0
0.0
0.0
0.0
0.0
0.0
0.0
0.0
0.0
0.0
0.0
0.0
0.0
0.0
0.0
0.0
0.0
0.0
0.0
0.0
0.003
0.006
0.011
0.018
0.026
0.033
0.04
0.047
0.053
0.06
0.068
0.076
0.085
0.093
0.101
0.107
0.113
0.117
0.12
0.123
0.125
0.127
0.131
0.136
0.145
0.158
0.177
0.197
0.218
0.235
0.247
0.254
0.257
0.257
0.256
0.253
0.249
0.243
0.236
0.227
0.218
0.206
0.193
0.18
0.166
0.153
0.14
0.128
0.115
0.101
0.084
0.067
0.049
0.034
0.022
0.013
0.007
0.003
0.0
0.0
0.0
0.0
0.0
0.0
0.0
0.0
0.0
0.0
0.0
0.0
0.0
0.0
0.0
0.0
0.0
0.0
0.0
0.0
0.0
0.0
0.0
0.0
0.0
0.0
0.0
0.0
0.0
0.0
0.0
0.0
0.0
0.0
0.0
0.0
0.0
0.0
0.002
0.009
0.022
0.039
0.059
0.08
0.103
0.126
0.15
0.177
0.205
0.233
0.259
0.28
0.293
0.301
0.307
0.312
0.318
0.326
0.332
0.337
0.339
0.338
0.335
0.329
0.321
0.313
0.306
0.302
0.3
0.3
0.3
0.296
0.288
0.277
0.267
0.26
0.258
0.26
0.26
0.258
0.249
0.236
0.22
0.204
0.188
0.172
0.157
0.142
0.125
0.108
0.089
0.07
0.051
0.032
0.016
0.005
0.0
0.0
0.0
0.0
0.0
0.0
0.0
0.0
0.0
0.0
0.0
0.0
0.0
0.0
0.0
0.0
0.0
0.0
0.0
0.0
0.0
0.0
0.0
0.0
0.0
0.0
0.0
0.0
0.0
0.0
0.0
0.0
0.0
0.0
0.0
0.0
0.0
0.0
0.002
0.007
0.015
0.027
0.042
0.06
0.081
0.103
0.125
0.147
0.166
0.183
0.196
0.207
0.215
0.222
0.233
0.251
0.277
0.31
0.343
0.372
0.393
0.408
0.42
0.43
0.443
0.456
0.47
0.483
0.495
0.503
0.505
0.497
0.478
0.453
0.423
0.396
0.372
0.353
0.336
0.319
0.301
0.281
0.26
0.237
0.213
0.187
0.16
0.134
0.109
0.086
0.065
0.046
0.031
0.018
0.009
0.003
0.0
0.0
0.0
0.0
0.0
0.0
0.0
0.0
0.0
0.0
0.0
0.0
0.0
0.0
0.0
0.0
0.0
0.0
0.0
0.0
0.0
0.0
0.0
0.0
0.0
0.0
0.0
0.0
0.0
0.0
0.0
0.0
0.0
0.0
0.0
0.0
0.0
0.0
0.0
0.009
0.025
0.045
0.066
0.081
0.09
0.093
0.092
0.092
0.095
0.1
0.107
0.116
0.127
0.14
0.158
0.182
0.213
0.249
0.291
0.335
0.381
0.428
0.474
0.519
0.562
0.598
0.623
0.633
0.625
0.603
0.573
0.541
0.512
0.485
0.46
0.438
0.416
0.396
0.378
0.361
0.346
0.331
0.314
0.295
0.271
0.244
0.216
0.188
0.161
0.135
0.11
0.085
0.06
0.037
0.018
0.005
0.0
0.0
0.0
0.0
0.0
0.0
0.0
0.0
0.0
0.0
0.0
0.0
0.0
0.0
0.0
0.0
0.0
0.0
0.0
0.0
0.0
0.0
0.0
0.0
0.0
0.0
0.0
0.0
0.0
0.0
0.0
0.0
0.0
0.0
0.0
0.0
0.0
0.0
0.002
0.007
0.015
0.028
0.046
0.069
0.098
0.131
0.169
0.211
0.256
0.301
0.34
0.368
0.384
0.388
0.385
0.378
0.371
0.364
0.359
0.355
0.352
0.351
0.352
0.354
0.357
0.361
0.365
0.37
0.375
0.38
0.387
0.395
0.405
0.415
0.422
0.422
0.414
0.399
0.378
0.353
0.324
0.294
0.262
0.23
0.199
0.169
0.14
0.113
0.088
0.066
0.046
0.031
0.019
0.01
0.005
0.0
0.0
0.0
0.0
0.0
0.0
0.0
0.0
0.0
0.0
0.0
0.0
0.0
0.0
0.0
0.0
0.0
0.0
0.0
0.0
0.0
0.0
0.0
0.0
0.0
0.0
0.0
0.0
0.0
0.0
0.0
0.0
0.0
0.0
0.0
0.0
0.0
0.0
0.0
0.0
0.009
0.022
0.04
0.063
0.087
0.113
0.14
0.171
0.207
0.249
0.294
0.34
0.385
0.426
0.463
0.497
0.525
0.549
0.567
0.581
0.589
0.592
0.596
0.606
0.63
0.669
0.718
0.764
0.799
0.813
0.811
0.799
0.783
0.767
0.751
0.734
0.715
0.692
0.665
0.635
0.602
0.566
0.528
0.488
0.447
0.405
0.362
0.318
0.273
0.226
0.181
0.137
0.098
0.065
0.038
0.018
0.005
0.0
0.0
0.0
0.0
0.0
0.0
0.0
0.0
0.0
0.0
0.0
0.0
0.0
0.0
0.0
0.0
0.0
0.0
0.0
0.0
0.0
0.0
0.0
0.0
0.0
0.0
0.0
0.0
0.0
0.0
0.0
0.0
0.0
0.0
0.0
0.0
0.0
0.0
0.0
0.009
0.023
0.044
0.071
0.104
0.143
0.187
0.233
0.282
0.331
0.379
0.426
0.469
0.51
0.547
0.583
0.618
0.653
0.688
0.721
0.751
0.777
0.799
0.817
0.831
0.842
0.849
0.854
0.855
0.853
0.848
0.838
0.823
0.801
0.776
0.748
0.72
0.692
0.664
0.635
0.602
0.564
0.523
0.479
0.436
0.393
0.351
0.31
0.267
0.223
0.18
0.138
0.099
0.066
0.039
0.018
0.004
0.0
0.0
0.0
0.0
0.0
0.0
0.0
0.0
0.0
0.0
0.0
0.0
0.0
0.0
0.0
0.0
0.0
0.0
0.0
0.0
0.0
0.0
0.0
0.0
0.0
0.0
0.0
0.0
0.0
0.0
0.0
0.0
0.0
0.0
0.0
0.0
0.0
0.0
0.0
0.009
0.026
0.05
0.081
0.116
0.155
0.198
0.242
0.287
0.331
0.376
0.42
0.463
0.505
0.545
0.584
0.621
0.655
0.688
0.717
0.744
0.767
0.787
0.804
0.819
0.832
0.841
0.847
0.849
0.847
0.84
0.83
0.816
0.798
0.778
0.756
0.73
0.702
0.671
0.637
0.6
0.559
0.515
0.47
0.425
0.38
0.337
0.294
0.251
0.207
0.165
0.125
0.089
0.058
0.034
0.015
0.003
0.0
0.0
0.0
0.0
0.0
0.0
0.0
0.0
0.0
0.0
0.0
0.0
0.0
0.0
0.0
0.0
0.0
0.0
0.0
0.0
0.0
0.0
0.0
0.0
0.0
0.0
0.0
0.0
0.0
0.0
0.0
0.0
0.0
0.0
0.0
0.0
0.0
0.0
0.0
0.008
0.025
0.049
0.079
0.114
0.154
0.196
0.24
0.286
0.331
0.375
0.419
0.461
0.503
0.543
0.581
0.617
0.651
0.682
0.711
0.737
0.76
0.78
0.797
0.811
0.82
0.826
0.829
0.83
0.827
0.821
0.812
0.799
0.781
0.758
0.728
0.692
0.648
0.6
0.554
0.513
0.481
0.455
0.429
0.4
0.364
0.322
0.277
0.23
0.185
0.143
0.104
0.072
0.045
0.025
0.011
0.002
0.0
0.0
0.0
0.0
0.0
0.0
0.0
0.0
0.0
0.0
0.0
0.0
0.0
0.0
0.0
0.0
0.0
0.0
0.0
0.0
0.0
0.0
0.0
0.0
0.0
0.0
0.0
0.0
0.0
0.0
0.0
0.0
0.0
0.0
0.0
0.0
0.0
0.0
0.0
0.006
0.017
0.034
0.055
0.081
0.108
0.138
0.168
0.198
0.227
0.254
0.28
0.305
0.33
0.354
0.377
0.399
0.42
0.44
0.459
0.475
0.488
0.499
0.505
0.507
0.503
0.495
0.486
0.475
0.466
0.457
0.448
0.438
0.427
0.415
0.402
0.386
0.369
0.35
0.33
0.308
0.285
0.261
0.237
0.212
0.188
0.164
0.141
0.118
0.097
0.077
0.059
0.042
0.028
0.016
0.007
0.0
0.0
0.0
0.0
0.0
0.0
0.0
0.0
0.0
0.0
0.0
0.0
0.0
0.0
0.0
0.0
0.0
0.0
0.0
0.0
0.0
0.0
0.0
0.0
0.0
0.0
0.0
0.0
0.0
0.0
0.0
0.0
0.0
0.0
0.0
0.0
0.0
0.0
0.0
0.0
0.006
0.02
0.041
0.067
0.098
0.131
0.166
0.204
0.243
0.282
0.322
0.363
0.402
0.442
0.48
0.517
0.551
0.584
0.614
0.641
0.666
0.689
0.709
0.728
0.745
0.76
0.774
0.784
0.789
0.79
0.786
0.778
0.767
0.755
0.74
0.723
0.703
0.681
0.656
0.628
0.596
0.56
0.522
0.482
0.44
0.398
0.355
0.311
0.264
0.215
0.165
0.119
0.08
0.049
0.026
0.011
0.002
0.0
0.0
0.0
0.0
0.0
0.0
0.0
0.0
0.0
0.0
0.0
0.0
0.0
0.0
0.0
0.0
0.0
0.0
0.0
0.0
0.0
0.0
0.0
0.0
0.0
0.0
0.0
0.0
0.0
0.0
0.0
0.0
0.0
0.0
0.0
0.0
0.0
0.0
0.0
0.005
0.018
0.037
0.061
0.087
0.115
0.146
0.179
0.215
0.256
0.3
0.347
0.394
0.441
0.488
0.533
0.577
0.618
0.656
0.69
0.719
0.743
0.762
0.777
0.789
0.798
0.805
0.809
0.812
0.813
0.81
0.802
0.786
0.761
0.732
0.701
0.673
0.651
0.632
0.612
0.587
0.555
0.516
0.473
0.427
0.379
0.332
0.284
0.239
0.195
0.154
0.116
0.082
0.054
0.03
0.013
0.002
0.0
0.0
0.0
0.0
0.0
0.0
0.0
0.0
0.0
0.0
0.0
0.0
0.0
0.0
0.0
0.0
0.0
0.0
0.0
0.0
0.0
0.0
0.0
0.0
0.0
0.0
0.0
0.0
0.0
0.0
0.0
0.0
0.0
0.0
0.0
0.0
0.0
0.0
0.0
0.006
0.021
0.045
0.075
0.11
0.15
0.194
0.24
0.286
0.332
0.378
0.422
0.465
0.507
0.547
0.585
0.622
0.657
0.69
0.718
0.74
0.756
0.764
0.765
0.76
0.748
0.732
0.716
0.703
0.694
0.687
0.678
0.66
0.633
0.598
0.561
0.526
0.496
0.471
0.447
0.42
0.389
0.354
0.317
0.279
0.242
0.206
0.172
0.14
0.112
0.086
0.064
0.045
0.029
0.016
0.007
0.0
0.0
0.0
0.0
0.0
0.0
0.0
0.0
0.0
0.0
0.0
0.0
0.0
0.0
0.0
0.0
0.0
0.0
0.0
0.0
0.0
0.0
0.0
0.0
0.0
0.0
0.0
0.0
0.0
0.0
0.0
0.0
0.0
0.0
0.0
0.0
0.0
0.0
0.0
0.0
0.004
0.017
0.037
0.063
0.095
0.132
0.173
0.215
0.258
0.301
0.342
0.382
0.419
0.455
0.489
0.521
0.552
0.581
0.607
0.632
0.652
0.669
0.682
0.692
0.7
0.706
0.711
0.714
0.716
0.717
0.715
0.709
0.697
0.679
0.656
0.63
0.605
0.58
0.556
0.529
0.496
0.456
0.413
0.368
0.327
0.291
0.26
0.23
0.199
0.165
0.13
0.096
0.066
0.041
0.022
0.009
0.0
0.0
0.0
0.0
0.0
0.0
0.0
0.0
0.0
0.0
0.0
0.0
0.0
0.0
0.0
0.0
0.0
0.0
0.0
0.0
0.0
0.0
0.0
0.0
0.0
0.0
0.0
0.0
0.0
0.0
0.0
0.0
0.0
0.0
0.0
0.0
0.0
0.0
0.0
0.0
0.004
0.017
0.036
0.062
0.095
0.132
0.174
0.218
0.263
0.309
0.354
0.398
0.441
0.483
0.523
0.562
0.599
0.634
0.666
0.695
0.72
0.74
0.756
0.768
0.777
0.783
0.787
0.787
0.784
0.778
0.768
0.757
0.743
0.727
0.709
0.687
0.66
0.627
0.59
0.552
0.514
0.48
0.447
0.415
0.382
0.348
0.311
0.273
0.232
0.188
0.146
0.105
0.071
0.043
0.023
0.009
0.0
0.0
0.0
0.0
0.0
0.0
0.0
0.0
0.0
0.0
0.0
0.0
0.0
0.0
0.0
0.0
0.0
0.0
0.0
0.0
0.0
0.0
0.0
0.0
0.0
0.0
0.0
0.0
0.0
0.0
0.0
0.0
0.0
0.0
0.0
0.0
0.0
0.0
0.0
0.0
0.003
0.016
0.036
0.061
0.093
0.131
0.173
0.217
0.263
0.309
0.354
0.398
0.442
0.484
0.525
0.564
0.6
0.633
0.664
0.692
0.717
0.741
0.762
0.78
0.795
0.806
0.813
0.817
0.818
0.815
0.808
0.797
0.782
0.764
0.742
0.717
0.69
0.662
0.631
0.599
0.564
0.526
0.485
0.443
0.4
0.356
0.311
0.267
0.221
0.175
0.132
0.092
0.059
0.034
0.017
0.006
0.0
0.0
0.0
0.0
0.0
0.0
0.0
0.0
0.0
0.0
0.0
0.0
0.0
0.0
0.0
0.0
0.0
0.0
0.0
0.0
0.0
0.0
0.0
0.0
0.0
0.0
0.0
0.0
0.0
0.0
0.0
0.0
0.0
0.0
0.0
0.0
0.0
0.0
0.0
0.0
0.002
0.013
0.029
0.05
0.076
0.106
0.139
0.173
0.206
0.238
0.269
0.301
0.337
0.377
0.421
0.465
0.509
0.549
0.587
0.622
0.655
0.684
0.707
0.721
0.722
0.709
0.688
0.669
0.66
0.667
0.685
0.701
0.708
0.698
0.674
0.646
0.618
0.597
0.581
0.565
0.545
0.517
0.483
0.443
0.4
0.355
0.309
0.262
0.215
0.169
0.126
0.087
0.056
0.032
0.016
0.006
0.0
0.0
0.0
0.0
0.0
0.0
0.0
0.0
0.0
0.0
0.0
0.0
0.0
0.0
0.0
0.0
0.0
0.0
0.0
0.0
0.0
0.0
0.0
0.0
0.0
0.0
0.0
0.0
0.0
0.0
0.0
0.0
0.0
0.0
0.0
0.0
0.0
0.0
0.0
0.0
0.0
0.004
0.012
0.024
0.042
0.069
0.102
0.142
0.188
0.237
0.29
0.343
0.395
0.445
0.491
0.534
0.574
0.611
0.644
0.673
0.699
0.722
0.742
0.758
0.77
0.777
0.781
0.783
0.783
0.781
0.776
0.768
0.753
0.73
0.702
0.667
0.628
0.586
0.543
0.504
0.471
0.446
0.426
0.405
0.378
0.34
0.295
0.246
0.198
0.155
0.116
0.083
0.056
0.034
0.018
0.007
0.0
0.0
0.0
0.0
0.0
0.0
0.0
0.0
0.0
0.0
0.0
0.0
0.0
0.0
0.0
0.0
0.0
0.0
0.0
0.0
0.0
0.0
0.0
0.0
0.0
0.0
0.0
0.0
0.0
0.0
0.0
0.0
0.0
0.0
0.0
0.0
0.0
0.0
0.0
0.0
0.002
0.012
0.029
0.053
0.083
0.119
0.161
0.205
0.251
0.296
0.341
0.385
0.427
0.469
0.509
0.546
0.582
0.615
0.645
0.673
0.699
0.723
0.744
0.76
0.771
0.776
0.777
0.773
0.768
0.761
0.753
0.744
0.734
0.721
0.706
0.688
0.667
0.642
0.614
0.582
0.548
0.51
0.471
0.43
0.388
0.345
0.301
0.258
0.213
0.169
0.127
0.089
0.057
0.033
0.017
0.006
0.0
0.0
0.0
0.0
0.0
0.0
0.0
0.0
0.0
0.0
0.0
0.0
0.0
0.0
0.0
0.0
0.0
0.0
0.0
0.0
0.0
0.0
0.0
0.0
0.0
0.0
0.0
0.0
0.0
0.0
0.0
0.0
0.0
0.0
0.0
0.0
0.0
0.0
0.0
0.0
0.0
0.012
0.029
0.053
0.083
0.12
0.162
0.207
0.253
0.299
0.344
0.388
0.431
0.474
0.515
0.555
0.592
0.628
0.66
0.69
0.718
0.742
0.763
0.781
0.795
0.806
0.814
0.818
0.819
0.816
0.81
0.8
0.786
0.77
0.75
0.727
0.7
0.671
0.639
0.605
0.568
0.529
0.489
0.447
0.404
0.36
0.315
0.27
0.223
0.177
0.133
0.093
0.059
0.035
0.017
0.006
0.0
0.0
0.0
0.0
0.0
0.0
0.0
0.0
0.0
0.0
0.0
0.0
0.0
0.0
0.0
0.0
0.0
0.0
0.0
0.0
0.0
0.0
0.0
0.0
0.0
0.0
0.0
0.0
0.0
0.0
0.0
0.0
0.0
0.0
0.0
0.0
0.0
0.0
0.0
0.0
0.0
0.012
0.029
0.052
0.083
0.12
0.163
0.208
0.255
0.302
0.347
0.391
0.434
0.476
0.515
0.553
0.588
0.622
0.652
0.68
0.704
0.726
0.743
0.757
0.766
0.771
0.773
0.771
0.766
0.758
0.748
0.736
0.723
0.708
0.691
0.671
0.648
0.621
0.591
0.558
0.523
0.486
0.448
0.409
0.367
0.325
0.281
0.237
0.193
0.15
0.111
0.076
0.048
0.027
0.013
0.005
0.0
0.0
0.0
0.0
0.0
0.0
0.0
0.0
0.0
0.0
0.0
0.0
0.0
0.0
0.0
0.0
0.0
0.0
0.0
0.0
0.0
0.0
0.0
0.0
0.0
0.0
0.0
0.0
0.0
0.0
0.0
0.0
0.0
0.0
0.0
0.0
0.0
0.0
0.0
0.0
0.0
0.007
0.018
0.033
0.052
0.075
0.102
0.13
0.16
0.188
0.217
0.248
0.281
0.317
0.356
0.395
0.434
0.47
0.505
0.537
0.568
0.597
0.625
0.651
0.675
0.697
0.715
0.729
0.736
0.735
0.728
0.716
0.7
0.683
0.663
0.642
0.618
0.592
0.564
0.534
0.502
0.47
0.435
0.397
0.356
0.31
0.263
0.215
0.17
0.129
0.094
0.064
0.04
0.023
0.011
0.004
0.0
0.0
0.0
0.0
0.0
0.0
0.0
0.0
0.0
0.0
0.0
0.0
0.0
0.0
0.0
0.0
0.0
0.0
0.0
0.0
0.0
0.0
0.0
0.0
0.0
0.0
0.0
0.0
0.0
0.0
0.0
0.0
0.0
0.0
0.0
0.0
0.0
0.0
0.0
0.0
0.0
0.008
0.02
0.038
0.062
0.091
0.124
0.156
0.185
0.207
0.227
0.251
0.283
0.328
0.379
0.43
0.471
0.499
0.518
0.534
0.555
0.585
0.619
0.646
0.659
0.651
0.63
0.607
0.593
0.595
0.61
0.63
0.647
0.656
0.655
0.645
0.627
0.6
0.566
0.527
0.485
0.441
0.394
0.344
0.29
0.232
0.174
0.121
0.079
0.05
0.033
0.023
0.017
0.012
0.007
0.003
0.0
0.0
0.0
0.0
0.0
0.0
0.0
0.0
0.0
0.0
0.0
0.0
0.0
0.0
0.0
0.0
0.0
0.0
0.0
0.0
0.0
0.0
0.0
0.0
0.0
0.0
0.0
0.0
0.0
0.0
0.0
0.0
0.0
0.0
0.0
0.0
0.0
0.0
0.0
0.0
0.0
0.01
0.026
0.047
0.072
0.103
0.14
0.184
0.236
0.296
0.353
0.394
0.407
0.384
0.337
0.283
0.238
0.216
0.214
0.224
0.24
0.257
0.273
0.289
0.305
0.323
0.346
0.377
0.421
0.478
0.54
0.591
0.621
0.619
0.592
0.551
0.506
0.466
0.433
0.407
0.389
0.378
0.368
0.355
0.332
0.296
0.249
0.199
0.151
0.109
0.075
0.048
0.028
0.015
0.006
0.002
0.0
0.0
0.0
0.0
0.0
0.0
0.0
0.0
0.0
0.0
0.0
0.0
0.0
0.0
0.0
0.0
0.0
0.0
0.0
0.0
0.0
0.0
0.0
0.0
0.0
0.0
0.0
0.0
0.0
0.0
0.0
0.0
0.0
0.0
0.0
0.0
0.0
0.0
0.0
0.0
0.0
0.008
0.022
0.043
0.073
0.111
0.156
0.204
0.253
0.298
0.342
0.384
0.425
0.465
0.503
0.536
0.561
0.577
0.587
0.596
0.609
0.628
0.651
0.672
0.687
0.692
0.691
0.687
0.685
0.689
0.696
0.702
0.706
0.704
0.697
0.683
0.665
0.642
0.614
0.583
0.549
0.512
0.473
0.431
0.387
0.341
0.294
0.247
0.2
0.156
0.114
0.078
0.049
0.028
0.013
0.005
0.0
0.0
0.0
0.0
0.0
0.0
0.0
0.0
0.0
0.0
0.0
0.0
0.0
0.0
0.0
0.0
0.0
0.0
0.0
0.0
0.0
0.0
0.0
0.0
0.0
0.0
0.0
0.0
0.0
0.0
0.0
0.0
0.0
0.0
0.0
0.0
0.0
0.0
0.0
0.0
0.0
0.009
0.023
0.042
0.068
0.098
0.133
0.169
0.205
0.239
0.273
0.308
0.347
0.39
0.432
0.467
0.488
0.493
0.482
0.46
0.431
0.401
0.376
0.363
0.37
0.401
0.448
0.501
0.548
0.58
0.599
0.61
0.616
0.619
0.619
0.611
0.593
0.563
0.525
0.486
0.449
0.42
0.395
0.368
0.336
0.293
0.244
0.194
0.15
0.114
0.087
0.065
0.048
0.032
0.018
0.007
0.0
0.0
0.0
0.0
0.0
0.0
0.0
0.0
0.0
0.0
0.0
0.0
0.0
0.0
0.0
0.0
0.0
0.0
0.0
0.0
0.0
0.0
0.0
0.0
0.0
0.0
0.0
0.0
0.0
0.0
0.0
0.0
0.0
0.0
0.0
0.0
0.0
0.0
0.0
0.0
0.0
0.008
0.021
0.041
0.07
0.107
0.15
0.198
0.247
0.295
0.342
0.388
0.433
0.476
0.519
0.559
0.598
0.633
0.666
0.695
0.72
0.741
0.757
0.769
0.777
0.781
0.781
0.778
0.772
0.764
0.755
0.742
0.728
0.71
0.69
0.668
0.645
0.621
0.595
0.566
0.534
0.497
0.457
0.415
0.373
0.331
0.29
0.248
0.204
0.159
0.114
0.074
0.042
0.021
0.008
0.002
0.0
0.0
0.0
0.0
0.0
0.0
0.0
0.0
0.0
0.0
0.0
0.0
0.0
0.0
0.0
0.0
0.0
0.0
0.0
0.0
0.0
0.0
0.0
0.0
0.0
0.0
0.0
0.0
0.0
0.0
0.0
0.0
0.0
0.0
0.0
0.0
0.0
0.0
0.0
0.0
0.0
0.003
0.009
0.018
0.03
0.045
0.064
0.085
0.108
0.133
0.16
0.19
0.225
0.265
0.307
0.35
0.391
0.427
0.46
0.492
0.525
0.561
0.597
0.63
0.659
0.681
0.695
0.703
0.703
0.696
0.685
0.672
0.661
0.652
0.645
0.638
0.63
0.619
0.603
0.582
0.555
0.522
0.482
0.439
0.393
0.347
0.301
0.254
0.206
0.158
0.113
0.073
0.041
0.02
0.008
0.002
0.0
0.0
0.0
0.0
0.0
0.0
0.0
0.0
0.0
0.0
0.0
0.0
0.0
0.0
0.0
0.0
0.0
0.0
0.0
0.0
0.0
0.0
0.0
0.0
0.0
0.0
0.0
0.0
0.0
0.0
0.0
0.0
0.0
0.0
0.0
0.0
0.0
0.0
0.0
0.0
0.0
0.006
0.016
0.033
0.059
0.093
0.135
0.181
0.229
0.277
0.324
0.37
0.416
0.46
0.502
0.543
0.581
0.617
0.651
0.681
0.709
0.733
0.753
0.77
0.783
0.792
0.797
0.798
0.798
0.795
0.79
0.782
0.771
0.757
0.739
0.717
0.691
0.661
0.628
0.592
0.554
0.514
0.472
0.429
0.384
0.338
0.292
0.245
0.197
0.15
0.106
0.067
0.037
0.017
0.006
0.0
0.0
0.0
0.0
0.0
0.0
0.0
0.0
0.0
0.0
0.0
0.0
0.0
0.0
0.0
0.0
0.0
0.0
0.0
0.0
0.0
0.0
0.0
0.0
0.0
0.0
0.0
0.0
0.0
0.0
0.0
0.0
0.0
0.0
0.0
0.0
0.0
0.0
0.0
0.0
0.0
0.0
0.005
0.015
0.031
0.056
0.09
0.132
0.178
0.227
0.274
0.321
0.367
0.412
0.455
0.497
0.538
0.576
0.613
0.646
0.677
0.705
0.729
0.751
0.769
0.784
0.795
0.803
0.808
0.808
0.805
0.798
0.787
0.773
0.755
0.735
0.712
0.685
0.656
0.624
0.59
0.553
0.513
0.472
0.429
0.384
0.339
0.293
0.246
0.199
0.151
0.106
0.067
0.036
0.017
0.006
0.0
0.0
0.0
0.0
0.0
0.0
0.0
0.0
0.0
0.0
0.0
0.0
0.0
0.0
0.0
0.0
0.0
0.0
0.0
0.0
0.0
0.0
0.0
0.0
0.0
0.0
0.0
0.0
0.0
0.0
0.0
0.0
0.0
0.0
0.0
0.0
0.0
0.0
0.0
0.0
0.0
0.0
0.004
0.013
0.028
0.052
0.087
0.129
0.177
0.226
0.275
0.322
0.369
0.414
0.458
0.501
0.542
0.581
0.617
0.651
0.682
0.709
0.734
0.756
0.774
0.789
0.8
0.808
0.812
0.813
0.81
0.804
0.793
0.78
0.763
0.742
0.718
0.691
0.661
0.629
0.593
0.555
0.515
0.473
0.429
0.385
0.339
0.292
0.245
0.197
0.149
0.104
0.065
0.034
0.015
0.005
0.0
0.0
0.0
0.0
0.0
0.0
0.0
0.0
0.0
0.0
0.0
0.0
0.0
0.0
0.0
0.0
0.0
0.0
0.0
0.0
0.0
0.0
0.0
0.0
0.0
0.0
0.0
0.0
0.0
0.0
0.0
0.0
0.0
0.0
0.0
0.0
0.0
0.0
0.0
0.0
0.0
0.0
0.004
0.012
0.026
0.05
0.083
0.125
0.172
0.221
0.269
0.316
0.361
0.406
0.449
0.492
0.532
0.571
0.606
0.64
0.67
0.697
0.721
0.742
0.76
0.774
0.785
0.792
0.796
0.796
0.793
0.786
0.776
0.762
0.744
0.724
0.7
0.673
0.644
0.611
0.576
0.539
0.5
0.458
0.415
0.371
0.325
0.279
0.233
0.186
0.14
0.097
0.059
0.031
0.013
0.004
0.0
0.0
0.0
0.0
0.0
0.0
0.0
0.0
0.0
0.0
0.0
0.0
0.0
0.0
0.0
0.0
0.0
0.0
0.0
0.0
0.0
0.0
0.0
0.0
0.0
0.0
0.0
0.0
0.0
0.0
0.0
0.0
0.0
0.0
0.0
0.0
0.0
0.0
0.0
0.0
0.0
0.0
0.003
0.008
0.018
0.033
0.053
0.076
0.097
0.11
0.114
0.111
0.104
0.099
0.098
0.102
0.108
0.117
0.126
0.134
0.143
0.151
0.158
0.167
0.183
0.21
0.249
0.293
0.333
0.36
0.368
0.361
0.343
0.322
0.303
0.284
0.264
0.24
0.212
0.181
0.151
0.124
0.104
0.088
0.076
0.066
0.057
0.048
0.04
0.032
0.024
0.017
0.01
0.005
0.002
0.0
0.0
0.0
0.0
0.0
0.0
0.0
0.0
0.0
0.0
0.0
0.0
0.0
0.0
0.0
0.0
0.0
0.0
0.0
0.0
0.0
0.0
0.0
0.0
0.0
0.0
0.0
0.0
0.0
0.0
0.0
0.0
0.0
0.0
0.0
0.0
0.0
0.0
0.0
0.0
0.0
0.0
0.0
0.002
0.007
0.016
0.033
0.059
0.092
0.129
0.168
0.208
0.249
0.292
0.337
0.385
0.434
0.482
0.526
0.564
0.597
0.625
0.651
0.675
0.696
0.714
0.728
0.736
0.74
0.741
0.738
0.732
0.724
0.713
0.698
0.678
0.656
0.631
0.603
0.575
0.544
0.512
0.478
0.442
0.405
0.366
0.326
0.285
0.243
0.201
0.159
0.118
0.08
0.047
0.023
0.008
0.002
0.0
0.0
0.0
0.0
0.0
0.0
0.0
0.0
0.0
0.0
0.0
0.0
0.0
0.0
0.0
0.0
0.0
0.0
0.0
0.0
0.0
0.0
0.0
0.0
0.0
0.0
0.0
0.0
0.0
0.0
0.0
0.0
0.0
0.0
0.0
0.0
0.0
0.0
0.0
0.0
0.0
0.0
0.0
0.005
0.013
0.028
0.05
0.078
0.11
0.142
0.172
0.204
0.241
0.286
0.342
0.403
0.465
0.521
0.566
0.602
0.632
0.658
0.683
0.707
0.728
0.745
0.759
0.768
0.774
0.775
0.772
0.766
0.756
0.742
0.726
0.706
0.682
0.656
0.627
0.595
0.56
0.522
0.482
0.44
0.396
0.352
0.307
0.262
0.216
0.171
0.127
0.085
0.05
0.024
0.008
0.0
0.0
0.0
0.0
0.0
0.0
0.0
0.0
0.0
0.0
0.0
0.0
0.0
0.0
0.0
0.0
0.0
0.0
0.0
0.0
0.0
0.0
0.0
0.0
0.0
0.0
0.0
0.0
0.0
0.0
0.0
0.0
0.0
0.0
0.0
0.0
0.0
0.0
0.0
0.0
0.0
0.0
0.0
0.002
0.006
0.017
0.037
0.067
0.106
0.15
0.197
0.243
0.289
0.334
0.378
0.421
0.462
0.502
0.539
0.574
0.605
0.634
0.659
0.68
0.698
0.712
0.723
0.73
0.736
0.739
0.741
0.742
0.74
0.735
0.726
0.711
0.691
0.667
0.639
0.609
0.575
0.539
0.5
0.458
0.414
0.368
0.321
0.274
0.227
0.183
0.14
0.101
0.067
0.039
0.019
0.006
0.0
0.0
0.0
0.0
0.0
0.0
0.0
0.0
0.0
0.0
0.0
0.0
0.0
0.0
0.0
0.0
0.0
0.0
0.0
0.0
0.0
0.0
0.0
0.0
0.0
0.0
0.0
0.0
0.0
0.0
0.0
0.0
0.0
0.0
0.0
0.0
0.0
0.0
0.0
0.0
0.0
0.0
0.0
0.0
0.006
0.016
0.035
0.064
0.103
0.146
0.192
0.239
0.285
0.33
0.374
0.417
0.458
0.498
0.536
0.571
0.604
0.634
0.662
0.686
0.706
0.724
0.738
0.749
0.756
0.76
0.759
0.754
0.744
0.729
0.71
0.684
0.654
0.619
0.579
0.535
0.491
0.45
0.417
0.393
0.375
0.357
0.331
0.294
0.249
0.2
0.151
0.107
0.07
0.039
0.018
0.005
0.0
0.0
0.0
0.0
0.0
0.0
0.0
0.0
0.0
0.0
0.0
0.0
0.0
0.0
0.0
0.0
0.0
0.0
0.0
0.0
0.0
0.0
0.0
0.0
0.0
0.0
0.0
0.0
0.0
0.0
0.0
0.0
0.0
0.0
0.0
0.0
0.0
0.0
0.0
0.0
0.0
0.0
0.0
0.0
0.003
0.008
0.015
0.026
0.04
0.057
0.075
0.094
0.114
0.135
0.158
0.181
0.206
0.232
0.259
0.288
0.317
0.346
0.373
0.398
0.422
0.444
0.466
0.488
0.507
0.523
0.531
0.531
0.524
0.513
0.499
0.484
0.467
0.446
0.421
0.389
0.353
0.314
0.273
0.234
0.196
0.16
0.129
0.102
0.079
0.06
0.044
0.03
0.019
0.011
0.005
0.002
0.0
0.0
0.0
0.0
0.0
0.0
0.0
0.0
0.0
0.0
0.0
0.0
0.0
0.0
0.0
0.0
0.0
0.0
0.0
0.0
0.0
0.0
0.0
0.0
0.0
0.0
0.0
0.0
0.0
0.0
0.0
0.0
0.0
0.0
0.0
0.0
0.0
0.0
0.0
0.0
0.0
0.0
0.0
0.0
0.003
0.011
0.026
0.049
0.079
0.115
0.154
0.194
0.235
0.277
0.321
0.366
0.412
0.457
0.5
0.541
0.579
0.612
0.642
0.667
0.687
0.705
0.72
0.733
0.743
0.75
0.753
0.75
0.743
0.731
0.715
0.696
0.674
0.65
0.624
0.595
0.565
0.53
0.492
0.45
0.404
0.357
0.309
0.262
0.217
0.174
0.133
0.095
0.061
0.033
0.013
0.002
0.0
0.0
0.0
0.0
0.0
0.0
0.0
0.0
0.0
0.0
0.0
0.0
0.0
0.0
0.0
0.0
0.0
0.0
0.0
0.0
0.0
0.0
0.0
0.0
0.0
0.0
0.0
0.0
0.0
0.0
0.0
0.0
0.0
0.0
0.0
0.0
0.0
0.0
0.0
0.0
0.0
0.0
0.0
0.0
0.004
0.011
0.025
0.047
0.075
0.104
0.133
0.158
0.182
0.208
0.237
0.273
0.311
0.348
0.378
0.399
0.415
0.43
0.452
0.482
0.519
0.557
0.591
0.617
0.637
0.653
0.666
0.677
0.684
0.683
0.669
0.64
0.599
0.549
0.495
0.441
0.388
0.338
0.294
0.257
0.225
0.198
0.172
0.146
0.121
0.097
0.073
0.052
0.033
0.017
0.006
0.0
0.0
0.0
0.0
0.0
0.0
0.0
0.0
0.0
0.0
0.0
0.0
0.0
0.0
0.0
0.0
0.0
0.0
0.0
0.0
0.0
0.0
0.0
0.0
0.0
0.0
0.0
0.0
0.0
0.0
0.0
0.0
0.0
0.0
0.0
0.0
0.0
0.0
0.0
0.0
0.0
0.0
0.0
0.0
0.0
0.002
0.006
0.013
0.025
0.04
0.058
0.077
0.097
0.118
0.141
0.165
0.19
0.216
0.241
0.264
0.284
0.3
0.313
0.324
0.331
0.333
0.327
0.31
0.282
0.248
0.215
0.191
0.181
0.183
0.191
0.201
0.208
0.211
0.21
0.202
0.188
0.17
0.15
0.131
0.115
0.102
0.091
0.082
0.075
0.068
0.061
0.052
0.041
0.028
0.017
0.008
0.002
0.0
0.0
0.0
0.0
0.0
0.0
0.0
0.0
0.0
0.0
0.0
0.0
0.0
0.0
0.0
0.0
0.0
0.0
0.0
0.0
0.0
0.0
0.0
0.0
0.0
0.0
0.0
0.0
0.0
0.0
0.0
0.0
0.0
0.0
0.0
0.0
0.0
0.0
0.0
0.0
0.0
0.0
0.0
0.0
0.0
0.007
0.021
0.045
0.077
0.115
0.156
0.198
0.242
0.285
0.33
0.374
0.418
0.46
0.501
0.539
0.575
0.607
0.636
0.66
0.681
0.699
0.713
0.723
0.731
0.736
0.737
0.736
0.731
0.722
0.71
0.693
0.672
0.648
0.621
0.59
0.557
0.522
0.484
0.444
0.402
0.359
0.315
0.269
0.224
0.179
0.136
0.096
0.06
0.031
0.01
0.0
0.0
0.0
0.0
0.0
0.0
0.0
0.0
0.0
0.0
0.0
0.0
0.0
0.0
0.0
0.0
0.0
0.0
0.0
0.0
0.0
0.0
0.0
0.0
0.0
0.0
0.0
0.0
0.0
0.0
0.0
0.0
0.0
0.0
0.0
0.0
0.0
0.0
0.0
0.0
0.0
0.0
0.0
0.0
0.0
0.002
0.007
0.016
0.031
0.05
0.07
0.089
0.106
0.122
0.141
0.166
0.199
0.239
0.282
0.325
0.366
0.403
0.435
0.46
0.478
0.489
0.494
0.495
0.494
0.489
0.481
0.469
0.453
0.431
0.405
0.372
0.335
0.297
0.262
0.234
0.217
0.207
0.202
0.195
0.184
0.168
0.15
0.13
0.108
0.087
0.067
0.048
0.033
0.02
0.011
0.004
0.0
0.0
0.0
0.0
0.0
0.0
0.0
0.0
0.0
0.0
0.0
0.0
0.0
0.0
0.0
0.0
0.0
0.0
0.0
0.0
0.0
0.0
0.0
0.0
0.0
0.0
0.0
0.0
0.0
0.0
0.0
0.0
0.0
0.0
0.0
0.0
0.0
0.0
0.0
0.0
0.0
0.0
0.0
0.0
0.0
0.0
0.004
0.017
0.038
0.064
0.09
0.11
0.122
0.126
0.128
0.13
0.137
0.148
0.164
0.185
0.21
0.235
0.259
0.277
0.287
0.291
0.292
0.293
0.297
0.302
0.306
0.308
0.306
0.299
0.286
0.268
0.246
0.222
0.201
0.188
0.185
0.19
0.198
0.205
0.207
0.203
0.192
0.175
0.151
0.123
0.094
0.067
0.044
0.027
0.014
0.005
0.0
0.0
0.0
0.0
0.0
0.0
0.0
0.0
0.0
0.0
0.0
0.0
0.0
0.0
0.0
0.0
0.0
0.0
0.0
0.0
0.0
0.0
0.0
0.0
0.0
0.0
0.0
0.0
0.0
0.0
0.0
0.0
0.0
0.0
0.0
0.0
0.0
0.0
0.0
0.0
0.0
0.0
0.0
0.0
0.0
0.0
0.0
0.004
0.009
0.016
0.025
0.035
0.046
0.058
0.07
0.082
0.095
0.107
0.119
0.13
0.141
0.154
0.17
0.191
0.218
0.25
0.282
0.313
0.34
0.365
0.391
0.421
0.456
0.494
0.529
0.555
0.568
0.567
0.552
0.52
0.473
0.416
0.355
0.296
0.245
0.202
0.165
0.133
0.106
0.083
0.063
0.046
0.031
0.019
0.009
0.003
0.0
0.0
0.0
0.0
0.0
0.0
0.0
0.0
0.0
0.0
0.0
0.0
0.0
0.0
0.0
0.0
0.0
0.0
0.0
0.0
0.0
0.0
0.0
0.0
0.0
0.0
0.0
0.0
0.0
0.0
0.0
0.0
0.0
0.0
0.0
0.0
0.0
0.0
0.0
0.0
0.0
0.0
0.0
0.0
0.0
0.0
0.0
0.013
0.035
0.066
0.103
0.145
0.189
0.235
0.28
0.325
0.367
0.407
0.445
0.48
0.513
0.543
0.572
0.598
0.623
0.646
0.665
0.68
0.689
0.691
0.683
0.663
0.632
0.595
0.562
0.542
0.538
0.546
0.554
0.553
0.535
0.503
0.462
0.416
0.369
0.321
0.274
0.226
0.178
0.131
0.09
0.056
0.033
0.017
0.008
0.003
0.0
0.0
0.0
0.0
0.0
0.0
0.0
0.0
0.0
0.0
0.0
0.0
0.0
0.0
0.0
0.0
0.0
0.0
0.0
0.0
0.0
0.0
0.0
0.0
0.0
0.0
0.0
0.0
0.0
0.0
0.0
0.0
0.0
0.0
0.0
0.0
0.0
0.0
0.0
0.0
0.0
0.0
0.0
0.0
0.0
0.0
0.0
0.002
0.006
0.013
0.02
0.027
0.035
0.042
0.051
0.063
0.079
0.098
0.119
0.143
0.167
0.192
0.215
0.236
0.254
0.275
0.305
0.35
0.413
0.484
0.55
0.599
0.62
0.619
0.601
0.575
0.546
0.518
0.493
0.474
0.46
0.449
0.434
0.411
0.376
0.333
0.285
0.24
0.199
0.164
0.132
0.102
0.072
0.044
0.021
0.005
0.0
0.0
0.0
0.0
0.0
0.0
0.0
0.0
0.0
0.0
0.0
0.0
0.0
0.0
0.0
0.0
0.0
0.0
0.0
0.0
0.0
0.0
0.0
0.0
0.0
0.0
0.0
0.0
0.0
0.0
0.0
0.0
0.0
0.0
0.0
0.0
0.0
0.0
0.0
0.0
0.0
0.0
0.0
0.0
0.0
0.0
0.0
0.006
0.014
0.025
0.039
0.056
0.075
0.1
0.135
0.187
0.255
0.333
0.412
0.48
0.531
0.565
0.587
0.599
0.604
0.603
0.596
0.583
0.565
0.543
0.517
0.488
0.458
0.429
0.402
0.378
0.36
0.345
0.331
0.316
0.298
0.277
0.256
0.236
0.218
0.202
0.184
0.165
0.142
0.117
0.091
0.067
0.045
0.027
0.012
0.003
0.0
0.0
0.0
0.0
0.0
0.0
0.0
0.0
0.0
0.0
0.0
0.0
0.0
0.0
0.0
0.0
0.0
0.0
0.0
0.0
0.0
0.0
0.0
0.0
0.0
0.0
0.0
0.0
0.0
0.0
0.0
0.0
0.0
0.0
0.0
0.0
0.0
0.0
0.0
0.0
0.0
0.0
0.0
0.0
0.0
0.0
0.0
0.002
0.005
0.01
0.016
0.024
0.033
0.047
0.07
0.106
0.158
0.221
0.286
0.348
0.4
0.439
0.461
0.465
0.449
0.422
0.392
0.371
0.365
0.372
0.386
0.401
0.414
0.422
0.427
0.428
0.426
0.421
0.414
0.407
0.398
0.389
0.377
0.362
0.342
0.317
0.288
0.254
0.215
0.174
0.133
0.095
0.063
0.036
0.016
0.003
0.0
0.0
0.0
0.0
0.0
0.0
0.0
0.0
0.0
0.0
0.0
0.0
0.0
0.0
0.0
0.0
0.0
0.0
0.0
0.0
0.0
0.0
0.0
0.0
0.0
0.0
0.0
0.0
0.0
0.0
0.0
0.0
0.0
0.0
0.0
0.0
0.0
0.0
0.0
0.0
0.0
0.0
0.0
0.0
0.0
0.0
0.0
0.009
0.025
0.049
0.081
0.118
0.162
0.208
0.257
0.306
0.352
0.397
0.439
0.478
0.514
0.548
0.578
0.604
0.626
0.644
0.657
0.663
0.664
0.659
0.65
0.639
0.626
0.614
0.604
0.596
0.592
0.589
0.583
0.57
0.549
0.519
0.48
0.435
0.384
0.329
0.275
0.224
0.179
0.139
0.105
0.075
0.049
0.029
0.013
0.002
0.0
0.0
0.0
0.0
0.0
0.0
0.0
0.0
0.0
0.0
0.0
0.0
0.0
0.0
0.0
0.0
0.0
0.0
0.0
0.0
0.0
0.0
0.0
0.0
0.0
0.0
0.0
0.0
0.0
0.0
0.0
0.0
0.0
0.0
0.0
0.0
0.0
0.0
0.0
0.0
0.0
0.0
0.0
0.0
0.0
0.0
0.0
0.004
0.012
0.022
0.035
0.05
0.065
0.082
0.099
0.118
0.138
0.16
0.185
0.211
0.241
0.274
0.312
0.356
0.406
0.46
0.514
0.565
0.61
0.647
0.673
0.688
0.688
0.677
0.653
0.618
0.575
0.527
0.479
0.436
0.4
0.371
0.345
0.32
0.292
0.262
0.23
0.198
0.165
0.134
0.104
0.076
0.051
0.03
0.013
0.002
0.0
0.0
0.0
0.0
0.0
0.0
0.0
0.0
0.0
0.0
0.0
0.0
0.0
0.0
0.0
0.0
0.0
0.0
0.0
0.0
0.0
0.0
0.0
0.0
0.0
0.0
0.0
0.0
0.0
0.0
0.0
0.0
0.0
0.0
0.0
0.0
0.0
0.0
0.0
0.0
0.0
0.0
0.0
0.0
0.0
0.0
0.0
0.007
0.024
0.05
0.082
0.12
0.161
0.205
0.249
0.294
0.338
0.38
0.421
0.459
0.495
0.529
0.56
0.587
0.611
0.631
0.647
0.66
0.669
0.675
0.677
0.676
0.671
0.664
0.653
0.639
0.621
0.6
0.576
0.548
0.518
0.484
0.448
0.411
0.372
0.331
0.29
0.247
0.204
0.161
0.121
0.086
0.055
0.031
0.013
0.002
0.0
0.0
0.0
0.0
0.0
0.0
0.0
0.0
0.0
0.0
0.0
0.0
0.0
0.0
0.0
0.0
0.0
0.0
0.0
0.0
0.0
0.0
0.0
0.0
0.0
0.0
0.0
0.0
0.0
0.0
0.0
0.0
0.0
0.0
0.0
0.0
0.0
0.0
0.0
0.0
0.0
0.0
0.0
0.0
0.0
0.0
0.0
0.002
0.006
0.013
0.021
0.031
0.041
0.053
0.065
0.078
0.091
0.105
0.118
0.132
0.144
0.156
0.166
0.175
0.182
0.188
0.193
0.198
0.202
0.205
0.208
0.208
0.207
0.204
0.202
0.201
0.203
0.204
0.203
0.196
0.181
0.162
0.14
0.12
0.105
0.092
0.081
0.07
0.057
0.044
0.032
0.021
0.012
0.006
0.003
0.0
0.0
0.0
0.0
0.0
0.0
0.0
0.0
0.0
0.0
0.0
0.0
0.0
0.0
0.0
0.0
0.0
0.0
0.0
0.0
0.0
0.0
0.0
0.0
0.0
0.0
0.0
0.0
0.0
0.0
0.0
0.0
0.0
0.0
0.0
0.0
0.0
0.0
0.0
0.0
0.0
0.0
0.0
0.0
0.0
0.0
0.0
0.0
0.002
0.006
0.014
0.026
0.044
0.069
0.1
0.134
0.17
0.205
0.24
0.274
0.308
0.34
0.371
0.403
0.436
0.47
0.502
0.531
0.552
0.565
0.571
0.573
0.573
0.572
0.57
0.564
0.553
0.535
0.512
0.486
0.46
0.437
0.414
0.393
0.371
0.347
0.32
0.29
0.254
0.213
0.17
0.127
0.088
0.056
0.031
0.012
0.0
0.0
0.0
0.0
0.0
0.0
0.0
0.0
0.0
0.0
0.0
0.0
0.0
0.0
0.0
0.0
0.0
0.0
0.0
0.0
0.0
0.0
0.0
0.0
0.0
0.0
0.0
0.0
0.0
0.0
0.0
0.0
0.0
0.0
0.0
0.0
0.0
0.0
0.0
0.0
0.0
0.0
0.0
0.0
0.0
0.0
0.0
0.0
0.003
0.014
0.03
0.05
0.074
0.1
0.127
0.152
0.173
0.19
0.204
0.217
0.232
0.252
0.27
0.281
0.28
0.263
0.237
0.213
0.202
0.21
0.232
0.256
0.274
0.279
0.273
0.264
0.257
0.257
0.261
0.264
0.262
0.249
0.229
0.203
0.175
0.146
0.118
0.093
0.071
0.054
0.041
0.031
0.022
0.015
0.009
0.004
0.0
0.0
0.0
0.0
0.0
0.0
0.0
0.0
0.0
0.0
0.0
0.0
0.0
0.0
0.0
0.0
0.0
0.0
0.0
0.0
0.0
0.0
0.0
0.0
0.0
0.0
0.0
0.0
0.0
0.0
0.0
0.0
0.0
0.0
0.0
0.0
0.0
0.0
0.0
0.0
0.0
0.0
0.0
0.0
0.0
0.0
0.0
0.0
0.0
0.006
0.013
0.022
0.032
0.042
0.053
0.065
0.077
0.091
0.105
0.119
0.132
0.144
0.155
0.164
0.173
0.181
0.187
0.192
0.196
0.197
0.198
0.196
0.193
0.189
0.182
0.175
0.165
0.155
0.143
0.131
0.119
0.107
0.096
0.085
0.076
0.067
0.058
0.051
0.043
0.036
0.029
0.023
0.017
0.011
0.006
0.003
0.0
0.0
0.0
0.0
0.0
0.0
0.0
0.0
0.0
0.0
0.0
0.0
0.0
0.0
0.0
0.0
0.0
0.0
0.0
0.0
0.0
0.0
0.0
0.0
0.0
0.0
0.0
0.0
0.0
0.0
0.0
0.0
0.0
0.0
0.0
0.0
0.0
0.0
0.0
0.0
0.0
0.0
0.0
0.0
0.0
0.0
0.0
0.0
0.0
0.007
0.016
0.026
0.039
0.052
0.065
0.081
0.097
0.116
0.134
0.153
0.17
0.184
0.197
0.209
0.221
0.234
0.245
0.254
0.256
0.253
0.245
0.236
0.229
0.227
0.229
0.232
0.235
0.236
0.235
0.232
0.225
0.217
0.206
0.196
0.187
0.179
0.171
0.161
0.147
0.127
0.104
0.079
0.055
0.035
0.019
0.008
0.0
0.0
0.0
0.0
0.0
0.0
0.0
0.0
0.0
0.0
0.0
0.0
0.0
0.0
0.0
0.0
0.0
0.0
0.0
0.0
0.0
0.0
0.0
0.0
0.0
0.0
0.0
0.0
0.0
0.0
0.0
0.0
0.0
0.0
0.0
0.0
0.0
0.0
0.0
0.0
0.0
0.0
0.0
0.0
0.0
0.0
0.0
0.0
0.002
0.013
0.031
0.053
0.082
0.115
0.15
0.187
0.223
0.256
0.289
0.324
0.365
0.412
0.463
0.512
0.554
0.585
0.607
0.623
0.635
0.646
0.654
0.66
0.662
0.659
0.652
0.641
0.627
0.61
0.589
0.564
0.534
0.499
0.46
0.418
0.375
0.333
0.291
0.25
0.208
0.167
0.126
0.09
0.059
0.035
0.018
0.007
0.0
0.0
0.0
0.0
0.0
0.0
0.0
0.0
0.0
0.0
0.0
0.0
0.0
0.0
0.0
0.0
0.0
0.0
0.0
0.0
0.0
0.0
0.0
0.0
0.0
0.0
0.0
0.0
0.0
0.0
0.0
0.0
0.0
0.0
0.0
0.0
0.0
0.0
0.0
0.0
0.0
0.0
0.0
0.0
0.0
0.0
0.0
0.0
0.002
0.012
0.028
0.049
0.075
0.106
0.14
0.178
0.219
0.261
0.303
0.344
0.382
0.416
0.446
0.473
0.497
0.521
0.541
0.559
0.571
0.579
0.582
0.583
0.582
0.581
0.58
0.576
0.569
0.558
0.542
0.52
0.491
0.456
0.416
0.375
0.338
0.305
0.275
0.246
0.212
0.174
0.134
0.094
0.06
0.035
0.017
0.006
0.0
0.0
0.0
0.0
0.0
0.0
0.0
0.0
0.0
0.0
0.0
0.0
0.0
0.0
0.0
0.0
0.0
0.0
0.0
0.0
0.0
0.0
0.0
0.0
0.0
0.0
0.0
0.0
0.0
0.0
0.0
0.0
0.0
0.0
0.0
0.0
0.0
0.0
0.0
0.0
0.0
0.0
0.0
0.0
0.0
0.0
0.0
0.0
0.0
0.011
0.026
0.049
0.079
0.117
0.161
0.208
0.254
0.297
0.338
0.377
0.414
0.449
0.482
0.514
0.542
0.568
0.59
0.609
0.625
0.637
0.644
0.648
0.648
0.644
0.636
0.625
0.61
0.592
0.571
0.546
0.518
0.486
0.452
0.417
0.38
0.344
0.308
0.269
0.228
0.185
0.141
0.099
0.064
0.038
0.019
0.007
0.0
0.0
0.0
0.0
0.0
0.0
0.0
0.0
0.0
0.0
0.0
0.0
0.0
0.0
0.0
0.0
0.0
0.0
0.0
0.0
0.0
0.0
0.0
0.0
0.0
0.0
0.0
0.0
0.0
0.0
0.0
0.0
0.0
0.0
0.0
0.0
0.0
0.0
0.0
0.0
0.0
0.0
0.0
0.0
0.0
0.0
0.0
0.0
0.0
0.003
0.01
0.02
0.035
0.057
0.086
0.121
0.164
0.214
0.268
0.321
0.371
0.412
0.446
0.471
0.488
0.496
0.498
0.496
0.493
0.492
0.493
0.499
0.512
0.532
0.555
0.575
0.586
0.584
0.57
0.545
0.512
0.474
0.431
0.386
0.34
0.296
0.252
0.211
0.172
0.135
0.102
0.072
0.048
0.029
0.015
0.006
0.0
0.0
0.0
0.0
0.0
0.0
0.0
0.0
0.0
0.0
0.0
0.0
0.0
0.0
0.0
0.0
0.0
0.0
0.0
0.0
0.0
0.0
0.0
0.0
0.0
0.0
0.0
0.0
0.0
0.0
0.0
0.0
0.0
0.0
0.0
0.0
0.0
0.0
0.0
0.0
0.0
0.0
0.0
0.0
0.0
0.0
0.0
0.0
0.0
0.006
0.017
0.034
0.057
0.088
0.126
0.169
0.215
0.264
0.313
0.36
0.404
0.442
0.475
0.505
0.531
0.555
0.576
0.594
0.609
0.62
0.628
0.633
0.633
0.63
0.623
0.611
0.596
0.576
0.553
0.526
0.496
0.463
0.428
0.39
0.351
0.311
0.271
0.23
0.189
0.148
0.11
0.075
0.047
0.027
0.013
0.005
0.0
0.0
0.0
0.0
0.0
0.0
0.0
0.0
0.0
0.0
0.0
0.0
0.0
0.0
0.0
0.0
0.0
0.0
0.0
0.0
0.0
0.0
0.0
0.0
0.0
0.0
0.0
0.0
0.0
0.0
0.0
0.0
0.0
0.0
0.0
0.0
0.0
0.0
0.0
0.0
0.0
0.0
0.0
0.0
0.0
0.0
0.0
0.0
0.0
0.005
0.012
0.023
0.039
0.059
0.082
0.106
0.129
0.15
0.174
0.205
0.249
0.308
0.375
0.438
0.488
0.516
0.528
0.532
0.536
0.548
0.562
0.574
0.577
0.566
0.544
0.516
0.486
0.456
0.428
0.401
0.374
0.348
0.323
0.297
0.27
0.243
0.215
0.185
0.155
0.122
0.091
0.062
0.038
0.021
0.01
0.003
0.0
0.0
0.0
0.0
0.0
0.0
0.0
0.0
0.0
0.0
0.0
0.0
0.0
0.0
0.0
0.0
0.0
0.0
0.0
0.0
0.0
0.0
0.0
0.0
0.0
0.0
0.0
0.0
0.0
0.0
0.0
0.0
0.0
0.0
0.0
0.0
0.0
0.0
0.0
0.0
0.0
0.0
0.0
0.0
0.0
0.0
0.0
0.0
0.0
0.006
0.015
0.028
0.045
0.067
0.092
0.118
0.144
0.167
0.19
0.214
0.24
0.271
0.306
0.344
0.385
0.428
0.47
0.509
0.544
0.572
0.592
0.606
0.614
0.615
0.61
0.598
0.582
0.559
0.533
0.503
0.472
0.44
0.408
0.375
0.342
0.309
0.276
0.24
0.202
0.161
0.119
0.08
0.048
0.026
0.012
0.004
0.0
0.0
0.0
0.0
0.0
0.0
0.0
0.0
0.0
0.0
0.0
0.0
0.0
0.0
0.0
0.0
0.0
0.0
0.0
0.0
0.0
0.0
0.0
0.0
0.0
0.0
0.0
0.0
0.0
0.0
0.0
0.0
0.0
0.0
0.0
0.0
0.0
0.0
0.0
0.0
0.0
0.0
0.0
0.0
0.0
0.0
0.0
0.0
0.0
0.005
0.014
0.026
0.042
0.062
0.084
0.108
0.132
0.154
0.175
0.195
0.214
0.232
0.251
0.27
0.291
0.314
0.335
0.353
0.363
0.364
0.363
0.364
0.375
0.4
0.433
0.463
0.482
0.483
0.469
0.445
0.418
0.392
0.367
0.341
0.314
0.284
0.252
0.218
0.18
0.141
0.102
0.066
0.038
0.019
0.008
0.002
0.0
0.0
0.0
0.0
0.0
0.0
0.0
0.0
0.0
0.0
0.0
0.0
0.0
0.0
0.0
0.0
0.0
0.0
0.0
0.0
0.0
0.0
0.0
0.0
0.0
0.0
0.0
0.0
0.0
0.0
0.0
0.0
0.0
0.0
0.0
0.0
0.0
0.0
0.0
0.0
0.0
0.0
0.0
0.0
0.0
0.0
0.0
0.0
0.0
0.002
0.006
0.013
0.025
0.041
0.061
0.082
0.102
0.119
0.138
0.161
0.195
0.24
0.295
0.353
0.408
0.457
0.498
0.532
0.558
0.576
0.589
0.597
0.602
0.605
0.604
0.599
0.59
0.574
0.554
0.529
0.501
0.47
0.437
0.403
0.366
0.328
0.288
0.246
0.203
0.158
0.115
0.076
0.045
0.023
0.01
0.003
0.0
0.0
0.0
0.0
0.0
0.0
0.0
0.0
0.0
0.0
0.0
0.0
0.0
0.0
0.0
0.0
0.0
0.0
0.0
0.0
0.0
0.0
0.0
0.0
0.0
0.0
0.0
0.0
0.0
0.0
0.0
0.0
0.0
0.0
0.0
0.0
0.0
0.0
0.0
0.0
0.0
0.0
0.0
0.0
0.0
0.0
0.0
0.0
0.0
0.005
0.012
0.023
0.038
0.057
0.079
0.105
0.133
0.165
0.2
0.24
0.287
0.341
0.398
0.452
0.499
0.532
0.556
0.57
0.58
0.586
0.589
0.59
0.587
0.583
0.575
0.565
0.552
0.536
0.516
0.494
0.468
0.439
0.407
0.372
0.336
0.298
0.258
0.218
0.177
0.136
0.097
0.062
0.035
0.017
0.007
0.002
0.0
0.0
0.0
0.0
0.0
0.0
0.0
0.0
0.0
0.0
0.0
0.0
0.0
0.0
0.0
0.0
0.0
0.0
0.0
0.0
0.0
0.0
0.0
0.0
0.0
0.0
0.0
0.0
0.0
0.0
0.0
0.0
0.0
0.0
0.0
0.0
0.0
0.0
0.0
0.0
0.0
0.0
0.0
0.0
0.0
0.0
0.0
0.0
0.0
0.004
0.01
0.02
0.033
0.049
0.07
0.094
0.12
0.149
0.182
0.221
0.266
0.32
0.376
0.431
0.478
0.513
0.538
0.555
0.566
0.573
0.576
0.576
0.574
0.571
0.565
0.556
0.545
0.53
0.511
0.488
0.461
0.43
0.395
0.358
0.32
0.282
0.244
0.206
0.167
0.128
0.09
0.057
0.031
0.015
0.005
0.0
0.0
0.0
0.0
0.0
0.0
0.0
0.0
0.0
0.0
0.0
0.0
0.0
0.0
0.0
0.0
0.0
0.0
0.0
0.0
0.0
0.0
0.0
0.0
0.0
0.0
0.0
0.0
0.0
0.0
0.0
0.0
0.0
0.0
0.0
0.0
0.0
0.0
0.0
0.0
0.0
0.0
0.0
0.0
0.0
0.0
0.0
0.0
0.0
0.0
0.004
0.012
0.026
0.047
0.076
0.111
0.149
0.187
0.222
0.253
0.281
0.306
0.327
0.345
0.362
0.377
0.392
0.405
0.415
0.42
0.42
0.415
0.406
0.396
0.385
0.373
0.359
0.344
0.328
0.31
0.292
0.276
0.261
0.247
0.231
0.212
0.188
0.161
0.132
0.102
0.075
0.05
0.03
0.014
0.005
0.0
0.0
0.0
0.0
0.0
0.0
0.0
0.0
0.0
0.0
0.0
0.0
0.0
0.0
0.0
0.0
0.0
0.0
0.0
0.0
0.0
0.0
0.0
0.0
0.0
0.0
0.0
0.0
0.0
0.0
0.0
0.0
0.0
0.0
0.0
0.0
0.0
0.0
0.0
0.0
0.0
0.0
0.0
0.0
0.0
0.0
0.0
0.0
0.0
0.0
0.0
0.003
0.009
0.021
0.038
0.064
0.096
0.134
0.176
0.222
0.268
0.314
0.356
0.393
0.425
0.453
0.479
0.501
0.521
0.539
0.553
0.565
0.574
0.579
0.58
0.577
0.57
0.56
0.546
0.529
0.508
0.485
0.458
0.429
0.397
0.362
0.324
0.284
0.242
0.199
0.158
0.119
0.083
0.053
0.03
0.015
0.006
0.002
0.0
0.0
0.0
0.0
0.0
0.0
0.0
0.0
0.0
0.0
0.0
0.0
0.0
0.0
0.0
0.0
0.0
0.0
0.0
0.0
0.0
0.0
0.0
0.0
0.0
0.0
0.0
0.0
0.0
0.0
0.0
0.0
0.0
0.0
0.0
0.0
0.0
0.0
0.0
0.0
0.0
0.0
0.0
0.0
0.0
0.0
0.0
0.0
0.0
0.006
0.016
0.029
0.046
0.065
0.088
0.116
0.149
0.189
0.233
0.28
0.327
0.373
0.413
0.444
0.462
0.465
0.459
0.448
0.441
0.442
0.447
0.452
0.451
0.442
0.424
0.401
0.376
0.351
0.325
0.3
0.274
0.248
0.222
0.198
0.175
0.155
0.136
0.117
0.096
0.074
0.051
0.031
0.015
0.005
0.0
0.0
0.0
0.0
0.0
0.0
0.0
0.0
0.0
0.0
0.0
0.0
0.0
0.0
0.0
0.0
0.0
0.0
0.0
0.0
0.0
0.0
0.0
0.0
0.0
0.0
0.0
0.0
0.0
0.0
0.0
0.0
0.0
0.0
0.0
0.0
0.0
0.0
0.0
0.0
0.0
0.0
0.0
0.0
0.0
0.0
0.0
0.0
0.0
0.0
0.0
0.004
0.013
0.028
0.052
0.085
0.126
0.171
0.217
0.262
0.304
0.344
0.381
0.415
0.448
0.478
0.508
0.537
0.561
0.577
0.58
0.568
0.547
0.526
0.514
0.517
0.528
0.542
0.55
0.547
0.533
0.511
0.484
0.453
0.42
0.385
0.348
0.309
0.268
0.226
0.182
0.138
0.096
0.059
0.03
0.013
0.004
0.0
0.0
0.0
0.0
0.0
0.0
0.0
0.0
0.0
0.0
0.0
0.0
0.0
0.0
0.0
0.0
0.0
0.0
0.0
0.0
0.0
0.0
0.0
0.0
0.0
0.0
0.0
0.0
0.0
0.0
0.0
0.0
0.0
0.0
0.0
0.0
0.0
0.0
0.0
0.0
0.0
0.0
0.0
0.0
0.0
0.0
0.0
0.0
0.0
0.0
0.003
0.01
0.024
0.046
0.079
0.119
0.164
0.209
0.252
0.293
0.332
0.37
0.405
0.438
0.469
0.496
0.521
0.542
0.56
0.574
0.585
0.593
0.597
0.598
0.594
0.587
0.577
0.563
0.545
0.524
0.501
0.474
0.444
0.412
0.377
0.34
0.301
0.261
0.22
0.177
0.133
0.092
0.055
0.028
0.011
0.003
0.0
0.0
0.0
0.0
0.0
0.0
0.0
0.0
0.0
0.0
0.0
0.0
0.0
0.0
0.0
0.0
0.0
0.0
0.0
0.0
0.0
0.0
0.0
0.0
0.0
0.0
0.0
0.0
0.0
0.0
0.0
0.0
0.0
0.0
0.0
0.0
0.0
0.0
0.0
0.0
0.0
0.0
0.0
0.0
0.0
0.0
0.0
0.0
0.0
0.0
0.003
0.01
0.024
0.045
0.077
0.117
0.161
0.206
0.249
0.289
0.328
0.365
0.4
0.433
0.464
0.491
0.515
0.536
0.554
0.569
0.58
0.587
0.591
0.591
0.588
0.581
0.57
0.556
0.538
0.518
0.494
0.467
0.438
0.405
0.371
0.334
0.296
0.256
0.214
0.172
0.129
0.088
0.053
0.026
0.009
0.002
0.0
0.0
0.0
0.0
0.0
0.0
0.0
0.0
0.0
0.0
0.0
0.0
0.0
0.0
0.0
0.0
0.0
0.0
0.0
0.0
0.0
0.0
0.0
0.0
0.0
0.0
0.0
0.0
0.0
0.0
0.0
0.0
0.0
0.0
0.0
0.0
0.0
0.0
0.0
0.0
0.0
0.0
0.0
0.0
0.0
0.0
0.0
0.0
0.0
0.0
0.002
0.008
0.018
0.037
0.063
0.097
0.135
0.174
0.211
0.248
0.286
0.324
0.364
0.404
0.442
0.476
0.503
0.523
0.536
0.541
0.538
0.527
0.508
0.483
0.451
0.416
0.38
0.348
0.322
0.301
0.283
0.268
0.253
0.237
0.22
0.2
0.177
0.152
0.126
0.099
0.073
0.049
0.028
0.013
0.004
0.0
0.0
0.0
0.0
0.0
0.0
0.0
0.0
0.0
0.0
0.0
0.0
0.0
0.0
0.0
0.0
0.0
0.0
0.0
0.0
0.0
0.0
0.0
0.0
0.0
0.0
0.0
0.0
0.0
0.0
0.0
0.0
0.0
0.0
0.0
0.0
0.0
0.0
0.0
0.0
0.0
0.0
0.0
0.0
0.0
0.0
0.0
0.0
0.0
0.0
0.0
0.0
0.003
0.005
0.009
0.014
0.021
0.029
0.04
0.051
0.064
0.079
0.093
0.108
0.124
0.14
0.156
0.173
0.189
0.202
0.211
0.216
0.217
0.215
0.213
0.212
0.21
0.208
0.204
0.197
0.188
0.177
0.164
0.149
0.134
0.117
0.101
0.085
0.069
0.054
0.041
0.029
0.019
0.011
0.005
0.002
0.0
0.0
0.0
0.0
0.0
0.0
0.0
0.0
0.0
0.0
0.0
0.0
0.0
0.0
0.0
0.0
0.0
0.0
0.0
0.0
0.0
0.0
0.0
0.0
0.0
0.0
0.0
0.0
0.0
0.0
0.0
0.0
0.0
0.0
0.0
0.0
0.0
0.0
0.0
0.0
0.0
0.0
0.0
0.0
0.0
0.0
0.0
0.0
0.0
0.0
0.0
0.0
0.004
0.011
0.025
0.047
0.076
0.109
0.145
0.182
0.219
0.255
0.288
0.318
0.345
0.368
0.387
0.402
0.413
0.421
0.425
0.426
0.425
0.424
0.424
0.425
0.427
0.428
0.425
0.417
0.404
0.388
0.369
0.347
0.323
0.295
0.263
0.226
0.187
0.148
0.111
0.078
0.051
0.03
0.014
0.005
0.0
0.0
0.0
0.0
0.0
0.0
0.0
0.0
0.0
0.0
0.0
0.0
0.0
0.0
0.0
0.0
0.0
0.0
0.0
0.0
0.0
0.0
0.0
0.0
0.0
0.0
0.0
0.0
0.0
0.0
0.0
0.0
0.0
0.0
0.0
0.0
0.0
0.0
0.0
0.0
0.0
0.0
0.0
0.0
0.0
0.0
0.0
0.0
0.0
0.0
0.0
0.0
0.0
0.007
0.022
0.049
0.084
0.125
0.17
0.214
0.259
0.301
0.341
0.378
0.411
0.442
0.469
0.494
0.515
0.534
0.548
0.559
0.567
0.57
0.57
0.567
0.56
0.549
0.535
0.518
0.498
0.474
0.448
0.419
0.387
0.352
0.315
0.276
0.236
0.194
0.152
0.111
0.073
0.041
0.018
0.004
0.0
0.0
0.0
0.0
0.0
0.0
0.0
0.0
0.0
0.0
0.0
0.0
0.0
0.0
0.0
0.0
0.0
0.0
0.0
0.0
0.0
0.0
0.0
0.0
0.0
0.0
0.0
0.0
0.0
0.0
0.0
0.0
0.0
0.0
0.0
0.0
0.0
0.0
0.0
0.0
0.0
0.0
0.0
0.0
0.0
0.0
0.0
0.0
0.0
0.0
0.0
0.0
0.004
0.013
0.03
0.055
0.089
0.129
0.172
0.217
0.262
0.306
0.347
0.384
0.417
0.447
0.474
0.498
0.519
0.537
0.552
0.563
0.57
0.574
0.574
0.57
0.563
0.552
0.538
0.521
0.5
0.476
0.449
0.419
0.387
0.352
0.315
0.276
0.235
0.194
0.152
0.111
0.073
0.04
0.017
0.003
0.0
0.0
0.0
0.0
0.0
0.0
0.0
0.0
0.0
0.0
0.0
0.0
0.0
0.0
0.0
0.0
0.0
0.0
0.0
0.0
0.0
0.0
0.0
0.0
0.0
0.0
0.0
0.0
0.0
0.0
0.0
0.0
0.0
0.0
0.0
0.0
0.0
0.0
0.0
0.0
0.0
0.0
0.0
0.0
0.0
0.0
0.0
0.0
0.0
0.0
0.0
0.0
0.003
0.011
0.025
0.048
0.077
0.109
0.142
0.173
0.2
0.225
0.245
0.262
0.277
0.295
0.319
0.35
0.383
0.411
0.426
0.424
0.411
0.395
0.385
0.387
0.396
0.408
0.415
0.414
0.404
0.389
0.369
0.347
0.322
0.292
0.256
0.213
0.167
0.122
0.083
0.053
0.031
0.017
0.008
0.003
0.0
0.0
0.0
0.0
0.0
0.0
0.0
0.0
0.0
0.0
0.0
0.0
0.0
0.0
0.0
0.0
0.0
0.0
0.0
0.0
0.0
0.0
0.0
0.0
0.0
0.0
0.0
0.0
0.0
0.0
0.0
0.0
0.0
0.0
0.0
0.0
0.0
0.0
0.0
0.0
0.0
0.0
0.0
0.0
0.0
0.0
0.0
0.0
0.0
0.0
0.0
0.0
0.002
0.01
0.025
0.052
0.086
0.125
0.167
0.208
0.248
0.286
0.323
0.357
0.39
0.42
0.447
0.471
0.492
0.509
0.523
0.535
0.542
0.547
0.547
0.544
0.538
0.527
0.514
0.497
0.476
0.453
0.427
0.398
0.366
0.332
0.296
0.257
0.218
0.178
0.138
0.099
0.064
0.034
0.013
0.0
0.0
0.0
0.0
0.0
0.0
0.0
0.0
0.0
0.0
0.0
0.0
0.0
0.0
0.0
0.0
0.0
0.0
0.0
0.0
0.0
0.0
0.0
0.0
0.0
0.0
0.0
0.0
0.0
0.0
0.0
0.0
0.0
0.0
0.0
0.0
0.0
0.0
0.0
0.0
0.0
0.0
0.0
0.0
0.0
0.0
0.0
0.0
0.0
0.0
0.0
0.0
0.0
0.0
0.004
0.015
0.036
0.064
0.1
0.141
0.186
0.234
0.281
0.324
0.363
0.396
0.426
0.452
0.476
0.498
0.516
0.531
0.543
0.551
0.555
0.555
0.551
0.544
0.534
0.52
0.503
0.482
0.458
0.431
0.401
0.367
0.331
0.294
0.254
0.214
0.174
0.134
0.096
0.061
0.032
0.011
0.0
0.0
0.0
0.0
0.0
0.0
0.0
0.0
0.0
0.0
0.0
0.0
0.0
0.0
0.0
0.0
0.0
0.0
0.0
0.0
0.0
0.0
0.0
0.0
0.0
0.0
0.0
0.0
0.0
0.0
0.0
0.0
0.0
0.0
0.0
0.0
0.0
0.0
0.0
0.0
0.0
0.0
0.0
0.0
0.0
0.0
0.0
0.0
0.0
0.0
0.0
0.0
0.0
0.0
0.005
0.019
0.041
0.072
0.107
0.146
0.185
0.223
0.261
0.297
0.331
0.363
0.392
0.419
0.443
0.463
0.481
0.496
0.507
0.515
0.52
0.521
0.518
0.512
0.502
0.488
0.471
0.451
0.428
0.402
0.374
0.343
0.309
0.273
0.236
0.197
0.158
0.12
0.085
0.053
0.027
0.009
0.0
0.0
0.0
0.0
0.0
0.0
0.0
0.0
0.0
0.0
0.0
0.0
0.0
0.0
0.0
0.0
0.0
0.0
0.0
0.0
0.0
0.0
0.0
0.0
0.0
0.0
0.0
0.0
0.0
0.0
0.0
0.0
0.0
0.0
0.0
0.0
0.0
0.0
0.0
0.0
0.0
0.0
0.0
0.0
0.0
0.0
0.0
0.0
0.0
0.0
0.0
0.0
0.0
0.0
0.005
0.015
0.034
0.06
0.091
0.126
0.165
0.204
0.243
0.28
0.313
0.343
0.369
0.393
0.414
0.43
0.441
0.444
0.438
0.426
0.408
0.387
0.364
0.34
0.318
0.298
0.282
0.268
0.256
0.246
0.235
0.223
0.208
0.189
0.164
0.136
0.107
0.079
0.054
0.033
0.017
0.006
0.0
0.0
0.0
0.0
0.0
0.0
0.0
0.0
0.0
0.0
0.0
0.0
0.0
0.0
0.0
0.0
0.0
0.0
0.0
0.0
0.0
0.0
0.0
0.0
0.0
0.0
0.0
0.0
0.0
0.0
0.0
0.0
0.0
0.0
0.0
0.0
0.0
0.0
0.0
0.0
0.0
0.0
0.0
0.0
0.0
0.0
0.0
0.0
0.0
0.0
0.0
0.0
0.0
0.0
0.0
0.008
0.025
0.048
0.078
0.112
0.149
0.187
0.225
0.262
0.296
0.325
0.346
0.358
0.357
0.348
0.332
0.313
0.294
0.276
0.257
0.238
0.219
0.201
0.187
0.177
0.173
0.172
0.172
0.17
0.163
0.153
0.14
0.128
0.117
0.106
0.094
0.078
0.059
0.039
0.02
0.006
0.0
0.0
0.0
0.0
0.0
0.0
0.0
0.0
0.0
0.0
0.0
0.0
0.0
0.0
0.0
0.0
0.0
0.0
0.0
0.0
0.0
0.0
0.0
0.0
0.0
0.0
0.0
0.0
0.0
0.0
0.0
0.0
0.0
0.0
0.0
0.0
0.0
0.0
0.0
0.0
0.0
0.0
0.0
0.0
0.0
0.0
0.0
0.0
0.0
0.0
0.0
0.0
0.0
0.0
0.0
0.005
0.011
0.02
0.03
0.04
0.05
0.058
0.066
0.072
0.077
0.081
0.086
0.091
0.097
0.105
0.113
0.121
0.129
0.137
0.143
0.149
0.154
0.158
0.162
0.166
0.171
0.175
0.178
0.176
0.17
0.159
0.146
0.13
0.114
0.097
0.079
0.062
0.044
0.028
0.014
0.004
0.0
0.0
0.0
0.0
0.0
0.0
0.0
0.0
0.0
0.0
0.0
0.0
0.0
0.0
0.0
0.0
0.0
0.0
0.0
0.0
0.0
0.0
0.0
0.0
0.0
0.0
0.0
0.0
0.0
0.0
0.0
0.0
0.0
0.0
0.0
0.0
0.0
0.0
0.0
0.0
0.0
0.0
0.0
0.0
0.0
0.0
0.0
0.0
0.0
0.0
0.0
0.0
0.0
0.0
0.0
0.011
0.028
0.052
0.081
0.114
0.149
0.184
0.22
0.255
0.289
0.321
0.351
0.381
0.41
0.438
0.462
0.482
0.498
0.507
0.509
0.503
0.488
0.466
0.44
0.411
0.382
0.354
0.329
0.309
0.293
0.28
0.265
0.244
0.214
0.178
0.139
0.101
0.068
0.041
0.02
0.005
0.0
0.0
0.0
0.0
0.0
0.0
0.0
0.0
0.0
0.0
0.0
0.0
0.0
0.0
0.0
0.0
0.0
0.0
0.0
0.0
0.0
0.0
0.0
0.0
0.0
0.0
0.0
0.0
0.0
0.0
0.0
0.0
0.0
0.0
0.0
0.0
0.0
0.0
0.0
0.0
0.0
0.0
0.0
0.0
0.0
0.0
0.0
0.0
0.0
0.0
0.0
0.0
0.0
0.0
0.0
0.012
0.032
0.059
0.092
0.129
0.166
0.205
0.242
0.279
0.313
0.345
0.375
0.401
0.425
0.446
0.464
0.479
0.49
0.498
0.503
0.504
0.501
0.495
0.486
0.473
0.457
0.437
0.415
0.39
0.361
0.33
0.297
0.261
0.223
0.185
0.146
0.109
0.075
0.046
0.022
0.005
0.0
0.0
0.0
0.0
0.0
0.0
0.0
0.0
0.0
0.0
0.0
0.0
0.0
0.0
0.0
0.0
0.0
0.0
0.0
0.0
0.0
0.0
0.0
0.0
0.0
0.0
0.0
0.0
0.0
0.0
0.0
0.0
0.0
0.0
0.0
0.0
0.0
0.0
0.0
0.0
0.0
0.0
0.0
0.0
0.0
0.0
0.0
0.0
0.0
0.0
0.0
0.0
0.0
0.0
0.0
0.012
0.033
0.062
0.097
0.134
0.173
0.211
0.249
0.285
0.319
0.35
0.379
0.406
0.43
0.45
0.468
0.481
0.491
0.496
0.496
0.491
0.481
0.467
0.45
0.43
0.41
0.388
0.363
0.335
0.302
0.266
0.23
0.195
0.163
0.134
0.106
0.081
0.056
0.034
0.017
0.004
0.0
0.0
0.0
0.0
0.0
0.0
0.0
0.0
0.0
0.0
0.0
0.0
0.0
0.0
0.0
0.0
0.0
0.0
0.0
0.0
0.0
0.0
0.0
0.0
0.0
0.0
0.0
0.0
0.0
0.0
0.0
0.0
0.0
0.0
0.0
0.0
0.0
0.0
0.0
0.0
0.0
0.0
0.0
0.0
0.0
0.0
0.0
0.0
0.0
0.0
0.0
0.0
0.0
0.0
0.0
0.007
0.017
0.03
0.044
0.057
0.067
0.076
0.084
0.092
0.1
0.109
0.116
0.122
0.126
0.129
0.133
0.138
0.146
0.156
0.167
0.176
0.183
0.187
0.189
0.188
0.185
0.179
0.171
0.16
0.147
0.133
0.117
0.1
0.083
0.067
0.051
0.037
0.025
0.015
0.007
0.002
0.0
0.0
0.0
0.0
0.0
0.0
0.0
0.0
0.0
0.0
0.0
0.0
0.0
0.0
0.0
0.0
0.0
0.0
0.0
0.0
0.0
0.0
0.0
0.0
0.0
0.0
0.0
0.0
0.0
0.0
0.0
0.0
0.0
0.0
0.0
0.0
0.0
0.0
0.0
0.0
0.0
0.0
0.0
0.0
0.0
0.0
0.0
0.0
0.0
0.0
0.0
0.0
0.0
0.0
0.0
0.004
0.012
0.023
0.037
0.053
0.07
0.089
0.111
0.137
0.167
0.201
0.237
0.277
0.318
0.357
0.393
0.421
0.44
0.451
0.456
0.455
0.452
0.446
0.438
0.427
0.412
0.395
0.375
0.351
0.323
0.293
0.26
0.224
0.188
0.151
0.116
0.083
0.055
0.032
0.014
0.003
0.0
0.0
0.0
0.0
0.0
0.0
0.0
0.0
0.0
0.0
0.0
0.0
0.0
0.0
0.0
0.0
0.0
0.0
0.0
0.0
0.0
0.0
0.0
0.0
0.0
0.0
0.0
0.0
0.0
0.0
0.0
0.0
0.0
0.0
0.0
0.0
0.0
0.0
0.0
0.0
0.0
0.0
0.0
0.0
0.0
0.0
0.0
0.0
0.0
0.0
0.0
0.0
0.0
0.0
0.0
0.006
0.015
0.028
0.044
0.062
0.081
0.102
0.124
0.147
0.169
0.193
0.218
0.247
0.279
0.312
0.341
0.364
0.376
0.381
0.382
0.381
0.381
0.381
0.381
0.379
0.374
0.364
0.349
0.326
0.295
0.259
0.219
0.18
0.143
0.11
0.08
0.055
0.035
0.019
0.008
0.002
0.0
0.0
0.0
0.0
0.0
0.0
0.0
0.0
0.0
0.0
0.0
0.0
0.0
0.0
0.0
0.0
0.0
0.0
0.0
0.0
0.0
0.0
0.0
0.0
0.0
0.0
0.0
0.0
0.0
0.0
0.0
0.0
0.0
0.0
0.0
0.0
0.0
0.0
0.0
0.0
0.0
0.0
0.0
0.0
0.0
0.0
0.0
0.0
0.0
0.0
0.0
0.0
0.0
0.0
0.0
0.006
0.014
0.028
0.048
0.075
0.11
0.15
0.192
0.233
0.271
0.304
0.335
0.364
0.391
0.413
0.428
0.434
0.429
0.417
0.403
0.393
0.391
0.393
0.394
0.388
0.372
0.348
0.321
0.292
0.267
0.242
0.218
0.191
0.16
0.127
0.095
0.066
0.042
0.023
0.01
0.002
0.0
0.0
0.0
0.0
0.0
0.0
0.0
0.0
0.0
0.0
0.0
0.0
0.0
0.0
0.0
0.0
0.0
0.0
0.0
0.0
0.0
0.0
0.0
0.0
0.0
0.0
0.0
0.0
0.0
0.0
0.0
0.0
0.0
0.0
0.0
0.0
0.0
0.0
0.0
0.0
0.0
0.0
0.0
0.0
0.0
0.0
0.0
0.0
0.0
0.0
0.0
0.0
0.0
0.0
0.0
0.006
0.016
0.033
0.057
0.089
0.13
0.176
0.224
0.269
0.31
0.344
0.375
0.402
0.426
0.447
0.466
0.48
0.491
0.498
0.502
0.502
0.499
0.492
0.481
0.467
0.45
0.429
0.406
0.379
0.35
0.319
0.285
0.248
0.208
0.168
0.129
0.092
0.061
0.035
0.015
0.002
0.0
0.0
0.0
0.0
0.0
0.0
0.0
0.0
0.0
0.0
0.0
0.0
0.0
0.0
0.0
0.0
0.0
0.0
0.0
0.0
0.0
0.0
0.0
0.0
0.0
0.0
0.0
0.0
0.0
0.0
0.0
0.0
0.0
0.0
0.0
0.0
0.0
0.0
0.0
0.0
0.0
0.0
0.0
0.0
0.0
0.0
0.0
0.0
0.0
0.0
0.0
0.0
0.0
0.0
0.0
0.004
0.012
0.024
0.04
0.062
0.087
0.117
0.148
0.18
0.211
0.242
0.274
0.305
0.337
0.368
0.395
0.415
0.428
0.433
0.432
0.424
0.41
0.393
0.374
0.354
0.335
0.315
0.295
0.271
0.245
0.216
0.186
0.157
0.129
0.102
0.078
0.057
0.037
0.022
0.009
0.0
0.0
0.0
0.0
0.0
0.0
0.0
0.0
0.0
0.0
0.0
0.0
0.0
0.0
0.0
0.0
0.0
0.0
0.0
0.0
0.0
0.0
0.0
0.0
0.0
0.0
0.0
0.0
0.0
0.0
0.0
0.0
0.0
0.0
0.0
0.0
0.0
0.0
0.0
0.0
0.0
0.0
0.0
0.0
0.0
0.0
0.0
0.0
0.0
0.0
0.0
0.0
0.0
0.0
0.0
0.0
0.004
0.015
0.03
0.048
0.068
0.087
0.107
0.125
0.143
0.158
0.171
0.181
0.187
0.19
0.192
0.197
0.211
0.234
0.265
0.299
0.332
0.36
0.382
0.395
0.399
0.394
0.38
0.361
0.338
0.313
0.286
0.257
0.224
0.188
0.15
0.113
0.079
0.051
0.028
0.012
0.0
0.0
0.0
0.0
0.0
0.0
0.0
0.0
0.0
0.0
0.0
0.0
0.0
0.0
0.0
0.0
0.0
0.0
0.0
0.0
0.0
0.0
0.0
0.0
0.0
0.0
0.0
0.0
0.0
0.0
0.0
0.0
0.0
0.0
0.0
0.0
0.0
0.0
0.0
0.0
0.0
0.0
0.0
0.0
0.0
0.0
0.0
0.0
0.0
0.0
0.0
0.0
0.0
0.0
0.0
0.0
0.003
0.012
0.025
0.04
0.056
0.071
0.088
0.111
0.144
0.189
0.241
0.294
0.342
0.38
0.409
0.43
0.444
0.454
0.459
0.46
0.456
0.448
0.434
0.415
0.39
0.358
0.321
0.282
0.243
0.206
0.173
0.142
0.114
0.089
0.068
0.05
0.034
0.022
0.012
0.005
0.0
0.0
0.0
0.0
0.0
0.0
0.0
0.0
0.0
0.0
0.0
0.0
0.0
0.0
0.0
0.0
0.0
0.0
0.0
0.0
0.0
0.0
0.0
0.0
0.0
0.0
0.0
0.0
0.0
0.0
0.0
0.0
0.0
0.0
0.0
0.0
0.0
0.0
0.0
0.0
0.0
0.0
0.0
0.0
0.0
0.0
0.0
0.0
0.0
0.0
0.0
0.0
0.0
0.0
0.0
0.0
0.004
0.019
0.041
0.068
0.097
0.129
0.161
0.194
0.226
0.257
0.288
0.317
0.345
0.372
0.395
0.416
0.432
0.442
0.447
0.446
0.44
0.427
0.411
0.394
0.376
0.361
0.346
0.332
0.315
0.295
0.272
0.245
0.215
0.18
0.144
0.109
0.076
0.049
0.027
0.011
0.0
0.0
0.0
0.0
0.0
0.0
0.0
0.0
0.0
0.0
0.0
0.0
0.0
0.0
0.0
0.0
0.0
0.0
0.0
0.0
0.0
0.0
0.0
0.0
0.0
0.0
0.0
0.0
0.0
0.0
0.0
0.0
0.0
0.0
0.0
0.0
0.0
0.0
0.0
0.0
0.0
0.0
0.0
0.0
0.0
0.0
0.0
0.0
0.0
0.0
0.0
0.0
0.0
0.0
0.0
0.0
0.003
0.013
0.03
0.054
0.085
0.124
0.167
0.212
0.255
0.293
0.327
0.357
0.384
0.408
0.431
0.449
0.465
0.476
0.483
0.486
0.486
0.483
0.476
0.466
0.452
0.435
0.414
0.391
0.364
0.335
0.303
0.269
0.232
0.192
0.152
0.114
0.079
0.05
0.027
0.011
0.0
0.0
0.0
0.0
0.0
0.0
0.0
0.0
0.0
0.0
0.0
0.0
0.0
0.0
0.0
0.0
0.0
0.0
0.0
0.0
0.0
0.0
0.0
0.0
0.0
0.0
0.0
0.0
0.0
0.0
0.0
0.0
0.0
0.0
0.0
0.0
0.0
0.0
0.0
0.0
0.0
0.0
0.0
0.0
0.0
0.0
0.0
0.0
0.0
0.0
0.0
0.0
0.0
0.0
0.0
0.0
0.002
0.012
0.026
0.042
0.06
0.079
0.097
0.114
0.131
0.148
0.166
0.188
0.216
0.252
0.291
0.331
0.367
0.396
0.417
0.432
0.442
0.447
0.447
0.443
0.433
0.419
0.4
0.377
0.351
0.323
0.292
0.259
0.223
0.184
0.145
0.108
0.074
0.047
0.025
0.01
0.0
0.0
0.0
0.0
0.0
0.0
0.0
0.0
0.0
0.0
0.0
0.0
0.0
0.0
0.0
0.0
0.0
0.0
0.0
0.0
0.0
0.0
0.0
0.0
0.0
0.0
0.0
0.0
0.0
0.0
0.0
0.0
0.0
0.0
0.0
0.0
0.0
0.0
0.0
0.0
0.0
0.0
0.0
0.0
0.0
0.0
0.0
0.0
0.0
0.0
0.0
0.0
0.0
0.0
0.0
0.0
0.002
0.013
0.03
0.052
0.079
0.109
0.141
0.175
0.208
0.239
0.268
0.295
0.319
0.341
0.359
0.374
0.387
0.397
0.404
0.406
0.405
0.399
0.389
0.375
0.359
0.341
0.322
0.3
0.277
0.253
0.226
0.199
0.169
0.138
0.107
0.077
0.052
0.032
0.017
0.006
0.0
0.0
0.0
0.0
0.0
0.0
0.0
0.0
0.0
0.0
0.0
0.0
0.0
0.0
0.0
0.0
0.0
0.0
0.0
0.0
0.0
0.0
0.0
0.0
0.0
0.0
0.0
0.0
0.0
0.0
0.0
0.0
0.0
0.0
0.0
0.0
0.0
0.0
0.0
0.0
0.0
0.0
0.0
0.0
0.0
0.0
0.0
0.0
0.0
0.0
0.0
0.0
0.0
0.0
0.0
0.0
0.0
0.003
0.006
0.01
0.015
0.021
0.027
0.033
0.038
0.043
0.048
0.052
0.056
0.06
0.065
0.071
0.077
0.085
0.095
0.108
0.126
0.148
0.17
0.185
0.189
0.177
0.154
0.125
0.098
0.076
0.06
0.048
0.04
0.034
0.03
0.026
0.021
0.015
0.009
0.004
0.0
0.0
0.0
0.0
0.0
0.0
0.0
0.0
0.0
0.0
0.0
0.0
0.0
0.0
0.0
0.0
0.0
0.0
0.0
0.0
0.0
0.0
0.0
0.0
0.0
0.0
0.0
0.0
0.0
0.0
0.0
0.0
0.0
0.0
0.0
0.0
0.0
0.0
0.0
0.0
0.0
0.0
0.0
0.0
0.0
0.0
0.0
0.0
0.0
0.0
0.0
0.0
0.0
0.0
0.0
0.0
0.0
0.012
0.027
0.049
0.075
0.106
0.138
0.165
0.185
0.194
0.198
0.205
0.22
0.249
0.285
0.321
0.346
0.354
0.348
0.33
0.307
0.279
0.25
0.218
0.183
0.147
0.113
0.083
0.062
0.053
0.051
0.052
0.051
0.045
0.034
0.023
0.012
0.006
0.002
0.0
0.0
0.0
0.0
0.0
0.0
0.0
0.0
0.0
0.0
0.0
0.0
0.0
0.0
0.0
0.0
0.0
0.0
0.0
0.0
0.0
0.0
0.0
0.0
0.0
0.0
0.0
0.0
0.0
0.0
0.0
0.0
0.0
0.0
0.0
0.0
0.0
0.0
0.0
0.0
0.0
0.0
0.0
0.0
0.0
0.0
0.0
0.0
0.0
0.0
0.0
0.0
0.0
0.0
0.0
0.0
0.0
0.0
0.012
0.028
0.046
0.066
0.086
0.108
0.134
0.167
0.206
0.249
0.292
0.33
0.361
0.383
0.401
0.414
0.424
0.432
0.436
0.438
0.435
0.429
0.42
0.407
0.391
0.371
0.349
0.325
0.297
0.267
0.235
0.2
0.162
0.125
0.089
0.059
0.035
0.018
0.007
0.0
0.0
0.0
0.0
0.0
0.0
0.0
0.0
0.0
0.0
0.0
0.0
0.0
0.0
0.0
0.0
0.0
0.0
0.0
0.0
0.0
0.0
0.0
0.0
0.0
0.0
0.0
0.0
0.0
0.0
0.0
0.0
0.0
0.0
0.0
0.0
0.0
0.0
0.0
0.0
0.0
0.0
0.0
0.0
0.0
0.0
0.0
0.0
0.0
0.0
0.0
0.0
0.0
0.0
0.0
0.0
0.0
0.009
0.023
0.041
0.066
0.096
0.13
0.166
0.203
0.238
0.271
0.302
0.328
0.351
0.371
0.387
0.401
0.412
0.421
0.426
0.428
0.426
0.419
0.409
0.395
0.379
0.359
0.337
0.313
0.286
0.257
0.226
0.191
0.155
0.118
0.084
0.055
0.032
0.016
0.006
0.0
0.0
0.0
0.0
0.0
0.0
0.0
0.0
0.0
0.0
0.0
0.0
0.0
0.0
0.0
0.0
0.0
0.0
0.0
0.0
0.0
0.0
0.0
0.0
0.0
0.0
0.0
0.0
0.0
0.0
0.0
0.0
0.0
0.0
0.0
0.0
0.0
0.0
0.0
0.0
0.0
0.0
0.0
0.0
0.0
0.0
0.0
0.0
0.0
0.0
0.0
0.0
0.0
0.0
0.0
0.0
0.0
0.008
0.018
0.027
0.035
0.04
0.041
0.04
0.037
0.034
0.031
0.031
0.034
0.04
0.05
0.06
0.068
0.073
0.076
0.078
0.08
0.082
0.085
0.087
0.086
0.082
0.076
0.068
0.059
0.051
0.043
0.035
0.028
0.021
0.015
0.01
0.007
0.004
0.002
0.0
0.0
0.0
0.0
0.0
0.0
0.0
0.0
0.0
0.0
0.0
0.0
0.0
0.0
0.0
0.0
0.0
0.0
0.0
0.0
0.0
0.0
0.0
0.0
0.0
0.0
0.0
0.0
0.0
0.0
0.0
0.0
0.0
0.0
0.0
0.0
0.0
0.0
0.0
0.0
0.0
0.0
0.0
0.0
0.0
0.0
0.0
0.0
0.0
0.0
0.0
0.0
0.0
0.0
0.0
0.0
0.0
0.0
0.004
0.012
0.027
0.051
0.085
0.126
0.171
0.214
0.252
0.286
0.315
0.342
0.365
0.387
0.405
0.42
0.431
0.439
0.443
0.444
0.441
0.435
0.425
0.412
0.395
0.376
0.353
0.327
0.299
0.268
0.234
0.197
0.159
0.121
0.085
0.055
0.032
0.016
0.006
0.0
0.0
0.0
0.0
0.0
0.0
0.0
0.0
0.0
0.0
0.0
0.0
0.0
0.0
0.0
0.0
0.0
0.0
0.0
0.0
0.0
0.0
0.0
0.0
0.0
0.0
0.0
0.0
0.0
0.0
0.0
0.0
0.0
0.0
0.0
0.0
0.0
0.0
0.0
0.0
0.0
0.0
0.0
0.0
0.0
0.0
0.0
0.0
0.0
0.0
0.0
0.0
0.0
0.0
0.0
0.0
0.0
0.005
0.014
0.03
0.056
0.091
0.134
0.179
0.222
0.26
0.293
0.321
0.346
0.369
0.39
0.408
0.423
0.434
0.441
0.444
0.444
0.441
0.434
0.424
0.41
0.393
0.373
0.35
0.324
0.295
0.264
0.23
0.194
0.156
0.117
0.082
0.052
0.03
0.015
0.005
0.0
0.0
0.0
0.0
0.0
0.0
0.0
0.0
0.0
0.0
0.0
0.0
0.0
0.0
0.0
0.0
0.0
0.0
0.0
0.0
0.0
0.0
0.0
0.0
0.0
0.0
0.0
0.0
0.0
0.0
0.0
0.0
0.0
0.0
0.0
0.0
0.0
0.0
0.0
0.0
0.0
0.0
0.0
0.0
0.0
0.0
0.0
0.0
0.0
0.0
0.0
0.0
0.0
0.0
0.0
0.0
0.0
0.009
0.024
0.044
0.07
0.101
0.135
0.171
0.205
0.237
0.267
0.294
0.319
0.342
0.361
0.374
0.378
0.372
0.358
0.339
0.317
0.295
0.274
0.256
0.242
0.234
0.229
0.225
0.219
0.21
0.196
0.178
0.155
0.128
0.099
0.071
0.046
0.027
0.014
0.005
0.0
0.0
0.0
0.0
0.0
0.0
0.0
0.0
0.0
0.0
0.0
0.0
0.0
0.0
0.0
0.0
0.0
0.0
0.0
0.0
0.0
0.0
0.0
0.0
0.0
0.0
0.0
0.0
0.0
0.0
0.0
0.0
0.0
0.0
0.0
0.0
0.0
0.0
0.0
0.0
0.0
0.0
0.0
0.0
0.0
0.0
0.0
0.0
0.0
0.0
0.0
0.0
0.0
0.0
0.0
0.0
0.0
0.004
0.011
0.021
0.034
0.052
0.072
0.094
0.114
0.133
0.149
0.161
0.17
0.175
0.174
0.169
0.159
0.143
0.125
0.109
0.096
0.09
0.091
0.096
0.105
0.115
0.126
0.135
0.142
0.144
0.14
0.131
0.116
0.095
0.07
0.046
0.026
0.013
0.005
0.0
0.0
0.0
0.0
0.0
0.0
0.0
0.0
0.0
0.0
0.0
0.0
0.0
0.0
0.0
0.0
0.0
0.0
0.0
0.0
0.0
0.0
0.0
0.0
0.0
0.0
0.0
0.0
0.0
0.0
0.0
0.0
0.0
0.0
0.0
0.0
0.0
0.0
0.0
0.0
0.0
0.0
0.0
0.0
0.0
0.0
0.0
0.0
0.0
0.0
0.0
0.0
0.0
0.0
0.0
0.0
0.0
0.0
0.003
0.007
0.013
0.019
0.027
0.035
0.042
0.047
0.051
0.054
0.056
0.058
0.062
0.069
0.082
0.101
0.127
0.158
0.19
0.218
0.239
0.252
0.254
0.246
0.225
0.197
0.166
0.137
0.115
0.099
0.086
0.073
0.06
0.046
0.033
0.022
0.013
0.007
0.002
0.0
0.0
0.0
0.0
0.0
0.0
0.0
0.0
0.0
0.0
0.0
0.0
0.0
0.0
0.0
0.0
0.0
0.0
0.0
0.0
0.0
0.0
0.0
0.0
0.0
0.0
0.0
0.0
0.0
0.0
0.0
0.0
0.0
0.0
0.0
0.0
0.0
0.0
0.0
0.0
0.0
0.0
0.0
0.0
0.0
0.0
0.0
0.0
0.0
0.0
0.0
0.0
0.0
0.0
0.0
0.0
0.0
0.002
0.007
0.017
0.032
0.053
0.078
0.106
0.134
0.158
0.18
0.199
0.214
0.227
0.238
0.251
0.267
0.288
0.309
0.326
0.333
0.327
0.311
0.289
0.267
0.248
0.232
0.216
0.2
0.182
0.163
0.141
0.118
0.092
0.068
0.045
0.027
0.014
0.006
0.002
0.0
0.0
0.0
0.0
0.0
0.0
0.0
0.0
0.0
0.0
0.0
0.0
0.0
0.0
0.0
0.0
0.0
0.0
0.0
0.0
0.0
0.0
0.0
0.0
0.0
0.0
0.0
0.0
0.0
0.0
0.0
0.0
0.0
0.0
0.0
0.0
0.0
0.0
0.0
0.0
0.0
0.0
0.0
0.0
0.0
0.0
0.0
0.0
0.0
0.0
0.0
0.0
0.0
0.0
0.0
0.0
0.0
0.003
0.01
0.023
0.043
0.072
0.106
0.144
0.181
0.216
0.248
0.277
0.301
0.322
0.34
0.356
0.37
0.383
0.392
0.394
0.387
0.369
0.341
0.309
0.275
0.243
0.212
0.182
0.153
0.123
0.096
0.07
0.05
0.034
0.023
0.016
0.01
0.006
0.003
0.0
0.0
0.0
0.0
0.0
0.0
0.0
0.0
0.0
0.0
0.0
0.0
0.0
0.0
0.0
0.0
0.0
0.0
0.0
0.0
0.0
0.0
0.0
0.0
0.0
0.0
0.0
0.0
0.0
0.0
0.0
0.0
0.0
0.0
0.0
0.0
0.0
0.0
0.0
0.0
0.0
0.0
0.0
0.0
0.0
0.0
0.0
0.0
0.0
0.0
0.0
0.0
0.0
0.0
0.0
0.0
0.0
0.0
0.003
0.01
0.021
0.04
0.065
0.097
0.131
0.166
0.198
0.227
0.252
0.273
0.29
0.302
0.311
0.317
0.321
0.321
0.315
0.301
0.277
0.248
0.218
0.191
0.171
0.155
0.142
0.129
0.113
0.096
0.078
0.061
0.046
0.032
0.021
0.013
0.007
0.003
0.0
0.0
0.0
0.0
0.0
0.0
0.0
0.0
0.0
0.0
0.0
0.0
0.0
0.0
0.0
0.0
0.0
0.0
0.0
0.0
0.0
0.0
0.0
0.0
0.0
0.0
0.0
0.0
0.0
0.0
0.0
0.0
0.0
0.0
0.0
0.0
0.0
0.0
0.0
0.0
0.0
0.0
0.0
0.0
0.0
0.0
0.0
0.0
0.0
0.0
0.0
0.0
0.0
0.0
0.0
0.0
0.0
0.0
0.005
0.014
0.028
0.048
0.073
0.102
0.131
0.159
0.183
0.202
0.217
0.229
0.238
0.243
0.247
0.248
0.247
0.246
0.247
0.252
0.261
0.272
0.283
0.291
0.293
0.289
0.279
0.263
0.242
0.217
0.187
0.155
0.122
0.089
0.059
0.035
0.018
0.008
0.003
0.0
0.0
0.0
0.0
0.0
0.0
0.0
0.0
0.0
0.0
0.0
0.0
0.0
0.0
0.0
0.0
0.0
0.0
0.0
0.0
0.0
0.0
0.0
0.0
0.0
0.0
0.0
0.0
0.0
0.0
0.0
0.0
0.0
0.0
0.0
0.0
0.0
0.0
0.0
0.0
0.0
0.0
0.0
0.0
0.0
0.0
0.0
0.0
0.0
0.0
0.0
0.0
0.0
0.0
0.0
0.0
0.0
0.005
0.015
0.029
0.049
0.075
0.106
0.14
0.175
0.211
0.245
0.277
0.305
0.329
0.349
0.365
0.379
0.389
0.397
0.401
0.402
0.399
0.392
0.382
0.368
0.351
0.331
0.309
0.284
0.258
0.23
0.2
0.167
0.131
0.095
0.063
0.037
0.019
0.008
0.002
0.0
0.0
0.0
0.0
0.0
0.0
0.0
0.0
0.0
0.0
0.0
0.0
0.0
0.0
0.0
0.0
0.0
0.0
0.0
0.0
0.0
0.0
0.0
0.0
0.0
0.0
0.0
0.0
0.0
0.0
0.0
0.0
0.0
0.0
0.0
0.0
0.0
0.0
0.0
0.0
0.0
0.0
0.0
0.0
0.0
0.0
0.0
0.0
0.0
0.0
0.0
0.0
0.0
0.0
0.0
0.0
0.0
0.005
0.014
0.027
0.045
0.069
0.096
0.125
0.155
0.184
0.212
0.238
0.262
0.284
0.303
0.321
0.336
0.348
0.357
0.363
0.365
0.364
0.358
0.348
0.332
0.311
0.287
0.262
0.238
0.217
0.196
0.175
0.15
0.12
0.088
0.057
0.032
0.016
0.006
0.002
0.0
0.0
0.0
0.0
0.0
0.0
0.0
0.0
0.0
0.0
0.0
0.0
0.0
0.0
0.0
0.0
0.0
0.0
0.0
0.0
0.0
0.0
0.0
0.0
0.0
0.0
0.0
0.0
0.0
0.0
0.0
0.0
0.0
0.0
0.0
0.0
0.0
0.0
0.0
0.0
0.0
0.0
0.0
0.0
0.0
0.0
0.0
0.0
0.0
0.0
0.0
0.0
0.0
0.0
0.0
0.0
0.0
0.002
0.006
0.011
0.016
0.023
0.032
0.045
0.065
0.091
0.12
0.149
0.172
0.187
0.196
0.201
0.205
0.21
0.217
0.225
0.233
0.241
0.248
0.255
0.26
0.263
0.262
0.255
0.238
0.21
0.176
0.139
0.105
0.077
0.054
0.037
0.024
0.014
0.007
0.003
0.0
0.0
0.0
0.0
0.0
0.0
0.0
0.0
0.0
0.0
0.0
0.0
0.0
0.0
0.0
0.0
0.0
0.0
0.0
0.0
0.0
0.0
0.0
0.0
0.0
0.0
0.0
0.0
0.0
0.0
0.0
0.0
0.0
0.0
0.0
0.0
0.0
0.0
0.0
0.0
0.0
0.0
0.0
0.0
0.0
0.0
0.0
0.0
0.0
0.0
0.0
0.0
0.0
0.0
0.0
0.0
0.0
0.002
0.006
0.012
0.021
0.033
0.046
0.062
0.078
0.094
0.11
0.124
0.137
0.147
0.156
0.163
0.168
0.173
0.177
0.18
0.184
0.187
0.19
0.193
0.196
0.198
0.198
0.195
0.188
0.176
0.16
0.139
0.115
0.089
0.063
0.039
0.02
0.008
0.002
0.0
0.0
0.0
0.0
0.0
0.0
0.0
0.0
0.0
0.0
0.0
0.0
0.0
0.0
0.0
0.0
0.0
0.0
0.0
0.0
0.0
0.0
0.0
0.0
0.0
0.0
0.0
0.0
0.0
0.0
0.0
0.0
0.0
0.0
0.0
0.0
0.0
0.0
0.0
0.0
0.0
0.0
0.0
0.0
0.0
0.0
0.0
0.0
0.0
0.0
0.0
0.0
0.0
0.0
0.0
0.0
0.0
0.0
0.005
0.013
0.027
0.046
0.072
0.103
0.136
0.169
0.201
0.23
0.256
0.281
0.302
0.322
0.339
0.352
0.363
0.371
0.375
0.376
0.373
0.367
0.357
0.345
0.33
0.312
0.291
0.268
0.243
0.216
0.186
0.154
0.12
0.086
0.055
0.031
0.015
0.006
0.0
0.0
0.0
0.0
0.0
0.0
0.0
0.0
0.0
0.0
0.0
0.0
0.0
0.0
0.0
0.0
0.0
0.0
0.0
0.0
0.0
0.0
0.0
0.0
0.0
0.0
0.0
0.0
0.0
0.0
0.0
0.0
0.0
0.0
0.0
0.0
0.0
0.0
0.0
0.0
0.0
0.0
0.0
0.0
0.0
0.0
0.0
0.0
0.0
0.0
0.0
0.0
0.0
0.0
0.0
0.0
0.0
0.0
0.004
0.011
0.023
0.041
0.065
0.094
0.126
0.158
0.188
0.216
0.241
0.264
0.283
0.3
0.315
0.33
0.345
0.359
0.369
0.374
0.373
0.366
0.355
0.34
0.322
0.302
0.28
0.255
0.228
0.199
0.168
0.136
0.104
0.073
0.046
0.024
0.011
0.004
0.0
0.0
0.0
0.0
0.0
0.0
0.0
0.0
0.0
0.0
0.0
0.0
0.0
0.0
0.0
0.0
0.0
0.0
0.0
0.0
0.0
0.0
0.0
0.0
0.0
0.0
0.0
0.0
0.0
0.0
0.0
0.0
0.0
0.0
0.0
0.0
0.0
0.0
0.0
0.0
0.0
0.0
0.0
0.0
0.0
0.0
0.0
0.0
0.0
0.0
0.0
0.0
0.0
0.0
0.0
0.0
0.0
0.0
0.002
0.005
0.011
0.02
0.031
0.045
0.063
0.082
0.104
0.127
0.15
0.173
0.194
0.213
0.229
0.242
0.251
0.257
0.26
0.26
0.259
0.254
0.246
0.233
0.214
0.192
0.169
0.148
0.131
0.116
0.102
0.087
0.069
0.05
0.033
0.018
0.009
0.003
0.0
0.0
0.0
0.0
0.0
0.0
0.0
0.0
0.0
0.0
0.0
0.0
0.0
0.0
0.0
0.0
0.0
0.0
0.0
0.0
0.0
0.0
0.0
0.0
0.0
0.0
0.0
0.0
0.0
0.0
0.0
0.0
0.0
0.0
0.0
0.0
0.0
0.0
0.0
0.0
0.0
0.0
0.0
0.0
0.0
0.0
0.0
0.0
0.0
0.0
0.0
0.0
0.0
0.0
0.0
0.0
0.0
0.0
0.004
0.012
0.024
0.042
0.067
0.097
0.13
0.162
0.193
0.222
0.249
0.274
0.297
0.319
0.337
0.353
0.365
0.374
0.379
0.38
0.378
0.372
0.363
0.35
0.334
0.315
0.293
0.269
0.243
0.215
0.184
0.151
0.117
0.083
0.053
0.029
0.013
0.005
0.0
0.0
0.0
0.0
0.0
0.0
0.0
0.0
0.0
0.0
0.0
0.0
0.0
0.0
0.0
0.0
0.0
0.0
0.0
0.0
0.0
0.0
0.0
0.0
0.0
0.0
0.0
0.0
0.0
0.0
0.0
0.0
0.0
0.0
0.0
0.0
0.0
0.0
0.0
0.0
0.0
0.0
0.0
0.0
0.0
0.0
0.0
0.0
0.0
0.0
0.0
0.0
0.0
0.0
0.0
0.0
0.0
0.0
0.002
0.006
0.011
0.02
0.031
0.046
0.065
0.089
0.119
0.154
0.19
0.226
0.261
0.293
0.32
0.342
0.356
0.364
0.367
0.368
0.366
0.362
0.355
0.345
0.331
0.313
0.292
0.267
0.24
0.21
0.178
0.145
0.111
0.078
0.049
0.027
0.012
0.004
0.0
0.0
0.0
0.0
0.0
0.0
0.0
0.0
0.0
0.0
0.0
0.0
0.0
0.0
0.0
0.0
0.0
0.0
0.0
0.0
0.0
0.0
0.0
0.0
0.0
0.0
0.0
0.0
0.0
0.0
0.0
0.0
0.0
0.0
0.0
0.0
0.0
0.0
0.0
0.0
0.0
0.0
0.0
0.0
0.0
0.0
0.0
0.0
0.0
0.0
0.0
0.0
0.0
0.0
0.0
0.0
0.0
0.0
0.003
0.009
0.017
0.029
0.044
0.062
0.081
0.098
0.112
0.124
0.135
0.144
0.152
0.16
0.166
0.17
0.173
0.173
0.171
0.167
0.16
0.151
0.141
0.131
0.121
0.112
0.103
0.093
0.083
0.072
0.061
0.049
0.038
0.028
0.018
0.011
0.006
0.002
0.0
0.0
0.0
0.0
0.0
0.0
0.0
0.0
0.0
0.0
0.0
0.0
0.0
0.0
0.0
0.0
0.0
0.0
0.0
0.0
0.0
0.0
0.0
0.0
0.0
0.0
0.0
0.0
0.0
0.0
0.0
0.0
0.0
0.0
0.0
0.0
0.0
0.0
0.0
0.0
0.0
0.0
0.0
0.0
0.0
0.0
0.0
0.0
0.0
0.0
0.0
0.0
0.0
0.0
0.0
0.0
0.0
0.0
0.004
0.011
0.023
0.043
0.07
0.103
0.138
0.174
0.207
0.237
0.265
0.29
0.313
0.333
0.35
0.364
0.375
0.383
0.387
0.387
0.385
0.378
0.368
0.355
0.339
0.32
0.298
0.273
0.246
0.217
0.186
0.152
0.117
0.083
0.052
0.028
0.013
0.004
0.0
0.0
0.0
0.0
0.0
0.0
0.0
0.0
0.0
0.0
0.0
0.0
0.0
0.0
0.0
0.0
0.0
0.0
0.0
0.0
0.0
0.0
0.0
0.0
0.0
0.0
0.0
0.0
0.0
0.0
0.0
0.0
0.0
0.0
0.0
0.0
0.0
0.0
0.0
0.0
0.0
0.0
0.0
0.0
0.0
0.0
0.0
0.0
0.0
0.0
0.0
0.0
0.0
0.0
0.0
0.0
0.0
0.0
0.002
0.005
0.01
0.016
0.025
0.034
0.045
0.055
0.065
0.074
0.082
0.09
0.096
0.101
0.105
0.107
0.108
0.108
0.108
0.107
0.108
0.109
0.11
0.11
0.108
0.105
0.101
0.096
0.089
0.081
0.072
0.061
0.047
0.033
0.02
0.01
0.003
0.0
0.0
0.0
0.0
0.0
0.0
0.0
0.0
0.0
0.0
0.0
0.0
0.0
0.0
0.0
0.0
0.0
0.0
0.0
0.0
0.0
0.0
0.0
0.0
0.0
0.0
0.0
0.0
0.0
0.0
0.0
0.0
0.0
0.0
0.0
0.0
0.0
0.0
0.0
0.0
0.0
0.0
0.0
0.0
0.0
0.0
0.0
0.0
0.0
0.0
0.0
0.0
0.0
0.0
0.0
0.0
0.0
0.0
0.0
0.002
0.005
0.011
0.018
0.029
0.041
0.055
0.069
0.082
0.096
0.109
0.122
0.136
0.149
0.162
0.173
0.183
0.192
0.202
0.215
0.231
0.248
0.263
0.272
0.275
0.27
0.259
0.242
0.221
0.195
0.167
0.136
0.103
0.072
0.045
0.023
0.01
0.003
0.0
0.0
0.0
0.0
0.0
0.0
0.0
0.0
0.0
0.0
0.0
0.0
0.0
0.0
0.0
0.0
0.0
0.0
0.0
0.0
0.0
0.0
0.0
0.0
0.0
0.0
0.0
0.0
0.0
0.0
0.0
0.0
0.0
0.0
0.0
0.0
0.0
0.0
0.0
0.0
0.0
0.0
0.0
0.0
0.0
0.0
0.0
0.0
0.0
0.0
0.0
0.0
0.0
0.0
0.0
0.0
0.0
0.0
0.0
0.005
0.013
0.028
0.052
0.081
0.114
0.147
0.178
0.206
0.231
0.253
0.273
0.289
0.302
0.314
0.323
0.329
0.331
0.329
0.322
0.31
0.296
0.281
0.266
0.249
0.231
0.21
0.186
0.159
0.131
0.102
0.076
0.052
0.031
0.016
0.007
0.002
0.0
0.0
0.0
0.0
0.0
0.0
0.0
0.0
0.0
0.0
0.0
0.0
0.0
0.0
0.0
0.0
0.0
0.0
0.0
0.0
0.0
0.0
0.0
0.0
0.0
0.0
0.0
0.0
0.0
0.0
0.0
0.0
0.0
0.0
0.0
0.0
0.0
0.0
0.0
0.0
0.0
0.0
0.0
0.0
0.0
0.0
0.0
0.0
0.0
0.0
0.0
0.0
0.0
0.0
0.0
0.0
0.0
0.0
0.0
0.0
0.002
0.004
0.006
0.008
0.012
0.018
0.025
0.033
0.041
0.05
0.057
0.064
0.07
0.077
0.084
0.093
0.104
0.119
0.136
0.154
0.17
0.182
0.185
0.182
0.172
0.157
0.137
0.113
0.09
0.067
0.048
0.033
0.021
0.012
0.006
0.002
0.0
0.0
0.0
0.0
0.0
0.0
0.0
0.0
0.0
0.0
0.0
0.0
0.0
0.0
0.0
0.0
0.0
0.0
0.0
0.0
0.0
0.0
0.0
0.0
0.0
0.0
0.0
0.0
0.0
0.0
0.0
0.0
0.0
0.0
0.0
0.0
0.0
0.0
0.0
0.0
0.0
0.0
0.0
0.0
0.0
0.0
0.0
0.0
0.0
0.0
0.0
0.0
0.0
0.0
0.0
0.0
0.0
0.0
0.0
0.0
0.003
0.009
0.017
0.026
0.035
0.041
0.042
0.04
0.037
0.034
0.033
0.035
0.039
0.048
0.062
0.077
0.091
0.102
0.106
0.107
0.106
0.107
0.111
0.118
0.123
0.126
0.124
0.117
0.105
0.089
0.07
0.05
0.03
0.015
0.006
0.0
0.0
0.0
0.0
0.0
0.0
0.0
0.0
0.0
0.0
0.0
0.0
0.0
0.0
0.0
0.0
0.0
0.0
0.0
0.0
0.0
0.0
0.0
0.0
0.0
0.0
0.0
0.0
0.0
0.0
0.0
0.0
0.0
0.0
0.0
0.0
0.0
0.0
0.0
0.0
0.0
0.0
0.0
0.0
0.0
0.0
0.0
0.0
0.0
0.0
0.0
0.0
0.0
0.0
0.0
0.0
0.0
0.0
0.0
0.002
0.007
0.016
0.033
0.057
0.086
0.118
0.15
0.178
0.203
0.226
0.247
0.266
0.284
0.3
0.312
0.322
0.33
0.334
0.337
0.337
0.335
0.331
0.324
0.314
0.3
0.281
0.256
0.225
0.19
0.153
0.118
0.086
0.059
0.038
0.021
0.011
0.004
0.0
0.0
0.0
0.0
0.0
0.0
0.0
0.0
0.0
0.0
0.0
0.0
0.0
0.0
0.0
0.0
0.0
0.0
0.0
0.0
0.0
0.0
0.0
0.0
0.0
0.0
0.0
0.0
0.0
0.0
0.0
0.0
0.0
0.0
0.0
0.0
0.0
0.0
0.0
0.0
0.0
0.0
0.0
0.0
0.0
0.0
0.0
0.0
0.0
0.0
0.0
0.0
0.0
0.0
0.0
0.0
0.0
0.0
0.0
0.003
0.006
0.011
0.018
0.028
0.041
0.056
0.075
0.097
0.121
0.148
0.177
0.208
0.239
0.269
0.298
0.322
0.34
0.349
0.346
0.333
0.312
0.285
0.255
0.222
0.189
0.157
0.126
0.099
0.075
0.054
0.038
0.025
0.016
0.009
0.005
0.002
0.0
0.0
0.0
0.0
0.0
0.0
0.0
0.0
0.0
0.0
0.0
0.0
0.0
0.0
0.0
0.0
0.0
0.0
0.0
0.0
0.0
0.0
0.0
0.0
0.0
0.0
0.0
0.0
0.0
0.0
0.0
0.0
0.0
0.0
0.0
0.0
0.0
0.0
0.0
0.0
0.0
0.0
0.0
0.0
0.0
0.0
0.0
0.0
0.0
0.0
0.0
0.0
0.0
0.0
0.0
0.0
0.0
0.0
0.004
0.011
0.019
0.027
0.037
0.047
0.06
0.076
0.096
0.118
0.141
0.164
0.185
0.202
0.217
0.226
0.231
0.23
0.226
0.218
0.206
0.192
0.176
0.157
0.137
0.116
0.096
0.079
0.066
0.056
0.047
0.038
0.029
0.02
0.011
0.005
0.0
0.0
0.0
0.0
0.0
0.0
0.0
0.0
0.0
0.0
0.0
0.0
0.0
0.0
0.0
0.0
0.0
0.0
0.0
0.0
0.0
0.0
0.0
0.0
0.0
0.0
0.0
0.0
0.0
0.0
0.0
0.0
0.0
0.0
0.0
0.0
0.0
0.0
0.0
0.0
0.0
0.0
0.0
0.0
0.0
0.0
0.0
0.0
0.0
0.0
0.0
0.0
0.0
0.0
0.0
0.0
0.0
0.0
0.0
0.0
0.002
0.005
0.009
0.015
0.023
0.032
0.043
0.056
0.072
0.089
0.107
0.124
0.14
0.155
0.167
0.178
0.187
0.194
0.199
0.203
0.207
0.207
0.203
0.194
0.177
0.157
0.136
0.118
0.106
0.097
0.088
0.078
0.063
0.045
0.028
0.013
0.005
0.0
0.0
0.0
0.0
0.0
0.0
0.0
0.0
0.0
0.0
0.0
0.0
0.0
0.0
0.0
0.0
0.0
0.0
0.0
0.0
0.0
0.0
0.0
0.0
0.0
0.0
0.0
0.0
0.0
0.0
0.0
0.0
0.0
0.0
0.0
0.0
0.0
0.0
0.0
0.0
0.0
0.0
0.0
0.0
0.0
0.0
0.0
0.0
0.0
0.0
0.0
0.0
0.0
0.0
0.0
0.0
0.0
0.0
0.0
0.002
0.006
0.014
0.028
0.048
0.072
0.096
0.117
0.132
0.143
0.154
0.168
0.188
0.21
0.23
0.243
0.246
0.241
0.234
0.229
0.229
0.231
0.231
0.225
0.209
0.187
0.161
0.136
0.113
0.094
0.078
0.063
0.049
0.036
0.025
0.016
0.009
0.005
0.002
0.0
0.0
0.0
0.0
0.0
0.0
0.0
0.0
0.0
0.0
0.0
0.0
0.0
0.0
0.0
0.0
0.0
0.0
0.0
0.0
0.0
0.0
0.0
0.0
0.0
0.0
0.0
0.0
0.0
0.0
0.0
0.0
0.0
0.0
0.0
0.0
0.0
0.0
0.0
0.0
0.0
0.0
0.0
0.0
0.0
0.0
0.0
0.0
0.0
0.0
0.0
0.0
0.0
0.0
0.0
0.0
0.0
0.003
0.01
0.022
0.039
0.064
0.093
0.123
0.151
0.174
0.193
0.209
0.224
0.238
0.251
0.263
0.275
0.285
0.293
0.296
0.292
0.28
0.263
0.241
0.219
0.197
0.178
0.16
0.144
0.131
0.118
0.105
0.089
0.07
0.05
0.031
0.016
0.006
0.0
0.0
0.0
0.0
0.0
0.0
0.0
0.0
0.0
0.0
0.0
0.0
0.0
0.0
0.0
0.0
0.0
0.0
0.0
0.0
0.0
0.0
0.0
0.0
0.0
0.0
0.0
0.0
0.0
0.0
0.0
0.0
0.0
0.0
0.0
0.0
0.0
0.0
0.0
0.0
0.0
0.0
0.0
0.0
0.0
0.0
0.0
0.0
0.0
0.0
0.0
0.0
0.0
0.0
0.0
0.0
0.0
0.0
0.0
0.0
0.0
0.002
0.003
0.006
0.008
0.012
0.015
0.018
0.021
0.024
0.028
0.031
0.033
0.036
0.039
0.041
0.043
0.044
0.045
0.046
0.046
0.046
0.045
0.044
0.043
0.041
0.039
0.036
0.033
0.028
0.024
0.018
0.012
0.007
0.003
0.0
0.0
0.0
0.0
0.0
0.0
0.0
0.0
0.0
0.0
0.0
0.0
0.0
0.0
0.0
0.0
0.0
0.0
0.0
0.0
0.0
0.0
0.0
0.0
0.0
0.0
0.0
0.0
0.0
0.0
0.0
0.0
0.0
0.0
0.0
0.0
0.0
0.0
0.0
0.0
0.0
0.0
0.0
0.0
0.0
0.0
0.0
0.0
0.0
0.0
0.0
0.0
0.0
0.0
0.0
0.0
0.0
0.0
0.0
0.0
0.0
0.003
0.007
0.013
0.023
0.034
0.046
0.057
0.065
0.072
0.08
0.088
0.099
0.111
0.123
0.133
0.141
0.145
0.147
0.148
0.146
0.142
0.136
0.127
0.116
0.103
0.088
0.074
0.061
0.049
0.038
0.029
0.021
0.014
0.009
0.005
0.003
0.0
0.0
0.0
0.0
0.0
0.0
0.0
0.0
0.0
0.0
0.0
0.0
0.0
0.0
0.0
0.0
0.0
0.0
0.0
0.0
0.0
0.0
0.0
0.0
0.0
0.0
0.0
0.0
0.0
0.0
0.0
0.0
0.0
0.0
0.0
0.0
0.0
0.0
0.0
0.0
0.0
0.0
0.0
0.0
0.0
0.0
0.0
0.0
0.0
0.0
0.0
0.0
0.0
0.0
0.0
0.0
0.0
0.0
0.0
0.0
0.0
0.002
0.004
0.007
0.01
0.014
0.019
0.024
0.029
0.034
0.039
0.044
0.049
0.055
0.062
0.069
0.077
0.084
0.087
0.087
0.084
0.08
0.077
0.076
0.075
0.075
0.072
0.066
0.058
0.048
0.038
0.028
0.018
0.01
0.005
0.0
0.0
0.0
0.0
0.0
0.0
0.0
0.0
0.0
0.0
0.0
0.0
0.0
0.0
0.0
0.0
0.0
0.0
0.0
0.0
0.0
0.0
0.0
0.0
0.0
0.0
0.0
0.0
0.0
0.0
0.0
0.0
0.0
0.0
0.0
0.0
0.0
0.0
0.0
0.0
0.0
0.0
0.0
0.0
0.0
0.0
0.0
0.0
0.0
0.0
0.0
0.0
0.0
0.0
0.0
0.0
0.0
0.0
0.0
0.0
0.003
0.008
0.016
0.029
0.047
0.068
0.092
0.116
0.141
0.163
0.183
0.199
0.21
0.218
0.224
0.228
0.233
0.238
0.241
0.242
0.241
0.237
0.232
0.224
0.215
0.204
0.19
0.174
0.155
0.134
0.111
0.089
0.067
0.046
0.029
0.016
0.007
0.003
0.0
0.0
0.0
0.0
0.0
0.0
0.0
0.0
0.0
0.0
0.0
0.0
0.0
0.0
0.0
0.0
0.0
0.0
0.0
0.0
0.0
0.0
0.0
0.0
0.0
0.0
0.0
0.0
0.0
0.0
0.0
0.0
0.0
0.0
0.0
0.0
0.0
0.0
0.0
0.0
0.0
0.0
0.0
0.0
0.0
0.0
0.0
0.0
0.0
0.0
0.0
0.0
0.0
0.0
0.0
0.0
0.0
0.0
0.002
0.005
0.011
0.021
0.036
0.054
0.074
0.097
0.119
0.142
0.163
0.182
0.199
0.213
0.223
0.228
0.228
0.225
0.219
0.211
0.204
0.197
0.19
0.184
0.178
0.172
0.165
0.156
0.145
0.13
0.113
0.094
0.072
0.05
0.03
0.014
0.005
0.0
0.0
0.0
0.0
0.0
0.0
0.0
0.0
0.0
0.0
0.0
0.0
0.0
0.0
0.0
0.0
0.0
0.0
0.0
0.0
0.0
0.0
0.0
0.0
0.0
0.0
0.0
0.0
0.0
0.0
0.0
0.0
0.0
0.0
0.0
0.0
0.0
0.0
0.0
0.0
0.0
0.0
0.0
0.0
0.0
0.0
0.0
0.0
0.0
0.0
0.0
0.0
0.0
0.0
0.0
0.0
0.0
0.0
0.0
0.002
0.008
0.017
0.033
0.057
0.086
0.118
0.152
0.186
0.218
0.248
0.275
0.3
0.321
0.338
0.352
0.363
0.369
0.373
0.372
0.368
0.36
0.348
0.334
0.316
0.296
0.274
0.249
0.223
0.194
0.165
0.134
0.102
0.072
0.045
0.024
0.011
0.004
0.0
0.0
0.0
0.0
0.0
0.0
0.0
0.0
0.0
0.0
0.0
0.0
0.0
0.0
0.0
0.0
0.0
0.0
0.0
0.0
0.0
0.0
0.0
0.0
0.0
0.0
0.0
0.0
0.0
0.0
0.0
0.0
0.0
0.0
0.0
0.0
0.0
0.0
0.0
0.0
0.0
0.0
0.0
0.0
0.0
0.0
0.0
0.0
0.0
0.0
0.0
0.0
0.0
0.0
0.0
0.0
0.0
0.0
0.004
0.01
0.019
0.03
0.042
0.055
0.068
0.078
0.086
0.091
0.095
0.099
0.102
0.107
0.111
0.115
0.119
0.125
0.134
0.148
0.168
0.189
0.203
0.205
0.19
0.163
0.13
0.098
0.073
0.055
0.041
0.031
0.022
0.014
0.008
0.004
0.002
0.0
0.0
0.0
0.0
0.0
0.0
0.0
0.0
0.0
0.0
0.0
0.0
0.0
0.0
0.0
0.0
0.0
0.0
0.0
0.0
0.0
0.0
0.0
0.0
0.0
0.0
0.0