0	0	0	0	0	0	0	0	0	0	0	0	0	0	0	0	0	0	0	0	0	0	0	0	0	0	0	0	0	0	0	0	0	0	0	0	0	0	0	0	0	0	0	0	0	0	0	0	0	0	0	0	0	0	0	0	0	0	0	0	0	0	0	0	0	0	0	0	0	0	0	0	0	0	0	0	0	0	0	0	0	0	0	0	0	0	0	0	0	0	0	0	0	0	0	0	0	0	0	0	0	0	0	0	0	0	0	0	0	0	0	0	0	0	0	0	0	0	0	0	0	0	0	0	0	0	0	0	0	0	0	0	0	0	0	0	0	0	0	0	0	0	0	0	0	0	0	0	0	0	0	0	0	0	0	0	0	0	0	0	0	0	0	0	0	0	0	0	0	0	0	0	0	0	0	0	0	0	0	0	0	0	0	0	0	0	0	0	0	0	0	0	0	0	0	0	0	0	0	0	0	0	0	0	0	0	0	0	0	0	0	0	0	0	0	0	0	0	0	0	0	0	0	0	0	0	0	0	0	0	0	0	0	0	0	0	0	0	0	0	0	0	0	0	0	0	0	0	0	0	0	0	0	0	0	0	0	0	0	0	0	0	0	0	0	0	0	0	0	0	0	0	0	0	0	0	0	0	0	0	0	0	0	0	0	0	0	0	0	0	0	0	0	0	0	0	0	0	0	0	0	0	0	0	0	0	0	0	0	0	0	0	0	0	0	0	0	0	0	0	0	0	0	0	0	0	0	0	0	0	0	0	0	0	0	0	0	0	0	0	0	0	0	0	0	0	0	0	0	0	0	0	0	0	0	0	0	0	0	0	0	0	0	0	0
0	0	0	0	0	0	0	0	0	0	0	0	0	0	0	0	0	0	0	0	0	0	0	0	0	0	0	0	0	0	0	0	0	0	0	0	0	0	0	0	0	0	0	0	0	0	0	0	0	0	0	0	0	0	0	0	0	0	0	0	0	0	0	0	0	0	0	0	0	0	0	0	0	0	0	0	0	0	0	0	0	0	0	0	0	0	0	0	0	0	0	0	0	0	0	0	0	0	0	0	0	0	0	0	0	0	0	0	0	0	0	0	0	0	0	0	0	0	0	0	0	0	0	0	0	0	0	0	0	0	0	0	0	0	0	0	0	0	0	0	0	0	0	0	0	0	0	0	0	0	0	0	0	0	0	0	0	0	0	0	0	0	0	0	0	0	0	0	0	0	0	0	0	0	0	0	0	0	0	0	0	0	0	0	0	0	0	0	0	0	0	0	0	0	0	0	0	0	0	0	0	0	0	0	0	0	0	0	0	0	0	0	0	0	0	0	0	0	0	0	0	0	0	0	0	0	0	0	0	0	0	0	0	0	0	0	0	0	0	0	0	0	0	0	0	0	0	0	0	0	0	0	0	0	0	0	0	0	0	0	0	0	0	0	0	0	0	0	0	0	0	0	0	0	0	0	0	0	0	0	0	0	0	0	0	0	0	0	0	0	0	0	0	0	0	0	0	0	0	0	0	0	0	0	0	0	0	0	0	0	0	0	0	0	0	0	0	0	0	0	0	0	0	0	0	0	0	0	0	0	0	0	0	0	0	0	0	0	0	0	0	0	0	0	0	0	0	0	0	0	0	0	0	0	0	0	0	0	0	0	0	0	0	0	0
0	0	0	0	0	0	0	0	0	0	0	0	0	0	0	0	0	0	0	0	0	0	0	0	0	0	0	0	0	0	0	0	0	0	0	0	0	0	0	0	0	0	0	0	0	0	0	0	0	0	0	0	0	0	0	0	0	0	0	0	0	0	0	0	0	0	0	0	0	0	0	0	0	0	0	0	0	0	0	0	0	0	0	0	0	0	0	0	0	0	0	0	0	0	0	0	0	0	0	0	0	0	0	0	0	0	0	0	0	0	0	0	0	0	0	0	0	0	0	0	0	0	0	0	0	0	0	0	0	0	0	0	0	0	0	0	0	0	0	0	0	0	0	0	0	0	0	0	0	0	0	0	0	0	0	0	0	0	0	0	0	0	0	0	0	0	0	0	0	0	0	0	0	0	0	0	0	0	0	0	0	0	0	0	0	0	0	0	0	0	0	0	0	0	0	0	0	0	0	0	0	0	0	0	0	0	0	0	0	0	0	0	0	0	0	0	0	0	0	0	0	0	0	0	0	0	0	0	0	0	0	0	0	0	0	0	0	0	0	0	0	0	0	0	0	0	0	0	0	0	0	0	0	0	0	0	0	0	0	0	0	0	0	0	0	0	0	0	0	0	0	0	0	0	0	0	0	0	0	0	0	0	0	0	0	0	0	0	0	0	0	0	0	0	0	0	0	0	0	0	0	0	0	0	0	0	0	0	0	0	0	0	0	0	0	0	0	0	0	0	0	0	0	0	0	0	0	0	0	0	0	0	0	0	0	0	0	0	0	0	0	0	0	0	0	0	0	0	0	0	0	0	0	0	0	0	0	0	0	0	0	0	0	0	0
0	0	0	0	0	0	0	0	0	0	0	0	0	0	0	0	0	0	0	0	0	0	0	0	0	0	0	0	0	0	0	0	0	0	0	0	0	0	0	0	0	0	0	0	0	0	0	0	0	0	0	0	0	0	0	0	0	0	0	0	0	0	0	0	0	0	0	0	0	0	0	0	0	0	0	0	0	0	0	0	0	0	0	0	0	0	0	0	0	0	0	0	0	0	0	0	0	0	0	0	0	0	0	0	0	0	0	0	0	0	0	0	0	0	0	0	0	0	0	0	0	0	0	0	0	0	0	0	0	0	0	0	0	0	0	0	0	0	0	0	0	0	0	0	0	0	0	0	0	0	0	0	0	0	0	0	0	0	0	0	0	0	0	0	0	0	0	0	0	0	0	0	0	0	0	0	0	0	0	0	0	0	0	0	0	0	0	0	0	0	0	0	0	0	0	0	0	0	0	0	0	0	0	0	0	0	0	0	0	0	0	0	0	0	0	0	0	0	0	0	0	0	0	0	0	0	0	0	0	0	0	0	0	0	0	0	0	0	0	0	0	0	0	0	0	0	0	0	0	0	0	0	0	0	0	0	0	0	0	0	0	0	0	0	0	0	0	0	0	0	0	0	0	0	0	0	0	0	0	0	0	0	0	0	0	0	0	0	0	0	0	0	0	0	0	0	0	0	0	0	0	0	0	0	0	0	0	0	0	0	0	0	0	0	0	0	0	0	0	0	0	0	0	0	0	0	0	0	0	0	0	0	0	0	0	0	0	0	0	0	0	0	0	0	0	0	0	0	0	0	0	0	0	0	0	0	0	0	0	0	0	0	0	0	0
0	0	0	0	0	0	0	0	0	0	0	0	0	0	0	0	0	0	0	0	0	0	0	0	0	0	0	0	0	0	0	0	0	0	0	0	0	0	0	0	0	0	0	0	0	0	0	0	0	0	0	0	0	0	0	0	0	0	0	0	0	0	0	0	0	0	0	0	0	0	0	0	0	0	0	0	0	0	0	0	0	0	0	0	0	0	0	0	0	0	0	0	0	0	0	0	0	0	0	0	0	0	0	0	0	0	0	0	0	0	0	0	0	0	0	0	0	0	0	0	0	0	0	0	0	0	0	0	0	0	0	0	0	0	0	0	0	0	0	0	0	0	0	0	0	0	0	0	0	0	0	0	0	0	0	0	0	0	0	0	0	0	0	0	0	0	0	0	0	0	0	0	0	0	0	0	0	0	0	0	0	0	0	0	0	0	0	0	0	0	0	0	0	0	0	0	0	0	0	0	0	0	0	0	0	0	0	0	0	0	0	0	0	0	0	0	0	0	0	0	0	0	0	0	0	0	0	0	0	0	0	0	0	0	0	0	0	0	0	0	0	0	0	0	0	0	0	0	0	0	0	0	0	0	0	0	0	0	0	0	0	0	0	0	0	0	0	0	0	0	0	0	0	0	0	0	0	0	0	0	0	0	0	0	0	0	0	0	0	0	0	0	0	0	0	0	0	0	0	0	0	0	0	0	0	0	0	0	0	0	0	0	0	0	0	0	0	0	0	0	0	0	0	0	0	0	0	0	0	0	0	0	0	0	0	0	0	0	0	0	0	0	0	0	0	0	0	0	0	0	0	0	0	0	0	0	0	0	0	0	0	0	0	0	0
0	0	0	0	0	0	0	0	0	0	0	0	0	0	0	0	0	0	0	0	0	0	0	0	0	0	0	0	0	0	0	0	0	0	0	0	0	0	0	0	0	0	0	0	0	0	0	0	0	0	0	0	0	0	0	0	0	0	0	0	0	0	0	0	0	0	0	0	0	0	0	0	0	0	0	0	0	0	0	0	0	0	0	0	0	0	0	0	0	0	0	0	0	0	0	0	0	0	0	0	0	0	0	0	0	0	0	0	0	0	0	0	0	0	0	0	0	0	0	0	0	0	0	0	0	0	0	0	0	0	0	0	0	0	0	0	0	0	0	0	0	0	0	0	0	0	0	0	0	0	0	0	0	0	0	0	0	0	0	0	0	0	0	0	0	0	0	0	0	0	0	0	0	0	0	0	0	0	0	0	0	0	0	0	0	0	0	0	0	0	0	0	0	0	0	0	0	0	0	0	0	0	0	0	0	0	0	0	0	0	0	0	0	0	0	0	0	0	0	0	0	0	0	0	0	0	0	0	0	0	0	0	0	0	0	0	0	0	0	0	0	0	0	0	0	0	0	0	0	0	0	0	0	0	0	0	0	0	0	0	0	0	0	0	0	0	0	0	0	0	0	0	0	0	0	0	0	0	0	0	0	0	0	0	0	0	0	0	0	0	0	0	0	0	0	0	0	0	0	0	0	0	0	0	0	0	0	0	0	0	0	0	0	0	0	0	0	0	0	0	0	0	0	0	0	0	0	0	0	0	0	0	0	0	0	0	0	0	0	0	0	0	0	0	0	0	0	0	0	0	0	0	0	0	0	0	0	0	0	0	0	0	0	0	0
0	0	0	0	0	0	0	0	0	0	0	0	0	0	0	0	0	0	0	0	0	0	0	0	0	0	0	0	0	0	0	0	0	0	0	0	0	0	0	0	0	0	0	0	0	0	0	0	0	0	0	0	0	0	0	0	0	0	0	0	0	0	0	0	0	0	0	0	0	0	0	0	0	0	0	0	0	0	0	0	0	0	0	0	0	0	0	0	0	0	0	0	0	0	0	0	0	0	0	0	0	0	0	0	0	0	0	0	0	0	0	0	0	0	0	0	0	0	0	0	0	0	0	0	0	0	0	0	0	0	0	0	0	0	0	0	0	0	0	0	0	0	0	0	0	0	0	0	0	0	0	0	0	0	0	0	0	0	0	0	0	0	0	0	0	0	0	0	0	0	0	0	0	0	0	0	0	0	0	0	0	0	0	0	0	0	0	0	0	0	0	0	0	0	0	0	0	0	0	0	0	0	0	0	0	0	0	0	0	0	0	0	0	0	0	0	0	0	0	0	0	0	0	0	0	0	0	0	0	0	0	0	0	0	0	0	0	0	0	0	0	0	0	0	0	0	0	0	0	0	0	0	0	0	0	0	0	0	0	0	0	0	0	0	0	0	0	0	0	0	0	0	0	0	0	0	0	0	0	0	0	0	0	0	0	0	0	0	0	0	0	0	0	0	0	0	0	0	0	0	0	0	0	0	0	0	0	0	0	0	0	0	0	0	0	0	0	0	0	0	0	0	0	0	0	0	0	0	0	0	0	0	0	0	0	0	0	0	0	0	0	0	0	0	0	0	0	0	0	0	0	0	0	0	0	0	0	0	0	0	0	0	0	0	0
0	0	0	0	0	0	0	0	0	0	0	0	0	0	0	0	0	0	0	0	0	0	0	0	0	0	0	0	0	0	0	0	0	0	0	0	0	0	0	0	0	0	0	0	0	0	0	0	0	0	0	0	0	0	0	0	0	0	0	0	0	0	0	0	0	0	0	0	0	0	0	0	0	0	0	0	0	0	0	0	0	0	0	0	0	0	0	0	0	0	0	0	0	0	0	0	0	0	0	0	0	0	0	0	0	0	0	0	0	0	0	0	0	0	0	0	0	0	0	0	0	0	0	0	0	0	0	0	0	0	0	0	0	0	0	0	0	0	0	0	0	0	0	0	0	0	0	0	0	0	0	0	0	0	0	0	0	0	0	0	0	0	0	0	0	0	0	0	0	0	0	0	0	0	0	0	0	0	0	0	0	0	0	0	0	0	0	0	0	0	0	0	0	0	0	0	0	0	0	0	0	0	0	0	0	0	0	0	0	0	0	0	0	0	0	0	0	0	0	0	0	0	0	0	0	0	0	0	0	0	0	0	0	0	0	0	0	0	0	0	0	0	0	0	0	0	0	0	0	0	0	0	0	0	0	0	0	0	0	0	0	0	0	0	0	0	0	0	0	0	0	0	0	0	0	0	0	0	0	0	0	0	0	0	0	0	0	0	0	0	0	0	0	0	0	0	0	0	0	0	0	0	0	0	0	0	0	0	0	0	0	0	0	0	0	0	0	0	0	0	0	0	0	0	0	0	0	0	0	0	0	0	0	0	0	0	0	0	0	0	0	0	0	0	0	0	0	0	0	0	0	0	0	0	0	0	0	0	0	0	0	0	0	0	0
0	0	0	0	0	0	0	0	0	0	0	0	0	0	0	0	0	0	0	0	0	0	0	0	0	0	0	0	0	0	0	0	0	0	0	0	0	0	0	0	0	0	0	0	0	0	0	0	0	0	0	0	0	0	0	0	0	0	0	0	0	0	0	0	0	0	0	0	0	0	0	0	0	0	0	0	0	0	0	0	0	0	0	0	0	0	0	0	0	0	0	0	0	0	0	0	0	0	0	0	0	0	0	0	0	0	0	0	0	0	0	0	0	0	0	0	0	0	0	0	0	0	0	0	0	0	0	0	0	0	0	0	0	0	0	0	0	0	0	0	0	0	0	0	0	0	0	0	0	0	0	0	0	0	0	0	0	0	0	0	0	0	0	0	0	0	0	0	0	0	0	0	0	0	0	0	0	0	0	0	0	0	0	0	0	0	0	0	0	0	0	0	0	0	0	0	0	0	0	0	0	0	0	0	0	0	0	0	0	0	0	0	0	0	0	0	0	0	0	0	0	0	0	0	0	0	0	0	0	0	0	0	0	0	0	0	0	0	0	0	0	0	0	0	0	0	0	0	0	0	0	0	0	0	0	0	0	0	0	0	0	0	0	0	0	0	0	0	0	0	0	0	0	0	0	0	0	0	0	0	0	0	0	0	0	0	0	0	0	0	0	0	0	0	0	0	0	0	0	0	0	0	0	0	0	0	0	0	0	0	0	0	0	0	0	0	0	0	0	0	0	0	0	0	0	0	0	0	0	0	0	0	0	0	0	0	0	0	0	0	0	0	0	0	0	0	0	0	0	0	0	0	0	0	0	0	0	0	0	0	0	0	0	0	0
0	0	0	0	0	0	0	0	0	0	0	0	0	0	0	0	0	0	0	0	0	0	0	0	0	0	0	0	0	0	0	0	0	0	0	0	0	0	0	0	0	0	0	0	0	0	0	0	0	0	0	0	0	0	0	0	0	0	0	0	0	0	0	0	0	0	0	0	0	0	0	0	0	0	0	0	0	0	0	0	0	0	0	0	0	0	0	0	0	0	0	0	0	0	0	0	0	0	0	0	0	0	0	0	0	0	0	0	0	0	0	0	0	0	0	0	0	0	0	0	0	0	0	0	0	0	0	0	0	0	0	0	0	0	0	0	0	0	0	0	0	0	0	0	0	0	0	0	0	0	0	0	0	0	0	0	0	0	0	0	0	0	0	0	0	0	0	0	0	0	0	0	0	0	0	0	0	0	0	0	0	0	0	0	0	0	0	0	0	0	0	0	0	0	0	0	0	0	0	0	0	0	0	0	0	0	0	0	0	0	0	0	0	0	0	0	0	0	0	0	0	0	0	0	0	0	0	0	0	0	0	0	0	0	0	0	0	0	0	0	0	0	0	0	0	0	0	0	0	0	0	0	0	0	0	0	0	0	0	0	0	0	0	0	0	0	0	0	0	0	0	0	0	0	0	0	0	0	0	0	0	0	0	0	0	0	0	0	0	0	0	0	0	0	0	0	0	0	0	0	0	0	0	0	0	0	0	0	0	0	0	0	0	0	0	0	0	0	0	0	0	0	0	0	0	0	0	0	0	0	0	0	0	0	0	0	0	0	0	0	0	0	0	0	0	0	0	0	0	0	0	0	0	0	0	0	0	0	0	0	0	0	0	0	0
0	0	0	0	0	0	0	0	0	0	0	0	0	0	0	0	0	0	0	0	0	0	0	0	0	0	0	0	0	0	0	0	0	0	0	0	0	0	0	0	0	0	0	0	0	0	0	0	0	0	0	0	0	0	0	0	0	0	0	0	0	0	0	0	0	0	0	0	0	0	0	0	0	0	0	0	0	0	0	0	0	0	0	0	0	0	0	0	0	0	0	0	0	0	0	0	0	0	0	0	0	0	0	0	0	0	0	0	0	0	0	0	0	0	0	0	0	0	0	0	0	0	0	0	0	0	0	0	0	0	0	0	0	0	0	0	0	0	0	0	0	0	0	0	0	0	0	0	0	0	0	0	0	0	0	0	0	0	0	0	0	0	0	0	0	0	0	0	0	0	0	0	0	0	0	0	0	0	0	0	0	0	0	0	0	0	0	0	0	0	0	0	0	0	0	0	0	0	0	0	0	0	0	0	0	0	0	0	0	0	0	0	0	0	0	0	0	0	0	0	0	0	0	0	0	0	0	0	0	0	0	0	0	0	0	0	0	0	0	0	0	0	0	0	0	0	0	0	0	0	0	0	0	0	0	0	0	0	0	0	0	0	0	0	0	0	0	0	0	0	0	0	0	0	0	0	0	0	0	0	0	0	0	0	0	0	0	0	0	0	0	0	0	0	0	0	0	0	0	0	0	0	0	0	0	0	0	0	0	0	0	0	0	0	0	0	0	0	0	0	0	0	0	0	0	0	0	0	0	0	0	0	0	0	0	0	0	0	0	0	0	0	0	0	0	0	0	0	0	0	0	0	0	0	0	0	0	0	0	0	0	0	0	0	0
0	0	0	0	0	0	0	0	0	0	0	0	0	0	0	0	0	0	0	0	0	0	0	0	0	0	0	0	0	0	0	0	0	0	0	0	0	0	0	0	0	0	0	0	0	0	0	0	0	0	0	0	0	0	0	0	0	0	0	0	0	0	0	0	0	0	0	0	0	0	0	0	0	0	0	0	0	0	0	0	0	0	0	0	0	0	0	0	0	0	0	0	0	0	0	0	0	0	0	0	0	0	0	0	0	0	0	0	0	0	0	0	0	0	0	0	0	0	0	0	0	0	0	0	0	0	0	0	0	0	0	0	0	0	0	0	0	0	0	0	0	0	0	0	0	0	0	0	0	0	0	0	0	0	0	0	0	0	0	0	0	0	0	0	0	0	0	0	0	0	0	0	0	0	0	0	0	0	0	0	0	0	0	0	0	0	0	0	0	0	0	0	0	0	0	0	0	0	0	0	0	0	0	0	0	0	0	0	0	0	0	0	0	0	0	0	0	0	0	0	0	0	0	0	0	0	0	0	0	0	0	0	0	0	0	0	0	0	0	0	0	0	0	0	0	0	0	0	0	0	0	0	0	0	0	0	0	0	0	0	0	0	0	0	0	0	0	0	0	0	0	0	0	0	0	0	0	0	0	0	0	0	0	0	0	0	0	0	0	0	0	0	0	0	0	0	0	0	0	0	0	0	0	0	0	0	0	0	0	0	0	0	0	0	0	0	0	0	0	0	0	0	0	0	0	0	0	0	0	0	0	0	0	0	0	0	0	0	0	0	0	0	0	0	0	0	0	0	0	0	0	0	0	0	0	0	0	0	0	0	0	0	0	0	0
0	0	0	0	0	0	0	0	0	0	0	0	0	0	0	0	0	0	0	0	0	0	0	0	0	0	0	0	0	0	0	0	0	0	0	0	0	0	0	0	0	0	0	0	0	0	0	0	0	0	0	0	0	0	0	0	0	0	0	0	0	0	0	0	0	0	0	0	0	0	0	0	0	0	0	0	0	0	0	0	0	0	0	0	0	0	0	0	0	0	0	0	0	0	0	0	0	0	0	0	0	0	0	0	0	0	0	0	0	0	0	0	0	0	0	0	0	0	0	0	0	0	0	0	0	0	0	0	0	0	0	0	0	0	0	0	0	0	0	0	0	0	0	0	0	0	0	0	0	0	0	0	0	0	0	0	0	0	0	0	0	0	0	0	0	0	0	0	0	0	0	0	0	0	0	0	0	0	0	0	0	0	0	0	0	0	0	0	0	0	0	0	0	0	0	0	0	0	0	0	0	0	0	0	0	0	0	0	0	0	0	0	0	0	0	0	0	0	0	0	0	0	0	0	0	0	0	0	0	0	0	0	0	0	0	0	0	0	0	0	0	0	0	0	0	0	0	0	0	0	0	0	0	0	0	0	0	0	0	0	0	0	0	0	0	0	0	0	0	0	0	0	0	0	0	0	0	0	0	0	0	0	0	0	0	0	0	0	0	0	0	0	0	0	0	0	0	0	0	0	0	0	0	0	0	0	0	0	0	0	0	0	0	0	0	0	0	0	0	0	0	0	0	0	0	0	0	0	0	0	0	0	0	0	0	0	0	0	0	0	0	0	0	0	0	0	0	0	0	0	0	0	0	0	0	0	0	0	0	0	0	0	0	0	0
0	0	0	0	0	0	0	0	0	0	0	0	0	0	0	0	0	0	0	0	0	0	0	0	0	0	0	0	0	0	0	0	0	0	0	0	0	0	0	0	0	0	0	0	0	0	0	0	0	0	0	0	0	0	0	0	0	0	0	0	0	0	0	0	0	0	0	0	0	0	0	0	0	0	0	0	0	0	0	0	0	0	0	0	0	0	0	0	0	0	0	0	0	0	0	0	0	0	0	0	0	0	0	0	0	0	0	0	0	0	0	0	0	0	0	0	0	0	0	0	0	0	0	0	0	0	0	0	0	0	-0.004629805	0	-0.004533752	0	0	0	-0.005346502	-0.009560786	-0.004279899	-0.005580479	0	-0.0061986	-0.007074373	-0.001975874	-0.007936615	0.001910376	-0.003290123	-0.015844956	-0.008434328	-0.004500308	-0.009387626	-0.020865144	-0.017258108	-0.008106879	-0.009379785	-0.002487207	-0.003363153	-0.018001978	-0.018098398	-0.007114581	-0.002670526	-0.001081272	0.001683595	-0.00023221	0.005088726	-0.000861116	-0.003519241	0.001271584	-0.00549259	0.005045207	0.002868682	-0.002523627	-0.000841552	-0.0016732	-0.002020048	0.005840969	0.000659777	0.001150742	-0.000855881	-4.42E-05	0.001583596	-0.002108409	-0.007738899	-0.003184186	0.000579177	0.007826514	0.006287612	-0.000219046	-0.000217458	-0.000160553	0.00128523	0.001175499	0.002478706	0.002882596	-0.000710868	0.000242701	0.000390027	0.003175817	0.000234443	3.03E-05	0.000862176	0.001614313	0.00258244	0.005499866	0.008459558	0.006811232	0.004740654	0.008097179	0.008182839	0.003327283	0.005923244	0.004063422	0.005336746	0.003346432	0	0.00378971	0.003947172	0.004118661	0	0	0	0	0	0	0	0	0	0	0	0	0.003143032	0	0	0	0	0	0	0	0	0	0	0	0	0	0	0	0	0	0	0	0	0	0	0	0	0	0	0	0	0	0	0	0	0	0	0	0	0	0	0	0	0	0	0	0	0	0	0	0	0	0	0	0	0	0	0	0	0	0	0	0	0	0	0	0	0	0	0	0	0	0	0	0	0	0	0	0	0	0	0	0	0	0	0	0	0	0	0	0	0	0	0	0	0	0	0	0	0	0	0	0	0	0	0	0	0	0	0	0	0	0	0	0	0	0	0	0	0	0	0	0	0	0	0	0	0	0	0	0	0	0	0	0	0	0
0	0	0	0	0	0	0	0	0	0	0	0	0	0	0	0	0	0	0	0	0	0	0	0	0	0	0	0	0	0	0	0	0	0	0	0	0	0	0	0	0	0	0	0	0	0	0	0	0	0	0	0	0	0	0	0	0	0	0	0	0	0	0	0	0	0	0	0	0	0	0	0	0	0	0	0	0	0	0	0	0	0	0	0	0	0	0	0	0	0	0	0	0	0	0	0	0	0	0	0	0	0	0	0	0	0	0	0	0	0	0	0	0	0	0	0	0	0	0	0	0	0	0	0	0	0	0	0	0	0	-0.00925961	0	-0.009067505	0	0	0	-0.010693004	-0.019121572	-0.008559798	-0.011160957	0	-0.012397199	-0.014148747	-0.00394022	-0.015873229	0.002647192	-0.002794218	-0.031689913	-0.012857702	-0.008216955	-0.01357655	-0.02844697	-0.022200214	-0.018407684	-0.018587142	-0.003498527	-0.008453186	-0.023591926	-0.034399181	-0.014655663	-0.003724082	-0.001781549	0.004238656	0.002855657	0.011136284	-0.003910433	-0.005890594	0.005170868	-0.00765974	0.013722263	0.005622572	-0.004472722	-0.002891007	-0.00352638	-0.004341809	0.0134543	0.002663266	0.003077493	-0.002104348	3.79E-05	0.003148237	-0.00378603	-0.015475471	-0.006977401	0.001187697	0.014740495	0.012669223	-0.000635277	0.000539903	0.000528953	0.003178202	0.001180672	0.005022926	0.006886967	-0.000559158	0.000460021	-0.000878245	0.004856797	-0.001181489	2.44E-05	0.001829988	0.002445871	0.005922206	0.008440745	0.017427583	0.013579133	0.009647724	0.016302043	0.016718475	0.007578095	0.011983822	0.008073676	0.010935234	0.00400827	0.002285597	0.007695039	0.007928566	0.006884377	0.005070406	0.003176895	0.009226198	0	0.007304504	0.006304009	0.003721633	0.003834239	0	0.011326195	0	0.003746709	0	0	0	0.004753173	0	0	0.009635673	0	0	0	0	0	0	0	0	0	0	0	0	0	0	0	0	0	0	0	0	0	0	0	0	0	0	0	0	0	0	0	0	0	0	0	0	0	0	0	0	0	0	0	0	0	0	0	0	0	0	0	0	0	0	0	0	0	0	0	0	0	0	0	0	0	0	0	0	0	0	0	0	0	0	0	0	0	0	0	0	0	0	0	0	0	0	0	0	0	0	0	0	0	0	0	0	0	0	0	0	0	0	0	0	0	0	0	0	0	0	0	0	0	0	0	0	0	0	0	0	0	0	0	0	0	0	0	0
0	0	0	0	0	0	0	0	0	0	0	0	0	0	0	0	0	0	0	0	0	0	0	0	0	0	0	0	0	0	0	0	0	0	0	0	0	0	0	0	0	0	0	0	0	0	0	0	0	0	0	0	0	0	0	0	0	0	0	0	0	0	0	0	0	0	0	0	0	0	0	0	0	0	0	0	0	0	0	0	0	0	0	0	0	0	0	0	0	0	0	0	0	0	0	0	0	0	0	0	0	0	0	0	0	0	0	0	0	0	0	0	0	0	0	0	0	0	0	0	0	0	0	0	0	0	0	0	0	0	-0.013889415	0	-0.013601257	0	0	0	-0.016039506	-0.028682359	-0.012839697	-0.016741436	0.006896463	-0.013578913	-0.02122312	-0.00599641	-0.019013307	0.004935787	-0.004073035	-0.041832253	-0.025302983	-0.01455777	-0.019480239	-0.042961783	-0.031173085	-0.030287772	-0.028596849	-0.004566011	-0.011239233	-0.035629424	-0.050115512	-0.021465453	-0.011232947	-0.002241491	0.004346481	0.003493557	0.017916508	-0.006361949	-0.007688344	0.005120015	-0.019365731	0.01509937	0.008568607	-0.007063551	-0.003838756	-0.003995119	-0.006188213	0.019474168	0.002691985	0.003947965	-0.003221968	-0.001561007	0.00494341	-0.006157842	-0.023041422	-0.010190765	0.00128624	0.022278311	0.0182284	-0.00015776	0.000624244	-0.000412287	0.003837437	0.003357118	0.007375079	0.013074345	0.00137726	0.001342441	-0.001295831	0.010990235	0.002619745	-0.001056613	0.000967131	0.005023272	0.009855723	0.014595829	0.025383354	0.020570134	0.014689755	0.024574409	0.023332231	0.009563676	0.01835773	0.01219389	0.015780215	0.008476047	0.004643018	0.011675714	0.011762653	0.00886428	0.005360935	0.00591867	0.013466205	0.003674952	0.011094966	0.008054377	0.005019739	0.008488583	0.004005672	0.009274793	0.004251374	0	0.006702801	0.006660663	0.002251547	0.007294499	0.003760882	0	0.014923254	0	0	0.003975714	0	0	0	0	0	0	0	0	0	0	0	0	0	0	0	0	0	0	0	0	0	0	0	0	0	0	0	0	0	0	0	0	0	0	0	0	0	0	0	0	0	0	0	0	0	0	0	0	0	0	0	0	0	0	0	0	0	0	0	0	0	0	0	0	0	0	0	0	0	0	0	0	0	0	0	0	0	0	0	0	0	0	0	0	0	0	0	0	0	0	0	0	0	0	0	0	0	0	0	0	0	0	0	0	0	0	0	0	0	0	0	0	0	0	0	0	0	0	0	0	0	0	0	0	0
0	0	0	0	0	0	0	0	0	0	0	0	0	0	0	0	0	0	0	0	0	0	0	0	0	0	0	0	0	0	0	0	0	0	0	0	0	0	0	0	0	0	0	0	0	0	0	0	0	0	0	0	0	0	0	0	0	0	0	0	0	0	0	0	0	0	0	0	0	0	0	0	0	0	0	0	0	0	0	0	0	0	0	0	0	0	0	0	0	0	0	0	0	0	0	0	0	0	0	0	0	0	0	0	0	0	0	0	0	0	0	0	0	0	0	0	0	0	0	0	0	0	0	0	0	0	0	0	0	0	-0.01851922	0	-0.01813501	0	0	0	-0.021386008	-0.038243145	-0.017119596	-0.022321915	0.010939851	-0.019494059	-0.028297494	-0.008143079	-0.024369716	0.007746033	-0.005262548	-0.054226078	-0.029916914	-0.019391381	-0.027603912	-0.056702585	-0.042422544	-0.044201074	-0.038566625	-0.008695245	-0.011872808	-0.046995945	-0.073914844	-0.028556403	-0.010329004	-0.000321275	0.00294044	0.000764305	0.020728442	-0.011436361	-0.017369416	0.00615912	-0.016833453	0.021798638	0.011787549	-0.009329221	-0.004120512	-0.007560707	-0.00913815	0.027575298	0.002639136	0.00556928	-0.00431946	-0.002055023	0.005478652	-0.007563026	-0.033204272	-0.010408753	0.001638186	0.033287489	0.022360232	-0.000500943	-0.001546651	0.002256459	0.006460559	0.003720959	0.008785187	0.008635521	0.001218622	0.002849319	-6.63E-05	0.013110191	0.000724114	-0.000494001	0.003986056	0.006220156	0.012459972	0.022027508	0.033548254	0.027498781	0.019485909	0.032566645	0.031226272	0.01371321	0.023912763	0.016074821	0.021880482	0.008341581	0.004335392	0.016700719	0.016013679	0.01259356	0.009097281	0.007294142	0.016183442	0.006421738	0.015088905	0.01043434	0.00722606	0.013365664	0.009506773	0	0.00597421	0.007958941	0.009564069	0.006895394	0.002721841	0.009499216	0.007062249	0	0.018706123	0.002745399	0	0.004907327	0	0	0	0	0	0	0	0	0	0	0	0	0	0	0	0	0	0	0	0	0	0	0	0	0	0	0	0	0	0	0	0	0	0	0	0	0	0	0	0	0	0	0	0	0	0	0	0	0	0	0	0	0	0	0	0	0	0	0	0	0	0	0	0	0	0	0	0	0	0	0	0	0	0	0	0	0	0	0	0	0	0	0	0	0	0	0	0	0	0	0	0	0	0	0	0	0	0	0	0	0	0	0	0	0	0	0	0	0	0	0	0	0	0	0	0	0	0	0	0	0	0	0	0	0
0	0	0	0	0	0	0	0	0	0	0	0	0	0	0	0	0	0	0	0	0	0	0	0	0	0	0	0	0	0	0	0	0	0	0	0	0	0	0	0	0	0	0	0	0	0	0	0	0	0	0	0	0	0	0	0	0	0	0	0	0	0	0	0	0	0	0	0	0	0	0	0	0	0	0	0	0	0	0	0	0	0	0	0	0	0	0	0	0	0	0	0	0	0	0	0	0	0	0	0	0	0	0	-0.0040751	-0.004614533	-0.006231304	-0.006790677	-0.012085262	-0.010167924	-0.015419742	-0.001449839	-0.003433151	-0.004180038	-0.00366594	-0.007582142	-0.001760231	-0.000287751	-0.012746746	-0.012251434	-0.001332528	-0.002468404	-0.005339601	-0.004309502	0.003532693	-0.004905536	-0.002733412	-0.00850823	-0.001261361	-0.003988553	-0.006826332	-0.017422367	-0.004844688	-0.024614118	0.002815695	0.002850254	0.004391329	-0.020719422	-0.054202927	-0.019774315	-0.027351643	0.00742562	-0.020031371	-0.029062337	-0.006017249	-0.037250172	0.012035265	-0.004004662	-0.084357262	-0.04202126	-0.029097362	-0.034294435	-0.064432906	-0.06532105	-0.018566084	-0.056722672	-0.015730259	-0.018515816	-0.09711255	-0.080649578	-0.032923956	-0.015973835	0.001415406	0.007762342	-0.005595898	0.044147892	-0.021722957	-0.025845922	0.012865789	-0.030249279	-0.001626766	0.020062767	-0.003958748	-0.004574749	-0.020264021	-0.012572511	0.031544779	0.007973607	0.01831439	-0.013468519	-0.012915983	0.004702658	-0.011247779	-0.046148664	-0.000405535	0.007844518	0.028897233	0.033275709	-0.001489545	-0.005655772	0.008686974	0.018758112	0.007288392	0.011563328	-0.000600521	0.009360877	0.002562706	0.005673973	0.01676285	0.005477192	-0.006080108	0.002100988	0.009265843	0.016321784	0.021788399	0.028645365	0.028363852	0.027309075	0.03547326	0.048190215	0.018268512	0.026668109	0.023837839	0.024787249	0.009226251	0.006414792	0.01908825	0.021217933	0.021235384	0.001385448	0.004097596	0.022506251	0.014809626	0.028918323	0.015155819	0.007405947	0.011697656	0.015292867	0.012942488	0.017941594	0.010909554	0.018028794	0.013743752	0.00750744	0.021300824	0.011798172	0.006520543	0.035197559	0.005262894	0.011801851	0.013481229	0.011103138	0.012646551	0.016065522	0.012050311	0.011658016	0.005647231	0	0	0	0.0033875	0.006306665	0.006556983	0	0	0	0	0	0	0	0	0	0	0	0.011530691	0	0	0	0	0.006283924	0	0	0	0	0	0	0	0	0	0	0	0	0	0	0	0	0	0	0	0	0	0	0	0	0	0	0	0	0	0	0	0	0	0	0	0	0	0	0	0	0	0	0	0	0	0	0	0	0	0	0	0	0	0	0	0	0	0	0	0	0	0	0	0	0	0	0	0	0	0	0	0	0	0	0	0	0	0	0	0	0	0	0	0	0	0	0	0	0	0	0	0	0	0	0	0
0	0	0	0	0	0	0	0	0	0	0	0	0	0	0	0	0	0	0	0	0	0	0	0	0	0	0	0	0	0	0	0	0	0	0	0	0	0	0	0	0	0	0	0	0	0	0	0	0	0	0	0	0	0	0	0	0	0	0	0	0	0	0	0	0	0	0	0	0	0	0	0	0	0	0	0	0	0	0	0	0	0	0	0	0	0	0	0	0	0	0	0	0	0	0	0	0	0	0	0	0	0	0	-0.008150201	-0.009229065	-0.012462607	-0.013581355	-0.024170524	-0.01397188	-0.023147495	-0.00546785	-0.008835507	-0.008416188	-0.00764435	-0.01441329	-0.003437003	-0.000516929	-0.018735581	-0.018978462	-0.002368006	-0.003174803	-0.013975927	-0.00874715	0.007331871	-0.008235762	-0.004350144	-0.017377903	-0.00333635	-0.007142881	-0.016163583	-0.020142951	-0.009421629	-0.030784008	0.005628984	0.00500774	0.00468283	-0.021014481	-0.071498326	-0.023292876	-0.035348591	-0.006429438	-0.01870264	-0.03642751	-0.00442515	-0.060294905	0.01693598	-0.000787105	-0.108110574	-0.049884685	-0.026998167	-0.036359265	-0.066633423	-0.089367152	0.009076522	-0.077424678	-0.024064574	-0.01108984	-0.136251951	-0.068445915	-0.037101167	-0.021035998	0.010816162	-0.000110526	-0.007753104	0.06894812	-0.031717525	-0.042382016	0.018496604	-0.036660047	-0.010004371	0.028651873	6.56E-05	-0.00541956	-0.034010926	-0.01764706	0.046223519	0.022037249	0.031646383	-0.022534097	-0.021274613	0.003079327	-0.009784604	-0.057645225	0.014181161	0.011429533	0.026899205	0.046651321	-0.005492917	-0.005196103	0.012364322	0.031766532	0.006317095	0.014372247	-0.017718498	0.006267728	-0.002217792	0.009139849	0.024948666	-0.001462229	-0.011584645	0.004892008	0.012450829	0.017297454	0.024901912	0.021653889	0.028324099	0.022393306	0.036942396	0.049820885	0.018724691	0.027648287	0.03017096	0.029223775	0.006239436	0.005489591	0.023183216	0.027342786	0.028901284	0.00114034	0.003841026	0.031134835	0.017799683	0.042712424	0.010537869	0.010006374	0.016607273	0.014003371	0.009259421	0.031303632	0.017660422	0.024818227	0.010810881	0.014909489	0.032444077	0.034297854	0.010291936	0.033150132	0.017992942	0.03087818	0.021822586	0.00507989	0.01790939	0.026895069	0.013984693	0.025365842	0.007097717	0.005525536	0.004497629	0	0.007106977	0.006519182	0.012773573	0	0.005575436	0.005086692	0.02058712	0.00474593	0	0	0.008743065	0	0	0	0.028580472	0	0	0.005089018	0	0.011478074	0.00389147	0	0	0	0	0	0	0	0	0	0	0	0	0	0	0	0	0	0	0	0	0	0	0	0	0	0	0	0	0	0	0	0	0	0	0	0	0	0	0	0	0	0	0	0	0	0	0	0	0	0	0	0	0	0	0	0	0	0	0	0	0	0	0	0	0	0	0	0	0	0	0	0	0	0	0	0	0	0	0	0	0	0	0	0	0	0	0	0	0	0	0	0	0	0	0
0	0	0	0	0	0	0	0	0	0	0	0	0	0	0	0	0	0	0	0	0	0	0	0	0	0	0	0	0	0	0	0	0	0	0	0	0	0	0	0	0	0	0	0	0	0	0	0	0	0	0	0	0	0	0	0	0	0	0	0	0	0	0	0	0	0	0	0	0	0	0	0	0	0	0	0	0	0	0	0	0	0	0	0	0	0	0	0	0	0	0	0	0	0	0	0	0	0	0	0	0	0	0	-0.012225301	-0.013843598	-0.018693911	-0.020372032	-0.027238314	-0.014772532	-0.036525841	-0.003687169	-0.011246675	-0.013161794	-0.011072789	-0.020947712	-0.005088797	-0.00249097	-0.030328369	-0.027386132	-0.004073706	-0.002969259	-0.020792384	-0.014239165	0.013816751	-0.017240368	-0.005042199	-0.025555042	-0.004638406	-0.011685203	-0.016330669	-0.023576456	-0.015454818	-0.035918327	0.007923415	0.006349557	0.006122002	-0.019795008	-0.090191621	-0.026111295	-0.044083927	-0.004444349	-0.021584451	-0.042793067	-0.002917117	-0.076568059	0.021354722	0.001482443	-0.141380609	-0.051175406	-0.028043627	-0.042812908	-0.071824637	-0.11373424	0.023881685	-0.101688874	-0.028478773	-0.015368772	-0.179947443	-0.079215506	-0.041444701	-0.031142551	0.022010735	-0.005890018	0.000288991	0.096266278	-0.038364956	-0.044681028	0.036243403	-0.036892716	-0.038642604	0.036728069	0.00493745	-0.005128028	-0.045768918	-0.022708733	0.050565148	0.012231181	0.043022326	-0.032543312	-0.03066672	0.006676765	-0.010981416	-0.073423974	0.029721137	0.017812163	0.018933307	0.055663079	-0.006506412	-0.013297494	0.022068987	0.044268166	0.010623268	0.017437447	-0.038927348	0.01510828	-0.002261304	0.015016919	0.03074474	0.018337412	-0.014094289	0.001520765	0.01531152	0.02387665	0.019369475	0.016218238	0.026486706	0.021060396	0.040285702	0.06460889	0.032251367	0.029749962	0.038263917	0.033308564	0.021039299	0.009720991	0.024207308	0.032702611	0.039449261	-0.001756701	0.004877647	0.034187187	0.023183056	0.056597266	0.002670745	0.015825295	0.013380938	0.028258074	0.011999067	0.038295592	0.008971249	0.04024118	0.016856671	0.01367858	0.04406503	0.039537319	0.017236314	0.067248218	0.017538357	0.039196034	0.030820958	0.015411573	0.027692805	0.042361358	0.011632679	0.035785188	0.00916812	0.006882802	0.00815274	0	0.006411619	0.016022939	0.021117866	0.007592484	0.009435054	0.007013879	0	0.009212107	0	0	0.010836741	0.008211948	0.005643574	0.003870511	0.041371074	0	0	0.010399915	0.004657808	0.019341514	0	0	0	0.004228103	0	0.004093873	0	0	0	0	0	0	0	0	0	0	0	0	0	0	0	0	0	0	0	0	0	0	0	0	0	0	0	0	0	0	0	0	0	0	0	0	0	0	0	0	0	0	0	0	0	0	0	0	0	0	0	0	0	0	0	0	0	0	0	0	0	0	0	0	0	0	0	0	0	0	0	0	0	0	0	0	0	0	0	0	0	0	0	0	0	0	0	0	0	0
0	0	0	0	0	0	0	0	0	0	0	0	0	0	0	0	0	0	0	0	0	0	0	0	0	0	0	0	0	0	0	0	0	0	0	0	0	0	0	0	0	0	0	0	0	0	0	0	0	0	0	0	0	0	0	0	0	0	0	0	0	0	0	0	0	0	0	0	0	0	0	0	0	0	0	0	0	0	0	0	0	0	0	0	0	0	0	0	0	0	0	0	0	0	0	0	0	0	0	0	0	0	0	-0.016300402	-0.018458131	-0.024925215	-0.027162709	-0.036942147	-0.026090298	-0.049392842	-0.008855901	-0.015163166	-0.020079866	-0.014669408	-0.029706912	-0.006058024	-0.001005754	-0.036684665	-0.039148366	-0.006514488	-0.006638648	-0.026204669	-0.017580726	0.016120346	-0.020647451	-0.007592105	-0.034094337	-0.006392969	-0.020687874	-0.030046716	-0.019122413	-0.018840709	-0.042620306	0.010395523	0.008711556	0.007804832	-0.019066953	-0.108778602	-0.030063829	-0.053145139	-0.014156106	-0.024588577	-0.049474851	-0.002053487	-0.099935403	0.02688101	0.002591572	-0.167600166	-0.059583933	-0.026891268	-0.039870457	-0.082135716	-0.140048674	0.061612641	-0.113147982	-0.040949958	-0.016562905	-0.224748982	-0.094613902	-0.045073774	-0.030702869	0.025313817	-0.008034541	-0.015230464	0.115621573	-0.053219795	-0.056036852	0.049917597	-0.073703452	-0.04703108	0.044397309	0.010485299	-0.011179048	-0.068624	-0.021631877	0.065194647	0.020115739	0.056381537	-0.041012437	-0.041177144	0.001580356	-0.010841466	-0.08799841	0.039448458	0.025296314	0.016215777	0.061057878	-0.004612087	-0.016728482	0.02376434	0.057969371	0.011058756	0.028357501	-0.052159006	0.023093854	0.004246402	0.02484755	0.036458563	0.016951478	-0.021097683	0.008693854	0.017971441	0.045313422	0.017264936	0.01508753	0.022168927	0.030785109	0.043741679	0.066612258	0.028023405	0.033003826	0.042364134	0.035785085	0.013154583	0.008480242	0.031780147	0.037943941	0.053460511	-0.00244464	-0.00245931	0.042213996	0.029352567	0.066504323	0.001749092	0.014066367	0.026997325	0.034793456	0.040958748	0.055758882	0.019880633	0.049157865	0.023165364	0.026188883	0.055320404	0.0604492	0.02506009	0.073852881	0.029901598	0.049506863	0.03754127	0.026615704	0.034984444	0.048522617	0.02903744	0.049358503	0.00794445	0.011248985	0.009575113	0.003087145	0.013781585	0.019113292	0.0284521	0	0.009609365	0.011912192	0.024443604	0.010247186	0	0	0.026994396	0.017936006	0.005461263	0.006940182	0.050596204	0	0	0.01244348	0.007157609	0.023545635	0.007679016	0	0	0.006291788	0	0	0	0	0	0	0	0	0	0	0	0	0	0	0	0	0	0	0	0	0	0	0	0	0	0	0	0	0	0	0	0	0	0	0	0	0	0	0	0	0	0	0	0	0	0	0	0	0	0	0	0	0	0	0	0	0	0	0	0	0	0	0	0	0	0	0	0	0	0	0	0	0	0	0	0	0	0	0	0	0	0	0	0	0	0	0	0	0	0	0	0
0	0	0	0	0	0	0	0	0	0	0	0	0	0	0	0	0	0	0	0	0	0	0	0	0	0	0	0	0	0	0	0	0	0	0	0	0	0	0	0	0	0	0	0	0	0	0	0	0	0	0	0	0	0	0	0	0	0	0	0	0	0	0	0	0	0	0	0	0	0	0	0	0	0	0	0	0	0	-0.008639869	0	-0.017901609	0	-0.004169463	0	0	-0.005526058	-0.010176117	-0.006130871	0.002233619	-0.003648672	0.001086069	-0.010068011	-0.002146653	-0.005314379	-0.003816435	-0.007236924	-0.010667239	-0.000422343	-0.007342831	-0.004415756	-0.007391524	-0.001456342	-0.002157011	-0.016732919	-0.02519846	-0.027091951	-0.039838257	-0.051976937	-0.026240823	-0.07116184	-0.006192697	-0.023925235	-0.020605054	-0.021928428	-0.054548921	-0.021706412	0.001815466	-0.045080772	-0.0279397	-0.021229639	-0.011784701	-0.048741437	-0.037021817	0.032981016	-0.007877629	-0.001604391	-0.065547208	-0.006398481	-0.035399826	-0.039290018	-0.040279303	-0.051931434	-0.068231078	0.028272249	0.013821888	0.029347668	-0.008819525	-0.128235278	-0.032576224	-0.07748439	-0.040779927	-0.001278764	-0.076246172	2.02E-05	-0.081638822	0.031552661	-0.006741128	-0.262194421	-0.090893635	-0.012523976	-0.013395444	-0.087676651	-0.14544037	0.060053146	-0.071986693	-0.007247576	-0.031751044	-0.248967542	-0.107926596	-0.139428643	-0.003280227	0.017045524	0.014114264	0.00914953	0.120308158	-0.031171641	-0.054812293	0.060394792	-0.028009614	-0.05400975	0.056434384	0.033186232	-0.016917725	-0.079999328	-0.04679749	0.093343926	0.019758792	0.069316185	-0.051181278	-0.019424586	-0.029079371	-0.049319563	-0.125254987	0.040452999	0.007446667	0.033954925	0.096005797	-0.010180418	-0.02718642	0.030937514	0.07935427	0.033336838	0.016382519	-0.007008031	0.016665337	-0.006228496	0.028147233	0.059971948	0.018732713	-0.046134358	0.015931647	0.010751545	0.033478689	0.003875153	0.021345817	0.022055124	0.022936713	0.049402242	0.076847213	0.023216293	0.045543171	0.047337668	0.041029335	0.009274415	0.016194979	0.04979222	0.040445221	0.058960942	0.006801766	0.000851979	0.018450086	0.028908954	0.051627278	0.006561122	0.018985721	0.034109101	0.046145605	0.064656075	0.070593195	0.028537664	0.05309392	0.026050479	0.028142462	0.070325726	0.049486207	0.032707064	0.076262399	0.033554164	0.049318267	0.042898505	0.048618876	0.047113831	0.064770006	0.032510604	0.063773763	0.01508919	0.020503573	0.00754844	0.011585275	0.016145912	0.025401497	0.041014849	0.008412973	0.017068105	0.015956779	0.032096024	0.016387984	0.008187039	0.007295475	0.01687949	0.033248525	0.016097597	0.01531058	0.066263308	0.000560702	-0.000420593	0.010507421	0.011889042	0.042998488	0.023790135	0.006507375	0.015504064	0.016469495	0.017049867	0.01183215	0.015833887	0.010228065	0.003904224	0	0	0.009555913	0.006202997	0.007714893	0	0.003686677	0	0	0	0	0	0.005353223	0	0.004281411	0	0	0.004026253	0.004047514	0	0	0	0	0	0	0	0	0	0	0	0	0	0	0	0	0	0	0	0	0	0	0	0	0	0	0	0	0	0	0	0	0	0	0	0	0	0	0	0	0	0	0	0	0	0	0	0	0	0	0	0	0	0	0	0	0	0	0	0	0	0	0	0	0	0	0	0
0	0	0	0	0	0	0	0	0	0	0	0	0	0	0	0	0	0	0	0	0	0	0	0	0	0	0	0	0	0	0	0	0	0	0	0	0	0	0	0	0	0	0	0	0	0	0	0	0	0	0	0	0	0	0	0	0	0	0	0	0	0	0	0	0	0	0	0	0	0	0	0	0	0	0	0	0	0	-0.017279738	0	-0.035803218	0	-0.008338927	0	0	-0.011052116	-0.013151604	-0.012261743	0.003666558	-0.009182149	0.003415759	-0.02047137	-0.00710688	-0.010915792	-0.007523933	-0.011819492	-0.021357435	-0.00163595	-0.014845812	-0.008434353	-0.01549529	-0.002494209	-0.003407972	-0.017027835	-0.027127588	-0.032494079	-0.051478907	-0.067584646	-0.009117255	-0.10453011	-0.004826871	-0.040732722	-0.027083742	-0.030678062	-0.082217222	-0.036737272	0.003515691	-0.044459543	-0.021018423	-0.034192697	-0.015317677	-0.077946286	-0.056678317	0.053165402	-0.012897077	0.006273144	-0.097857913	-0.004531919	-0.06174834	-0.066109625	-0.047234487	-0.078018885	-0.092540177	0.055683515	0.020477677	0.041344799	0.00767734	-0.148463899	-0.033821886	-0.089615108	-0.039476338	0.008012146	-0.098276915	0.008222944	-0.060195919	0.047274963	-0.015992385	-0.344244366	-0.149590127	0.010739056	0.007264737	-0.10350049	-0.156176097	0.028627032	-0.032649996	0.006754239	-0.053848098	-0.264074566	-0.12763179	-0.233167181	0.028349098	0.005156429	0.01289342	0.007138096	0.119450374	-0.022042999	-0.06149747	0.1027761	0.009611288	-0.043053536	0.067616475	0.057217528	-0.01843467	-0.106062595	-0.065941501	0.104744268	0.049484646	0.082846375	-0.060653391	0.001942685	-0.051731996	-0.086805939	-0.162658619	0.039133235	-0.010932879	0.021641227	0.112585947	-0.016923215	-0.047914497	0.038378479	0.095151519	0.037853545	0.01651235	0.049870386	0.026042926	-0.015038689	0.047230647	0.078456036	0.002791091	-0.07097699	0.022225708	0.007902002	0.020121015	-0.008352889	0.018651564	0.030539236	0.022673214	0.057418052	0.09687169	-0.002049225	0.059336599	0.060457124	0.049936117	0.007545609	0.015011139	0.054896884	0.044919465	0.072728709	-0.028171255	0.009247378	0.005629685	0.028434834	0.033145829	-0.003407041	0.039190645	0.03458675	0.053363108	0.129791968	0.094032914	0.034393468	0.085900679	0.058455442	0.041589999	0.082020444	0.067598149	0.039873129	0.133203229	0.053142244	0.063633961	0.050730497	0.051564574	0.072645687	0.088502681	0.057535045	0.080772766	0.017868006	0.021078537	0.001866978	0.003291322	0.018864353	0.020336067	0.065906632	0.001612621	0.023726694	0.022192955	0.016463587	0.022034434	0.014134602	0.02104648	0.016676979	0.042282461	0.0261897	0.017182773	0.101345577	-0.002911789	0.020267293	0.001164153	0.017506249	0.064429043	0.02807576	0.012214392	0.032412066	0.022226847	0.021928757	0.021605414	0.027466976	0.022658325	0.012690473	0	0.011997099	0.027218138	0.010469178	0.015787722	0.010525061	0.010399538	0	0.012432097	0.010680071	0.012012167	0.009689778	0.008006048	0	0.010049766	0	0.012410953	0.008259246	0.006135884	0	0.009901146	0.008247268	0	0	0	0	0	0	0	0	0	0	0	0	0	0	0	0	0	0	0	0	0	0	0	0	0	0	0	0	0	0	0	0	0	0	0	0	0	0	0	0	0	0	0	0	0	0	0	0	0	0	0	0	0	0	0	0	0	0	0	0	0	0	0	0	0
0	0	0	0	0	0	0	0	0	0	0	0	0	0	0	0	0	0	0	0	0	0	0	0	0	0	0	0	0	0	0	0	0	0	0	0	0	0	0	0	0	0	0	0	0	0	0	0	0	0	0	0	0	0	0	0	0	0	0	0	0	0	0	0	0	0	0	0	0	0	0	0	0	0	0	0	0	0	-0.025919606	0	-0.053704827	0	-0.01250839	0	0	-0.016578174	-0.019568153	-0.018392614	0.008989439	-0.012887556	0.000998902	-0.030912357	-0.005959292	-0.016987871	-0.010130133	-0.01882412	-0.031421248	0.001914242	-0.020070249	-0.013564372	-0.023400252	-0.005812918	-0.004128123	-0.018239081	-0.033816765	-0.035840253	-0.067590029	-0.082741804	-0.001057012	-0.120932996	0.004348478	-0.055896866	-0.027422833	-0.039484083	-0.108279475	-0.054094087	0.005012354	-0.062624191	-0.008317306	-0.057893853	-0.010195351	-0.105063756	-0.076438976	0.06956483	-0.039626294	0.009907679	-0.128069056	-0.006176024	-0.05556125	-0.101117057	-0.055675001	-0.114372323	-0.113580964	0.05963364	0.02641248	0.061957401	0.019758464	-0.176157355	-0.038224057	-0.114502901	-0.02505042	0.033773591	-0.158326197	0.010516446	-0.047906622	0.047928605	-0.024553779	-0.45523959	-0.13958779	0.041390669	0.011157483	-0.111502987	-0.16603965	0.091045768	0.005025783	0.031734314	-0.061416045	-0.279994049	-0.155321992	-0.334533889	0.061787099	-0.008647979	0.031929111	0.058987855	0.099266601	0.028464631	-0.093812999	0.105095698	0.095738556	-0.044762338	0.076402079	0.080958395	-0.031198535	-0.149316614	-0.097984743	0.144887201	0.042594328	0.098471452	-0.074367359	0.016481178	-0.082294294	-0.113311956	-0.200811308	0.033876071	-0.02853027	0.021860565	0.150632923	-0.026259674	-0.05551802	0.045336762	0.11022621	0.080112832	0.021673953	0.088596522	0.031004301	-0.034627984	0.072599952	0.104796756	0.049560506	-0.09587177	0.026633149	-0.000967469	0.052635651	-0.016510689	0.020549891	0.007371751	0.028854517	0.071131702	0.088972683	0.012511591	0.06575095	0.059275858	0.051896047	0.033662831	0.015598721	0.079285499	0.045188329	0.070840096	-0.031484971	0.021732864	-0.045242201	0.029318108	0.011224164	-0.004568675	0.054362366	0.070569732	0.062233403	0.109827976	0.120748039	0.037553097	0.101188027	0.039760354	0.039478538	0.097557348	0.053991794	0.054467167	0.122789282	0.051734834	0.064092083	0.064247444	0.066849149	0.082455642	0.103542274	0.096636003	0.088011659	0.022675885	0.034680595	-0.000189359	0.030225916	0.005459745	0.019643752	0.087853474	0.015279798	0.02876312	0.0278228	-0.001318984	0.029460888	0.01841356	0.006229089	0.031334589	0.076642007	0.021573658	0.00788454	0.130344228	7.37E-05	0.002336625	0.006010252	0.026556911	0.084210969	0.036755533	0.01823058	0.040001144	0.03572617	0.048721246	0.030323249	0.04280693	0.037110107	0.01571722	0.008818647	0.013495102	0.030980151	0.010052724	0.017584183	0.019493135	0.013056465	0.016197096	0.011658931	0.036071324	0.02332201	0.013735265	0.010276143	0	0.012649972	0.005441231	0.018972649	0.008401235	0.006869705	0.009878084	0.008059007	0.012360193	0	0	0.00728662	0.004645271	0	0	0.006416029	0	0	0	0	0	0	0	0	0	0	0	0	0	0	0	0	0	0	0	0	0	0	0	0	0	0	0	0	0	0	0	0	0	0	0	0	0	0	0	0	0	0	0	0	0	0	0	0	0	0	0	0	0	0	0	0	0	0
0	0	0	0	0	0	0	0	0	0	0	0	0	0	0	0	0	0	0	0	0	0	0	0	0	0	0	0	0	0	0	0	0	0	0	0	0	0	0	0	0	0	0	0	0	0	0	0	0	0	0	0	0	0	0	0	0	0	0	0	0	0	0	0	0	0	0	0	0	0	0	0	0	0	0	0	0	0	-0.034559475	0	-0.071606436	0	-0.016677853	0	0.002572042	-0.022104232	-0.026368751	-0.024523486	0.01060365	-0.020071179	0.008780608	-0.040577447	-0.011134898	-0.023143433	-0.019105445	-0.024255296	-0.042729007	0.000611053	-0.022937583	-0.017796274	-0.03187985	-0.004087225	-0.004252728	-0.017125156	-0.033275189	-0.038883912	-0.084382718	-0.097430239	-0.035726454	-0.142323595	-0.001738114	-0.047211427	-0.0432071	-0.049309283	-0.13575034	-0.069371472	0.010966029	-0.0514573	-0.019689665	-0.065860631	-0.007477151	-0.122516357	-0.090803429	0.098865592	0.000585658	0.02220766	-0.156409459	-0.006043825	-0.07706949	-0.118748322	-0.056631565	-0.13741207	-0.138171417	0.082412392	0.033292721	0.053259228	0.043861417	-0.198614042	-0.040788174	-0.132554007	-0.02151444	0.069715501	-0.187759633	0.017105483	-0.069093372	0.07866686	-0.036583573	-0.511843973	-0.171192881	0.081022827	0.025958356	-0.118261936	-0.170516246	0.025122627	0.05295081	0.05105627	-0.067143677	-0.297065465	-0.184315995	-0.423658382	0.094302512	-0.005640084	0.039514392	0.068590292	0.117424874	0.022129355	-0.08145407	0.135802342	0.125869243	-0.049446396	0.088359013	0.10461351	-0.019755346	-0.149012533	-0.112226048	0.159052206	0.033719111	0.111802483	-0.081712735	0.047580863	-0.11929189	-0.147120264	-0.238379156	0.036877596	-0.049591331	0.039080085	0.164260639	-0.023793238	-0.06705177	0.043488416	0.132887547	0.075061238	0.003889815	0.120912143	-0.008501234	-0.020842283	0.061101173	0.127134967	0.02260789	-0.121072671	0.014157773	-0.000477407	0.023925903	-0.015249855	0.027253142	0.035226574	0.027026366	0.073297071	0.112500349	0.007804655	0.082365991	0.069672649	0.056986571	0.030268081	0.027541775	0.098305169	0.047072239	0.101087694	-0.035094221	0.03241408	-0.070154872	0.024669679	0.001731462	-0.020127332	0.054399305	0.068347116	0.075161899	0.243719526	0.148586638	0.097054775	0.105529618	0.033494913	0.049553004	0.112455594	0.026871893	0.067766366	0.148731166	0.065215509	0.082663189	0.065858529	0.061932543	0.082679057	0.156354935	0.101979001	0.107069265	0.026426742	0.053207362	-0.001064734	0.025956743	0.020671035	0.045106661	0.100537008	0.012620912	0.027762167	0.032841399	0.070187877	0.035595716	0.025539488	0.003957705	0.026384476	0.105992771	0.03542156	0.009561826	0.129056025	0.000282072	0.005774314	-0.003974635	0.027940879	0.110940315	0.046262036	0.020695724	0.05365982	0.042019257	0.047138346	0.039132066	0.059286704	0.053327609	0.016398812	0.021149722	0.017037108	0.05081475	0.021924702	0.025856845	0.023130631	0.0244302	0.025647161	0.019000854	0.037408876	0.014590238	0.020943709	0.021029681	0	0.018236576	0.006482093	0.020393166	0.018272477	0.016098526	0	0.009281543	0.015993526	0	0	0	0	0	0	0.008459329	0	0	0	0	0	0	0	0	0	0	0	0	0	0	0	0	0	0	0	0	0	0	0	0	0	0	0	0	0	0	0	0	0	0	0	0	0	0	0	0	0	0	0	0	0	0	0	0	0	0	0	0	0	0	0	0	0	0
0	0	0	0	0	0	0	0	0	0	0	0	0	0	0	0	0	0	0	0	0	0	0	0	0	0	0	0	0	0	0	0	0	0	0	0	0	0	0	0	0	0	0	0	0	0	0	0	0	0	0	0	0	0	0	-0.005034679	-0.005022777	-0.007727263	0	-0.006473604	0	-0.015263694	-0.014263832	-0.010727318	-0.07340071	-0.005739605	-0.0121436	-0.052575275	-0.018946538	-0.041167681	0.0049621	-0.049571467	-0.057393543	-0.032150188	-0.016257236	-0.00804405	-0.021325269	0.011198994	-0.048383265	-0.027330942	-0.11006162	0.011931693	-0.014031896	-0.001410167	-0.009327493	-0.04487536	-0.040390918	-0.030538626	-0.004982703	-0.024293494	0.009595386	-0.059803644	0.001543972	-0.046407942	-0.037475624	-0.059466027	-0.088397145	0.01249293	-0.084757835	-0.069388951	-0.085337451	-0.062935933	-0.026372557	-0.045935677	-0.071967211	-0.090267093	-0.092898264	-0.046273456	-0.025719973	-0.123207758	0.025021866	-0.087270549	-0.131684041	0.014791764	-0.097560474	-0.075254608	0.047131469	-0.028373071	-0.031385211	-0.11917412	-0.093939273	-0.145244769	-0.11826535	0.155522866	-0.114780324	-0.070466514	-0.234303781	0.040753672	-0.059082268	-0.106138405	-0.148938089	-0.118294227	-0.090895564	0.149215914	0.083178774	0.133587468	0.077492624	-0.11330582	-0.139138859	-0.251152073	0.049340324	0.10473112	-0.090841838	-0.007228417	-0.134351974	0.193388797	-0.02498116	-0.638986521	-0.222545822	0.125185501	0.074653005	0.017916466	0.051152671	0.157697976	0.133759619	-0.192486556	-0.141778891	-0.177481716	-0.213496109	-0.565547649	-0.17437109	-0.053825355	0.109975263	0.163465572	0.168998766	0.172988301	0.038838624	0.237219558	0.32229327	0.08571983	0.136080342	0.1542646	-0.041941898	-0.117748688	-0.087379422	0.219494853	0.083288474	0.143061786	-0.04652211	-0.070524849	-0.085766441	-0.205833114	-0.421406986	0.040773532	-0.023082907	0.009528207	0.155738082	-0.018881225	-0.164052315	-0.023093164	0.191623379	0.110445593	0.070910824	0.242058094	0.075338324	-0.007668841	0.027432045	0.019094227	0.056711535	-0.18294803	-0.004363013	0.030575242	0.063866582	0.017166695	0.076143457	0.056021253	0.064793033	0.058882645	0.145378992	-0.104061596	0.133431216	0.056571439	0.068761357	0.046234091	0.011802248	0.081518108	0.056456969	0.115167844	-0.044128678	0.016794831	-0.105117611	0.018888083	0.033745434	0.02454544	0.077786844	0.124497138	0.122728136	0.176628151	0.207117443	0.085546211	0.186323543	0.073972532	0.084046911	0.138372359	0.038984348	0.049839	0.231146142	0.05578935	0.112826335	0.082459549	0.076095301	0.119132357	0.171208782	0.1521198	0.129253536	0.045591524	0.058421667	0.000944016	-0.050839203	0.015427823	0.037329239	0.139539307	0.02702012	0.023963631	0.031819351	0.086190381	0.06555626	0.044022607	0.012222495	0.047562283	0.159671399	0.061467251	0.022491665	0.15970951	-0.010645341	0.032438212	0.035893481	0.053457237	0.148721459	0.061318658	0.031094311	0.056737955	0.057722361	0.07986067	0.049220085	0.068499002	0.041269646	0.000675235	0.010692795	0.032169733	0.058367741	0.025903898	0.049018241	0.014630448	0.03113283	0.023477448	0.015259603	0.042842377	0.035911623	0.022951087	0.030208123	0.029845689	0.020224115	0.011388709	0.039860063	0.033110894	0.03531494	0.047381503	0.040684888	0.041513977	-0.012926158	0.029689561	0.019008035	0.028064808	0	0.01350618	0.025980207	0.018668354	0.017674101	0.029620244	0.041234006	0	0.007573564	0.033675021	0.017434478	0.018012916	0.029630046	0.015882244	0.016673349	0	0.014500593	0.015232321	0.012369889	0.010536815	0.017644731	0.011103543	0.013037058	0	0	0.015967097	0	0	0	0	0	0	0	0	0	0	0	0	0	0	0	0	0	0	0	0	0	0	0	0	0	0	0	0	0	0	0	0	0	0	0
0	0	0	0	0	0	0	0	0	0	0	0	0	0	0	0	0	0	0	0	0	0	0	0	0	0	0	0	0	0	0	0	0	0	0	0	0	0	0	0	0	0	0	0	0	0	0	0	0	0	0	0	0	0	0	-0.010069359	-0.010045554	-0.015454526	0	-0.012947209	0	-0.030527387	-0.028527665	-0.021454635	-0.14680142	-0.011479211	-0.024287201	-0.105150549	-0.038588545	-0.082335361	0.004744218	-0.099142933	-0.114787086	-0.067453726	-0.024900082	-0.000461935	-0.042385168	0.027602823	-0.050486255	-0.063902483	-0.148117556	0.01570903	-0.012917074	-0.003390996	-0.02187538	-0.068016661	-0.054768924	-0.039193276	-0.019468733	-0.027243918	0.019049964	-0.079606223	0.002688744	-0.072337234	-0.06311257	-0.095126394	-0.141858746	0.029939199	-0.148145646	-0.126342459	-0.149572314	-0.138697636	-0.041235359	-0.069905657	-0.139841092	-0.129829951	-0.099746259	-0.014960633	-0.071764105	-0.102890483	0.03548506	-0.121210238	-0.217566164	0.071340215	-0.051468483	-0.082593765	0.093012369	-0.019017015	-0.06553436	-0.205114894	-0.123350441	-0.153272884	-0.152295187	0.209641052	-0.186259173	-0.204326118	-0.316180406	0.065382449	-0.131660329	-0.050056534	-0.280098451	-0.094096117	-0.050054076	0.20272986	0.128276882	0.14480247	0.126925543	-0.045176874	-0.237249213	-0.321085135	0.125500986	0.180299689	-0.036484406	-0.04644012	-0.21422627	0.372609624	0.002989385	-0.711683345	-0.285933064	0.256015768	0.082383937	0.165063491	0.204784017	0.308690943	0.212296247	-0.413690862	-0.081025598	-0.047784407	-0.229974356	-0.716927175	-0.445086165	-0.107982801	0.126672981	0.264126452	0.187829125	0.233864517	0.04036508	0.289175063	0.540231328	0.089472034	0.186194853	0.216409891	-0.083204217	-0.091852938	-0.069956534	0.288194733	0.148208486	0.159939839	-0.013625793	-0.205694976	-0.063914518	-0.227100348	-0.609553688	0.100807295	0.005668491	-0.011635968	0.215331752	-0.008317443	-0.237912126	-0.071581009	0.261107827	0.145863334	0.159188422	0.247251143	0.105999038	-0.000103248	0.012521802	-0.02248172	-0.030928585	-0.234743574	-0.030357838	0.063667292	-0.032541245	0.014079967	0.127293113	0.063648263	0.093364358	0.050986855	0.243108948	-0.109781158	0.181523226	0.029251125	0.055120701	0.101907216	0.017092432	0.067658685	0.053513607	0.157695919	0.026767908	0.000765557	-0.116485261	-0.027245399	0.06069623	-0.005452165	0.121080424	0.053705512	0.154981584	0.126109562	0.247083829	0.069863424	0.248645159	0.076689663	0.11471277	0.176102641	0.148970639	0.037044172	0.172848716	0.018641087	0.076197845	0.109478568	0.118459987	0.129608021	0.222873847	0.08502673	0.185690153	0.077115708	0.083747894	0.012452974	-0.030168914	-0.000495126	0.029345449	0.202674765	0.013018148	0.004201159	0.029847886	0.070423638	0.101706891	0.032675396	-0.018825895	-0.003830264	0.187202546	0.071837507	-0.000933547	0.202815672	-0.013070422	-0.008313627	0.065437917	0.068124911	0.168765661	0.082384717	0.036513489	0.06751286	0.071629201	0.070573938	0.058277425	0.079226861	0.031660741	-0.012275688	0.010298381	0.028762649	0.085958785	0.04843614	0.033052208	0.014729236	0.033801275	0.027299286	0.012867578	0.076096044	0.031771253	0.012354707	0.040867527	0.050915943	0.028880843	0.010527848	0.057491979	0.034726024	0.03915043	0.050077069	0.077450493	0.066480651	-0.017981825	0.049953238	0.060480189	0.04829796	0	0.019543032	0.045896881	0.03754584	0.04165761	0.038104527	0.0654137	0.024584161	0.025130356	0.061783626	0.037145773	0.037680644	0.037234329	0.031657885	0.031535452	0.021977642	0.03116716	0.030543587	0.020586521	0.022317188	0.027708653	0	0.029148365	0.020373452	0.023266475	0.031104889	0.016681369	0.022047452	0	0	0.013769818	0	0.009231031	0	0	0	0	0	0	0	0	0	0	0	0	0	0	0	0	0	0	0	0	0	0	0	0	0	0	0	0
0	0	0	0	0	0	0	0	0	0	0	0	0	0	0	0	0	0	0	0	0	0	0	0	0	0	0	0	0	0	0	0	0	0	0	0	0	0	0	0	0	0	0	0	0	0	0	0	0	0	0	0	0	0	0	-0.015104038	-0.015068331	-0.023181789	0	-0.019420813	0	-0.032206777	-0.042791497	-0.032181953	-0.22020213	-0.017218816	-0.022396236	-0.157725824	-0.055731633	-0.104601417	0.002252177	-0.129747447	-0.135657992	-0.105961205	-0.0376127	-0.000325989	-0.065802677	0.039729637	-0.057060166	-0.093686015	-0.192329004	0.017300193	-0.012390947	-0.00651808	-0.033948246	-0.093025642	-0.067620222	-0.046923931	-0.035322257	-0.034451895	0.029745983	-0.096838919	-0.010141886	-0.102350791	-0.082054139	-0.129578019	-0.186698355	-0.001198477	-0.203388431	-0.175460114	-0.210310053	-0.180157971	-0.079242812	-0.106901072	-0.188431506	-0.175136437	-0.123335005	-0.007908772	-0.085060098	-0.153967351	0.055689668	-0.160332739	-0.350168739	0.131938073	-0.003874014	-0.093052477	0.12287455	0.00174823	-0.061126204	-0.237272842	-0.195707914	-0.176780618	-0.17580192	0.297683543	-0.315500956	-0.165664767	-0.391330464	0.114722728	-0.095487366	-0.134633359	-0.320965183	-0.071633081	-0.015724074	0.227657493	0.170848355	0.215130446	0.123814267	0.058825532	-0.343338579	-0.433224314	0.088331143	0.208895195	0.220069277	-0.096725932	-0.355258023	0.492311293	0.026313455	-0.740099924	-0.311535368	0.270205592	0.1934181	0.308625211	0.379444938	0.463296946	0.280452963	-0.658763743	-0.143462759	0.076314203	-0.252814606	-0.859583698	-0.714621232	-0.164137017	0.174856347	0.319562953	0.181523025	0.373286186	0.093003864	0.398842256	0.735317179	0.185668998	0.236768244	0.275546779	-0.080507871	-0.055332397	-0.04792377	0.222689162	0.25255104	0.209960913	0.011119572	-0.267092708	-0.040088516	-0.274293262	-0.800619436	0.154676824	0.036413956	-0.036474529	0.208057423	0.003247744	-0.305345785	-0.157555682	0.332071444	0.176534498	0.221339611	0.323360943	0.055228143	-0.066412142	-0.090728171	-0.075718011	-0.027144068	-0.299314302	-0.023053682	0.093643133	0.042115681	0.007154797	0.175242537	0.142957738	0.174841071	0.026893862	0.296409322	-0.217267662	0.224739007	0.016275318	0.079584436	0.092248633	-0.009049243	0.060898705	0.068402611	0.196417709	0.083954061	0.002770661	-0.16577726	-0.012463178	0.142499353	0.003285063	0.10998271	0.072922172	0.206796385	0.225733956	0.272371021	0.075891292	0.290244986	0.11875152	0.149760063	0.20175196	0.150129324	0.02589723	0.183329152	0.129780761	0.112070078	0.1162697	0.069574485	0.137521633	0.280156432	0.205202514	0.247927709	0.097094674	0.118194105	0.016837341	-0.022398061	0.015907112	0.020494223	0.209436504	-0.017546287	0.020876518	0.02948844	0.029769889	0.121658857	0.040612087	-0.033585241	0.060141902	0.267781963	0.072618273	-0.054048108	0.172910365	-0.011170577	0.03968858	0.100366474	0.084343036	0.188168939	0.053775587	0.056622441	0.06199753	0.090108511	0.105007465	0.062308182	0.098190459	0.045379243	-0.04142647	0.003929742	0.051008402	0.061774237	0.040986302	0.045573696	0.038022829	0.060358901	0.027730842	0.004358015	0.124597674	0.060286233	0.045169814	0.0595936	0.061131034	0.038700158	0.037731803	0.073754372	0.062461081	0.053025977	0.053751891	0.101280994	0.091405546	-0.030820771	0.093626777	0.053794833	0.056581906	0	0.053121966	0.062009266	0.054405674	0.053793975	0.051579387	0.089439382	0.084354512	0.037359159	0.087613097	0.053263676	0.059227556	0.044664136	0.045694217	0.047123088	0.039852381	0.041377158	0.045773517	0.033396973	0.030754952	0.037497735	0.029455005	0.047712839	0.025499167	0.041901933	0.050082389	0.019513885	0.027890366	0	0	0.021486568	0.021777085	0.009853541	0	0	0.011921338	0	0	0	0	0	0	0	0	0	0	0	0	0	0	0	0	0	0	0	0	0	0	0	0	0
0	0	0	0	0	0	0	0	0	0	0	0	0	0	0	0	0	0	0	0	0	0	0	0	0	0	0	0	0	0	0	0	0	0	0	0	0	0	0	0	0	0	0	0	0	0	0	0	0	0	0	0	0	0	0	-0.020138718	-0.020091108	-0.026220272	0.008232284	-0.025894418	0	-0.061054775	-0.057055329	-0.042909271	-0.246494227	-0.014750749	-0.03319133	-0.210301099	-0.085573539	-0.139649717	0.020146093	-0.171688843	-0.18131574	-0.143628505	-0.0485676	0.001446512	-0.084637507	0.037249801	-0.063788102	-0.125453742	-0.235656806	0.01748082	-0.008902336	-0.008668094	-0.045828983	-0.11669776	-0.085719024	-0.05944984	-0.041119672	-0.048626487	0.032579346	-0.113509505	0.019329283	-0.114255462	-0.102793811	-0.163993616	-0.23789556	0.036097986	-0.269615286	-0.225157038	-0.256999192	-0.231360657	-0.082886569	-0.112277797	-0.241107446	-0.222868404	-0.130789064	0.068358211	-0.194229847	-0.091266342	0.068725853	-0.182982083	-0.455395014	0.208633145	0.017249922	-0.089751979	0.152555603	0.068354804	-0.087520634	-0.315868986	-0.240557703	-0.192037204	-0.22234999	0.356781852	-0.397962517	-0.379440554	-0.473669595	0.133371896	-0.16316229	-0.076770806	-0.31821245	-0.083553649	0.032464534	0.320579199	0.217316931	0.25450411	0.184517034	0.123300647	-0.442900733	-0.496051167	0.216817565	0.325042706	0.256467801	-0.142037435	-0.514619381	0.607457219	0.039376774	-0.959240518	-0.216112371	0.28427398	0.278855772	0.427362324	0.576961007	0.520549387	0.358053155	-0.970645874	-0.154468077	0.247695309	-0.207911015	-1	-1	-0.187314603	0.165225088	0.379671819	0.274120616	0.490925513	0.212829698	0.477634185	0.995639273	0.185466188	0.266572011	0.314245889	-0.097334687	-0.038013376	-0.009661943	0.348201333	0.303545417	0.229449438	0.016468829	-0.358092291	-0.009167867	-0.335324014	-0.963895101	0.181040154	0.065442966	-0.118668301	0.147013804	0.039965146	-0.440191625	-0.156419416	0.416371492	0.207798373	0.28491262	0.478296144	0.067370707	-0.027473498	-0.122668913	-0.22885724	-0.040449594	-0.370183665	-0.029328426	0.130174655	0.131675599	0.101125261	0.236698762	0.205664472	0.177132573	0.010679722	0.291471119	-0.1370369	0.30143401	-0.010514812	0.114613899	0.129260451	-0.046377712	0.045912488	0.063848479	0.215222155	0.131585937	0.013740467	-0.205152463	0.002163305	0.102487757	0.003368575	0.114324258	0.141888269	0.240609833	0.290022246	0.345085672	0.098589649	0.345556471	0.199488445	0.202254333	0.245107501	0.231084856	-0.001323504	0.216177343	0.179474951	0.244298906	0.084780908	0.037023614	0.193471995	0.340275576	0.326877522	0.311203392	0.096822378	0.139825207	0.028422657	-0.009714855	-0.006632269	0.047135253	0.267826367	0.003156489	8.31E-05	0.028547267	0.070192903	0.155561413	0.036487386	-0.07080793	0.035355906	0.262101174	0.125864668	-0.093438102	0.199248556	-0.006350164	0.094148703	0.10560698	0.101111947	0.213326829	0.090728914	0.045205808	0.062545469	0.101317142	0.082386316	0.076837339	0.096182511	0.119101112	-0.08770707	0.016701155	0.069227966	0.132518944	0.068469628	0.100901764	-0.000686342	0.069704465	0.04187709	0.015417149	0.115105071	0.06940254	0.035580444	0.065469257	0.093494839	0.034129649	0.022165941	0.081886423	0.064181775	0.10028413	0.03090382	0.123385177	0.116438339	-0.035804685	0.126527311	0.070171563	0.067375885	0.017982529	0.076556408	0.079746351	0.042799861	0.073180335	0.077546276	0.116379162	0.083742007	0.061002676	0.125249695	0.078510906	0.074735347	0.033190097	0.062694263	0.063971601	0.032562095	0.056052034	0.062736756	0.04661621	0.043939068	0.050305459	0.029424805	0.028800396	0.017866747	0.048632209	0.068699105	0.023246192	0.043667336	0.032548773	0	0.028803921	0.025514041	0.017225953	0.014690838	0.018196214	0.010903723	0	0	0	0	0	0	0	0	0	0	0	0	0	0	0	0	0	0	0	0	0	0	0	0	0
0.025109137	0.027992294	0	0	0	0.008763567	0	0	0	0	0	0	0	0	0	0	0	0	0	0	0	0	0	0	0	0	0	0	0	-0.018221935	-0.01813188	-0.017090374	-0.019809738	-0.040776006	-0.013190215	-0.030694121	-0.009382724	-0.020356287	-0.013021734	-0.013445547	-0.014729725	-0.015673419	-0.018472846	-0.012551107	-0.01827519	-0.007595638	-0.007937824	-0.009469563	-0.003228732	-0.05401527	-0.022225313	-0.013097624	-0.0248968	-0.009699613	-0.005834928	-0.022016975	-0.037651383	-0.040913787	0.001822896	-0.02260144	-0.000915199	-0.0236552	-0.142638323	-0.112188368	-0.281238121	-0.037770701	-0.03662026	-0.174804915	-0.031947273	-0.179421771	-0.010485245	-0.194058195	-0.311110255	-0.175920866	-0.046369198	-0.020500851	-0.176455765	0.007737516	-0.091825533	-0.162425462	-0.248636799	-0.012462051	-0.066514649	-0.014631253	-0.057317794	-0.230152508	-0.029826606	-0.090708749	-0.066944595	-0.091931287	0.089751548	-0.081281037	-0.016454342	-0.199608468	-0.221520021	-0.261354183	-0.379916644	0.057508281	-0.351541476	-0.297789135	-0.342786237	-0.331509929	-0.077370711	-0.156829285	-0.277112774	-0.281881235	-0.255096186	0.253830544	-0.107980195	-0.229247423	0.005672853	-0.2077848	-0.463933553	0.274213455	0.053676147	0.008317151	0.164150764	-0.017760436	0.016096333	-0.161793881	-0.414275242	-0.24464456	-0.181512569	0.418559052	-0.507836429	-0.377202695	-0.375928094	0.247007889	-0.219225502	0.008628931	-0.398279252	-0.168797106	0.052301804	0.343235246	0.311607576	0.236312669	0.321576751	0.283058385	-0.505335432	-0.434757427	0.413290768	0.110195319	0.554715858	-0.15981517	-0.339611122	0.761297585	0.043774422	-0.650808977	-0.075014128	0.223022847	0.36835412	0.519427991	0.676234569	0.559758017	0.406832073	-0.542894353	-0.05350208	0.26097957	-0.166052136	-0.678835514	-0.61422332	0.058592748	0.122947288	0.441903251	0.187184677	0.544139518	0.254559556	0.327773209	0.956840516	0.171477262	0.239532913	0.326118537	-0.217627004	-0.12931016	-0.048204599	0.195709837	0.287623885	0.214795609	0.003319114	-0.349666324	0.030024965	-0.370536236	-0.866230285	0.129132933	0.024558366	-0.172052564	0.217580534	-0.00814241	-0.476400674	-0.300547214	0.377783617	0.136549763	0.278197767	0.466363611	0.018207637	-0.057025304	-0.210502228	-0.277126799	-0.070018307	-0.382689448	-0.172781114	0.119934213	-0.083320378	0.006632792	0.219003077	0.235768461	0.099838871	0.027149683	0.382615107	-0.166388746	0.369823217	0.015182687	-0.005899384	0.010846116	-0.103923764	-0.119001757	0.084382695	0.186170312	0.180249239	0.018264118	-0.065946395	-0.120299508	0.014022859	-0.042095135	0.040199489	-0.018346233	0.279868111	0.302160365	0.420331042	-0.02348157	0.414211978	0.025030183	0.27287566	0.28539436	0.147911989	-0.020361063	0.189901586	0.175778833	0.21477157	0.015700299	0.309958074	0.235793869	0.434509915	0.25128627	0.272403492	0.131343343	0.199412501	-0.087406197	-0.034072418	-0.096441732	-0.004384308	0.374863496	0.026653576	-0.080110624	0.075131525	0.236734689	0.198189102	0.053266166	-0.172505509	0.011216785	0.356683452	0.148540438	-0.166587405	0.164364985	-0.10773248	0.111519002	0.153927297	0.185273528	0.323640954	0.180911337	0.054063203	0.05773721	0.138823582	0.211583411	0.097003171	0.164805724	0.126907729	-0.039334299	0.036925875	0.045853201	0.18417141	0.014056302	0.159471298	0.047282495	0.073950615	0.092732935	-0.002946117	0.254802999	0.134583912	-0.046003324	0.119478693	0.135244607	0.089524075	0.059703594	0.145175814	0.094135303	0.158456393	0.057955356	0.181893386	0.160516452	0.033998811	0.149124932	0.119781891	0.081963191	-0.055026128	0.068867415	0.129231529	0.097694214	0.069116326	0.121832574	0.123068921	0.150629935	0.053544564	0.165414266	0.074201974	0.107123779	0.138598065	0.101372862	0.06995096	0.019459321	0.084089837	0.08853461	0.061902939	0.052301748	0.073721083	0.063003203	0.05124144	0.048253505	0.10708131	0.115000163	0.073570888	0.052870641	0.070374567	0.039695157	0.060853723	0.063157035	0.011066285	0.035461537	0.030434002	0.023212901	0	0.018595231	0.025746153	0	0.032142231	0.010935241	0.028715103	0.04995132	0.023116362	0	0.041536846	0.04708363	0.017323682	0	0.017522632	0	0.024398149	0	0.040142299	0	0.01311003	0	0.012315902	0.053115109	0
0.044082483	0.040600698	0	0.028028153	0	0.016039545	0	0	0	0	0	0	0	0	0	0	0	0	0	0	0	0	0	0	0	0	0	0	0	-0.036443869	-0.036263759	-0.034180747	-0.039619475	-0.081552011	-0.026380431	-0.061388242	-0.018765448	-0.032232655	-0.014145609	-0.026891093	-0.029459451	-0.031346838	-0.025462399	-0.024209062	-0.020046626	-0.016087076	-0.017676921	-0.016089883	-0.007274982	-0.090959075	-0.044285239	-0.022680464	-0.040287747	-0.020686984	-0.011010512	-0.02446844	-0.056667697	-0.054870639	0.004667223	-0.027359104	-0.022657692	0.003745542	-0.201569497	-0.204276723	-0.311737696	-0.059248128	-0.032561859	-0.146713093	0.004733965	-0.220246864	-0.045112748	-0.205014752	-0.390394148	-0.188000198	-0.045088846	-0.025106466	-0.261437671	0.013599396	-0.117552816	-0.207535432	-0.27611357	-0.047852576	-0.122833522	-0.018295894	-0.0635118	-0.338052103	0.010369929	-0.119051932	-0.098123975	-0.111034842	0.111873885	-0.068187258	0.097942972	-0.271368281	-0.32104648	-0.364034812	-0.441180439	0.125813187	-0.454996307	-0.3566105	-0.461670371	-0.367248243	-0.068647965	-0.139701676	-0.25792522	-0.352676994	-0.323363663	0.463086568	-0.20339157	-0.317353524	0.1809387	-0.249571789	-0.5095997	0.310420886	0.07003469	0.071792738	0.172605038	-0.00653193	0.187494433	0.011943696	-0.29560243	-0.272720028	-0.186146473	0.559210602	-0.494555059	-0.534804785	-0.283983158	0.285711154	-0.279143013	-0.024533746	-0.504869434	-0.036722628	0.149161616	0.451967017	0.396437516	0.297042647	0.437256138	0.347804234	-0.564773216	-0.362632436	0.398989579	-0.037783689	0.431884457	-0.192438149	-0.081687022	0.709151094	0.028988628	-0.473701871	0.015349165	0.444343443	0.343017601	0.590039262	0.807403023	0.685185691	0.426051908	-0.207605943	-0.03389607	0.279484008	-0.101567687	-0.349877012	-0.265999259	0.232378806	0.091566534	0.357906779	0.147319201	0.511778278	0.301561176	0.126701587	0.83004946	0.15189231	0.221525521	0.339388312	-0.321820751	-0.17292816	-0.048119533	0.244021548	0.378661419	0.205416648	-0.045908652	-0.334844987	0.015118814	-0.466360352	-0.749382126	0.117249218	-0.03888459	-0.189460579	0.266991232	-0.021309407	-0.567855152	-0.434395697	0.381570362	0.051631341	0.250802827	0.476852035	0.058829879	-0.086130969	-0.324855044	-0.410930276	-0.248951567	-0.38261743	-0.268671707	0.14316854	-0.049430209	-0.033024852	0.169007101	0.234464066	-0.019073218	0.02653434	0.511141328	-0.179316952	0.435011034	0.042903708	-0.116999679	0.060636032	-0.189109073	-0.274605614	0.122511337	0.25011535	0.003611655	0.008906775	0.066873634	-0.229017157	-0.138866422	-0.087968844	-0.038342358	-0.186870143	0.28678806	0.318522627	0.476988466	-0.262243926	0.488684507	0.111824384	0.369518129	0.342883032	0.078488304	-0.059376666	0.347591257	0.336944583	0.236848296	-0.081644973	0.303534611	0.31269462	0.533720708	0.363697843	0.26447933	0.179268156	0.23606841	-0.19929659	0.011561545	-0.198441203	-0.106603306	0.434312852	-0.045439375	-0.166326139	0.11318784	0.047430168	0.239145872	0.04963281	-0.251714273	-0.106589462	0.399256711	0.158182894	-0.177109121	0.041527094	-0.184112541	0.112299106	0.169061588	0.260445194	0.408003622	0.295199948	0.104987385	0.04559617	0.156772538	0.106955135	0.111840028	0.194909025	0.147094214	0.042484256	0.046292771	0.031938917	0.203963452	-0.013278358	0.234480421	0.021432384	0.156421859	0.095030667	0.012999222	0.37310637	0.173912691	-0.059351313	0.153030032	0.159828076	0.13427724	0.086187766	0.197125499	0.159962258	0.18915249	0.131340683	0.254424978	0.200849093	0.063474851	0.168308931	0.148825656	0.155412492	-0.135964912	0.104657162	0.157750222	0.119700791	0.09149194	0.180473908	0.122954311	0.186433725	-0.000712934	0.211403239	0.087253186	0.140760705	0.152976485	0.154251296	0.082468996	0.027690399	0.098312306	0.111279657	0.077515363	0.062989137	0.118141657	0.091436321	0.20102207	0.103570744	0.141898412	0.139663048	0.102744621	0.099004795	0.05932613	0.081372354	0.095657302	0.146465007	0.029736396	0.067840775	0.083156276	0.060991495	0.0088391	0.06112897	0.06772905	0.033622016	0.071504706	0.017575662	0.056943303	0.108493337	0.042523572	0	0.096199499	0.085125993	0.04218695	0.03629637	0.033232899	0	0.034100878	0.018866713	0.045800551	0.020058139	0.022426476	0	0.024391383	0.090197806	0.018107015
0.06334092	0.067188688	0.023822773	0.040104642	0	0.024388535	0.009591689	0.016620575	0	0	0	0	0	0	0	0	0	0	0	0	0	0	0	0	0	0	0	0	0	-0.054665804	-0.054395639	-0.051271121	-0.059429213	-0.122328017	-0.032590443	-0.092082363	-0.028148172	-0.048508078	-0.023338287	-0.035126241	-0.037134565	-0.040187165	-0.039971561	-0.03565637	-0.032962887	-0.021733848	-0.022908233	-0.022300033	-0.010225504	-0.135704286	-0.064139452	-0.040675675	-0.061156795	-0.029963609	-0.017870499	-0.027775204	-0.078702019	-0.074914478	0.006741008	-0.018637306	-0.04391276	0.026706195	-0.264646404	-0.287201493	-0.315294009	-0.096070592	-0.029546499	-0.13342422	0.042310315	-0.25900375	-0.064023175	-0.232604786	-0.490663785	-0.249519698	-0.044789944	-0.029160184	-0.35153466	0.019327152	-0.127641484	-0.281940385	-0.299156628	-0.108003184	-0.179031794	-0.022346169	-0.069438225	-0.445105273	0.058832286	-0.143779892	-0.137332308	-0.172993124	0.115796573	-0.017072849	0.082743209	-0.367632821	-0.375807233	-0.461214093	-0.613616424	0.194679591	-0.541634297	-0.415490632	-0.574417177	-0.428277651	-0.110672581	-0.123077535	-0.431935642	-0.382291343	-0.343545062	0.520825601	0.006754343	-0.314223956	0.272142145	-0.300661946	-0.533642164	0.404951095	0.119754619	0.191327795	0.140605074	-0.105408088	0.393499909	0.216300214	-0.404295595	-0.318584337	-0.134263385	0.566078078	-0.625182384	-0.514187114	-0.175759297	0.352109834	-0.383194731	0.014103657	-0.549952442	0.001427504	0.176003953	0.46931903	0.489844561	0.378624149	0.581517772	0.491897957	-0.62241471	-0.312722944	0.654382757	-0.223032913	0.454722542	-0.129222052	-0.057521672	0.882460935	0.079736609	-0.01148981	0.295492895	0.540546179	0.408886706	0.642633333	0.903889769	0.651028599	0.46575755	0.084224846	0.003691174	0.328716298	-0.134108324	-0.024866778	0.115211539	0.486087626	0.042764813	0.453280614	0.057621764	0.492189169	0.254967409	0.063747935	0.723596077	-0.019978391	0.245001584	0.351462176	-0.419691642	-0.195399916	-0.096136126	0.23619559	0.350419642	0.198679569	-0.133240995	-0.39696487	0.018437265	-0.53781333	-0.590998413	0.045387513	-0.089198713	-0.266236384	0.281828303	-0.064104047	-0.622036817	-0.528115302	0.35295874	-0.007641572	0.239014925	0.244035236	0.01638949	-0.169122171	-0.415174077	-0.553931048	-0.348414478	-0.39711264	-0.311897681	0.142280917	-0.248160724	-0.026167925	0.135218516	0.31186715	-0.06848631	0.038846205	0.468861989	-0.123732697	0.508422619	0.052723527	-0.233251912	0.002770616	-0.292456	-0.428824368	0.146349149	0.237775398	0.106996221	0.045102092	0.115855956	-0.337837592	-0.301172512	-0.170787693	-0.163797498	-0.31246103	0.331584251	0.369214829	0.529108964	-0.433800696	0.582243202	0.053116687	0.380553925	0.383933733	0.163489763	-0.056783886	0.040048923	0.290314317	0.205153254	-0.26448164	0.359395226	0.340159601	0.618831104	0.350653867	0.276989486	0.21453107	0.331045287	-0.284564969	0.009564984	-0.296561016	-0.158769994	0.548237601	-0.047761447	-0.231606472	0.190535465	0.035638721	0.254795516	0.0522666	-0.273255616	-0.066958238	0.313620426	0.206982151	-0.382713297	-0.059729826	-0.282500333	0.25260399	0.199007452	0.29890949	0.589393795	0.426619822	0.105790615	0.036603257	0.159023863	0.15072239	0.134861834	0.253862778	0.021936107	0.090074298	-0.035417771	-0.011804639	0.036298607	-0.134872255	0.239896207	0.03993841	0.203003181	0.329900964	0.101367959	0.490432212	0.140864837	-0.169492817	0.208710733	0.173468818	0.151315729	0.10449039	0.24561577	0.149898402	0.176622041	0.135084472	0.218602913	0.249670615	0.143410509	0.237579783	0.139365598	0.135838311	-0.203947368	0.141036562	0.187808412	0.119587535	0.120298965	0.127477361	0.134037102	0.272030058	-0.015472488	0.254689728	0.079768235	0.164854727	0.163030293	0.196362762	0.11341112	0.056652242	0.112446959	0.136733966	0.094353058	0.073097239	0.125209044	0.163668905	0.141786814	0.062047035	0.205961223	0.218637866	0.156532991	0.101567413	0.179164896	0.092886656	0.132613809	0.174633912	0.049304515	0.140887273	0.113188926	0.075614207	0.042373393	0.099678033	0.075588906	0.025291131	0.074929346	0.032203126	0.081308905	0.109507494	0.056426886	0	0.137622003	0.115687144	0.067399502	0.059829484	0.03632289	0.028396233	0.039943568	0	0.076275853	0.03132855	0.026539005	0	0.036219009	0.143789786	0.043707805
0.071397204	0.088932514	0.070391804	0.041265654	0.013143435	0.033398621	0.011898166	0.025683941	0.031803252	0	0	0	0	0	0	0	0	0	0	0	0	0	0	0	0	0	0	0	0	-0.072887738	-0.072527518	-0.068361495	-0.07923895	-0.163104022	-0.042217612	-0.107326795	-0.037530896	-0.063897928	-0.030199482	-0.046466382	-0.051204738	-0.05321234	-0.052162413	-0.054206009	-0.041561918	-0.030274583	-0.037105007	-0.030655896	-0.015674067	-0.181700482	-0.090158155	-0.05373188	-0.084409218	-0.032787099	-0.02127272	-0.029751982	-0.095067128	-0.088463364	-0.010626067	-0.046239583	-0.092854029	0.054874849	-0.358868269	-0.386500641	-0.359877064	-0.132298822	-0.047939126	-0.10493372	0.090691191	-0.290879328	-0.090345116	-0.257184819	-0.548459586	-0.270653913	-0.041076022	-0.041324617	-0.44342246	-0.015967762	-0.140464575	-0.375175715	-0.336177124	-0.151226434	-0.235110514	-0.028944554	-0.085249491	-0.56198585	0.124377516	-0.179160529	-0.160279216	-0.247525487	0.222206617	-0.032537768	0.095385824	-0.439643529	-0.601384121	-0.565163218	-0.735826718	0.215960194	-0.683271322	-0.537065631	-0.591233164	-0.60030502	-0.129493765	-0.170513405	-0.537985682	-0.453229028	-0.430539056	0.717583925	-0.087559878	-0.34349934	0.059131725	-0.284724288	-0.564307784	0.453053093	0.142701017	0.235651242	0.200450747	-0.123645204	0.510667494	0.385226571	-0.433204384	-0.3712845	-0.10913411	0.599692768	-0.69416799	-0.480982088	-0.093776278	0.405121675	-0.483720949	-0.070175658	-0.513110905	-0.088839939	0.257702869	0.441071577	0.578444589	0.410760984	0.687894298	0.585480805	-0.673568661	-0.267311585	0.657581047	-0.443229921	0.53161447	-0.068738197	0.086420808	0.903371207	0.075524512	0.130020785	0.40307799	0.429323694	0.474633321	0.706479987	1	0.705339708	0.555537026	0.477588489	0.06647873	0.506741073	0.09416544	0.271536267	0.431475006	0.664802008	0.02463955	0.444197059	-0.00257424	0.522733512	0.250522996	0.006257246	0.519986808	0.004001881	0.193175617	0.398255455	-0.529890187	-0.206904345	-0.151166566	0.219365932	0.374469498	0.2074656	-0.150425294	-0.265136681	0.086488818	-0.655196545	-0.486114987	-0.002717847	-0.181674853	-0.300069093	0.265196902	-0.072773553	-0.705131159	-0.635523107	0.379042375	-0.100176213	0.241847541	0.258263383	0.028975702	-0.1392323	-0.48686567	-0.70355945	-0.432814224	-0.355696449	-0.446642498	0.102470422	-0.22021611	-0.046578092	0.122347781	0.329858927	-0.178412937	0.054967022	0.724426413	-0.251560517	0.54750171	0.124052595	-0.299848823	-0.058672044	-0.421027878	-0.581117811	0.158432489	0.194912602	0.019291864	0.084460957	0.290659571	-0.44711674	-0.381369308	-0.130624529	-0.345401193	-0.411929286	0.413703242	0.480866947	0.629212507	-0.55392995	0.641480888	-0.117051939	0.530003106	0.440722696	0.109580482	-0.064425548	0.355503792	0.244423811	0.473100407	-0.280654122	0.443938085	0.385675402	0.706921477	0.519377063	0.366016556	0.219907861	0.358022778	-0.391423576	0.049300164	-0.371381271	-0.217803126	0.570738292	0.001372566	-0.373538917	0.212318426	0.16543156	0.307637613	0.016308089	-0.411851249	-0.178937492	0.491549782	0.230779069	-0.324758213	-0.101396152	-0.398086302	0.250943677	0.188693423	0.374558066	0.650151865	0.371774224	0.102522662	0.010428281	0.205998891	0.111159689	0.147966916	0.388558386	0.285470735	0.059459065	0.030710266	-0.09647886	0.594085456	-0.115504656	0.341013157	0.048062769	0.261382072	0.355564469	0.061593808	0.593406559	0.296693798	-0.184180846	0.262122692	0.230212613	0.161597128	0.149511683	0.28250073	0.226067616	0.324708157	0.162164602	0.328526031	0.288544066	0.208552755	0.252143954	0.212841531	0.229582256	-0.084708599	0.128243893	0.231044911	0.133951643	0.099357039	0.107342536	0.160128073	0.255435934	-0.083963754	0.292566185	0.090474146	0.201638525	0.18406642	0.225390765	0.098724455	0.090803954	0.123678221	0.163300034	0.106937382	0.093688317	0.132312557	0.15419577	0.115256277	0.148056762	0.245700896	0.210670451	0.231181037	0.120107393	0.132785134	0.136241931	0.151644684	0.234300449	0.093723949	0.112653093	0.126435603	0.108533545	0.016733619	0.102891089	0.029544169	0.049446155	0.022114714	0.052034049	0.103047969	0.194370744	0.103585777	0.018655305	0.178775341	0.175378168	0.077067013	0.053649388	0.04632516	0.054885677	0.054482554	0.069691859	0.106759451	0.041278677	0.069184914	0.048860741	0.046779077	0.186670842	0.050782719
0.060028369	0.100409305	0.058739887	0.037414127	-0.002400422	0.025938425	0.012868691	0.039887509	0.020769982	0.047621849	-0.006200075	0.001921841	0.003659646	0.00294837	-0.001584533	-0.013107852	0.000853514	-0.004106989	-0.002533828	-0.007475859	0.003720242	-0.016457396	0.010115761	-0.010922809	-0.004072021	-0.015228896	-0.007011588	-0.023713975	-0.007246713	-0.083786235	-0.07063228	-0.076700579	-0.10293702	-0.212153515	-0.063319432	-0.195186293	-0.045143886	-0.096023318	-0.017528554	-0.060026437	-0.051465854	-0.060480976	-0.076454197	-0.019823526	-0.023389101	-0.04370253	-0.10996499	-0.019570902	-0.072310111	-0.246939268	-0.113103361	-0.048269456	-0.110931636	-0.066425906	-0.038393137	-0.041926375	-0.129273369	-0.119889585	0.019565483	-0.053241632	-0.166180019	0.06377298	-0.337078286	-0.507082647	-0.439886425	-0.155811771	-0.059697703	-0.263850045	0.124254762	-0.440889804	-0.11098039	-0.289332991	-0.589385851	-0.313518451	-0.082165767	-0.080118019	-0.50054108	-0.006177239	-0.123156625	-0.442533465	-0.317185323	-0.089839213	-0.28439431	-0.034821393	-0.055774684	-0.615918091	0.081413567	-0.198083429	-0.252350434	-0.306658809	0.234106808	-0.034023489	0.090002469	-0.506470906	-0.605208319	-0.628723287	-0.807823863	0.228207631	-0.462448622	-0.555799229	-0.699036328	-0.6141661	-0.081357261	-0.213400952	-0.462436744	-0.454476696	-0.526025127	0.837232318	-0.156850095	-0.161831142	0.047394728	-0.437247504	-0.53947126	0.574665411	0.168550269	0.230803907	0.284181981	-0.102645074	0.671395109	0.382552763	-0.502233276	-0.453318327	-0.03607967	0.754511197	-0.662264715	-0.670834933	-0.037833218	0.532735273	-0.561406667	0.241149594	-0.644829985	0.107213623	0.284864207	0.623113054	0.611163662	0.565329074	0.623801801	0.482313479	-0.732082718	-0.193342021	0.599842272	-0.433182999	0.707732691	0.081094142	0.297097088	0.872775872	0.050841881	0.434522964	0.495301221	0.555303439	0.501214851	0.776357591	0.877218563	0.505581047	0.434944486	0.32913378	-0.049358312	0.574664259	0.049306126	0.173161817	0.299176777	0.675412822	-0.008648849	0.281915226	0.020046071	0.525349571	0.150600394	-0.177941364	0.506638867	0.129150229	0.215497499	0.378777585	-0.54613681	-0.23086152	-0.111410278	0.264131305	0.492192476	0.310072498	-0.264054635	-0.375047502	0.062480997	-0.701870632	-0.479551652	0.060226307	-0.312056649	-0.145149668	0.336327322	-0.265431333	-0.752776753	-0.542609283	0.429283881	-0.179491708	0.369629131	0.367743806	0.11574185	-0.121844373	-0.495196941	-0.73150136	-0.461722342	-0.311677559	-0.442340315	0.130306704	-0.137666468	-0.065244223	0.2919403	0.422815439	-0.0970236	0.069868032	0.667992761	-0.318055229	0.597767963	0.16007891	-0.190448588	-0.072606529	-0.47246382	-0.606838667	0.020371088	0.31705168	0.241698734	0.086413208	0.263177171	-0.538997206	-0.385528238	-0.165548622	-0.372674764	-0.416289637	0.318334683	0.576475655	0.565617119	-0.559472514	0.641181565	-0.012374814	0.503116822	0.504301101	0.098667397	-0.050743742	-0.099611179	0.453852763	0.236692098	-0.371559582	0.519671276	0.489712723	0.78517904	0.404008475	0.284594485	0.299404042	0.375892302	-0.386782437	0.158312065	-0.452126313	-0.301241897	0.601154547	-0.260325743	-0.397997095	0.112972759	0.257130687	0.3170683	0.009263432	-0.461940646	-0.094081796	0.542397391	0.291566695	-0.300695976	0.04129504	-0.532660358	0.31822459	0.325753413	0.394546579	0.591660262	0.579033412	0.13485298	-0.147349742	0.303790519	0.369879178	0.177984466	0.496988477	0.153856913	0.163362956	-0.04032706	-0.119963485	0.422534583	-0.127082009	0.310810328	-0.067703478	0.253664477	0.283219877	0.160732612	0.452890159	0.174296614	0.017964902	0.323920041	0.285766257	0.232952143	0.220922307	0.365564551	0.188480128	0.170103333	0.113522247	0.433867391	0.307427011	0.197912046	0.269328178	0.406944869	0.158614884	-0.396929825	0.11285236	0.259664957	0.241105916	0.099031733	0.308820742	0.125983513	0.371837858	0.00324262	0.364004838	0.062792746	0.272719016	0.157682617	0.252444366	0.059637887	0.097006677	0.14560226	0.186309995	0.157433454	0.0680901	0.226948205	0.219111275	0.231634406	0.258414098	0.324050488	0.348636872	0.229720099	0.189834272	0.139240049	0.13047533	0.193818803	0.334998458	0.134883855	0.212814259	0.158281225	0.147165317	0.051543729	0.104386055	0.094210264	0.070508988	0.154590006	0.053328407	0.142931401	0.340007222	0.113228868	0.013275962	0.228958872	0.174842841	0.097054201	0.096111445	0.061913717	0.098900373	0.079081444	0.041070264	0.045218569	0.111739697	0.077586538	0.036424489	0.067838434	0.232823218	0.028286263
0.10952977	0.101558062	0.108061391	0.04011014	-0.00706257	0.014278026	0.010625255	0.073169546	0.029637707	0.064524971	-0.011111249	-0.003478736	-0.001691354	0.001669416	-0.007068963	-0.027171964	0.000119735	-0.010360343	-0.010201429	-0.01378447	0.017206799	-0.037975424	0.018860336	-0.020714413	-0.028169367	-0.026767047	-0.016068616	-0.045858462	-0.011201333	-0.093121276	-0.08282394	-0.09303341	-0.109874113	-0.279681647	-0.096770897	-0.286187114	-0.054335372	-0.122442856	-0.007613985	-0.069702938	-0.051528651	-0.070531683	-0.094316149	0.011062609	-0.015612219	-0.055010309	-0.19142436	-0.020510999	-0.125563654	-0.332399978	-0.146330584	-0.033153295	-0.140977872	-0.066691969	-0.045678196	-0.067177072	-0.164029566	-0.13961377	0.030910146	-0.112551193	-0.229528355	0.069844313	-0.351404475	-0.643585253	-0.557211024	-0.188821092	-0.070836366	-0.400586434	0.143721467	-0.603530332	-0.094796904	-0.316328251	-0.796360584	-0.319695666	-0.132435365	-0.126913177	-0.549886621	0.118513139	-0.127989091	-0.478327582	-0.291518138	-0.23804	-0.332694703	-0.034020147	-0.007396725	-0.676122682	0.037924082	-0.204789631	-0.308990505	-0.479376428	0.292419015	-0.066648689	0.077373997	-0.555294745	-0.634116582	-0.661581948	-0.893545533	0.239406939	-0.291300996	-0.612984582	-0.803076832	-0.61730193	-0.152196062	-0.262443035	-0.399902418	-0.458249682	-0.613574327	0.818013161	-0.287704188	-0.441269815	-0.349243784	-0.472311717	-0.526067158	0.772636057	0.204760174	0.179789561	0.326337811	-0.027140622	0.670659389	0.45207699	-0.597396266	-0.427597154	0.040232029	0.701563085	-0.70364004	-0.53604077	0.055910157	0.554400474	-0.509027884	0.218576697	-0.495135936	0.241359105	0.278691508	0.44176444	0.651004986	0.561668875	0.561222537	0.460685176	-0.770753357	-0.063397708	0.188234333	-0.494014099	0.347659343	0.151364158	0.491186114	0.830034924	0.045206019	0.51191725	0.646288017	0.375422173	0.491832763	0.665254262	0.72354397	0.247847338	0.307115466	0.145990278	0.068118584	0.606616782	0.139435145	0.079002443	0.20115907	0.50799617	0.139090426	0.082594233	-0.0777754	0.457558651	-0.026673433	0.043712265	0.194732675	0.313943911	0.245516425	0.414757753	-0.596094649	-0.283849785	-0.099338124	0.407571327	0.420659024	0.400703347	-0.372232934	-0.438839687	0.085344846	-0.782654831	-0.452338202	0.122658381	-0.492747478	0.012665282	0.412844948	-0.428206487	-0.847027046	-0.338513136	0.451527813	-0.341438963	0.423496945	0.470130053	0.176348044	-0.031504548	-0.589869058	-0.64703608	-0.532325082	-0.21063854	-0.45235862	0.138529997	0.040308497	0.136618139	0.476960566	0.331303397	-0.020694373	0.121635427	0.729060107	-0.380622223	0.62951227	0.23640638	-0.051200105	-0.122158826	-0.547024424	-0.662051092	-0.155397238	0.250134318	0.196926094	-0.035936508	0.310300472	-0.582313861	-0.257001392	-0.046825004	-0.413095804	-0.253334063	0.455669276	0.317576747	0.538874971	-0.628520172	0.775534265	-0.074796237	0.529304926	0.541627133	0.268365917	0.016864866	0.325393329	0.456484482	0.350189822	-0.446657663	0.382882877	0.418670232	0.841701206	0.764529696	0.302231639	0.292267357	0.421762727	-0.335846932	0.061599606	-0.53198798	-0.307833994	0.622151743	-0.57684186	-0.505295138	0.025525386	-0.018866924	0.325697583	-0.051152293	-0.507089467	0.093009578	0.329274935	0.401600277	-0.328217417	-0.198840109	-0.464234362	0.468160916	0.391315223	0.395266847	0.484557878	0.454181484	0.168691402	-0.295047387	0.375607113	0.330612026	0.220828058	0.311284428	0.11915412	0.327003089	-0.067930965	-0.169490965	0.165999012	-0.186883291	0.1134086	0.028253272	0.342041592	0.213384215	0.345165125	0.228709101	0.24820701	0.231813234	0.348829029	0.293207502	0.225252475	0.168150875	0.483297945	0.216400702	0.34038745	0.171340277	0.545055061	0.338498659	0.31858868	0.272093483	0.212770861	0.209887345	0.05826147	0.083643963	0.285551205	0.221468008	0.158310701	0.272380244	0.20135639	0.24770214	-0.039678516	0.466233721	0.0780048	0.34828902	0.136375026	0.287578591	0.00239917	0.24184748	0.195759991	0.209483239	0.194805647	0.11773949	0.242124744	0.336150756	0.38193236	0.26387022	0.346570055	0.368627073	0.246729077	0.231449255	0.164768969	0.162078634	0.230958571	0.326224851	0.102585101	0.203775583	0.190195157	0.099587624	0.063612331	0.185281714	0.030364653	0.066832754	0.138650704	0.079508508	0.169758952	0.173395893	0.05560736	0.039121062	0.235040861	0.207850291	0.143808052	0.099190068	0.087030432	0.109981838	0.071226181	0.127845429	0.263659206	0.122906602	0.096031988	0.088453826	0.092102021	0.314782394	0.019600683
0.127404026	0.186572949	0.137483269	0.068570321	-0.004955706	-0.004489498	0.012640586	0.081921263	0.00575389	0.001297068	-0.025225214	-0.015720101	-0.004788109	0.004785374	-0.009746466	-0.031299963	-0.00125631	-0.015845564	-0.021293058	-0.024697172	0.007337429	-0.047644931	0.03000061	-0.032590342	-0.006978916	-0.037592577	-0.020850642	-0.069568164	-0.017092289	-0.105428695	-0.077492608	-0.097068358	-0.126434208	-0.329374893	-0.118332493	-0.373347614	-0.081048633	-0.152601559	-0.002079038	-0.081953533	-0.054014612	-0.069837459	-0.123060553	0.023384348	-0.009106804	-0.069998923	-0.276376277	-0.016953135	-0.181236635	-0.406941117	-0.185651546	-0.048189442	-0.172702095	-0.095933982	-0.082494455	-0.0841394	-0.200207738	-0.17923453	0.123257625	-0.129154131	-0.261843772	0.084853616	-0.367685141	-0.787309884	-0.727702698	-0.221129529	-0.105986842	-0.561410573	0.173679459	-0.761695375	-0.137921982	-0.316241076	-0.758246556	-0.408575105	-0.168152671	-0.182679397	-0.660108401	0.18722668	-0.128003619	-0.515684553	-0.302832273	-0.205333902	-0.387357833	-0.034700678	-0.002597188	-0.720328121	-0.043303211	-0.229921553	-0.377744696	-0.491122397	0.214966484	-0.076026187	0.117279646	-0.656461336	-0.673635557	-0.727235426	-1	0.349049392	-0.108487907	-0.686952916	-0.86886685	-0.696910496	-0.084038218	-0.289885195	-0.571010122	-0.532547253	-0.551719139	0.867425452	-0.084916256	-0.465093823	-0.322471319	-0.321194257	-0.579371079	0.86248828	0.260372955	0.124646743	0.468143517	0.07127592	0.734098045	0.497452947	-0.719543092	-0.370322825	0.088510968	0.729994609	-0.980082134	-0.490546255	0.122472978	0.678344429	-0.869374933	0.176024601	-0.397358434	0.509706053	0.281548347	0.478690037	0.660401622	0.758485545	0.437614573	0.414414799	-0.797437643	0.131734292	0.091490234	-0.48001224	0.760576499	0.293649533	0.539497651	0.827259486	0.000146594	0.202218028	0.673631286	0.473880173	0.498408482	0.739598056	0.517717252	0.028138945	0.206087093	0.054163937	0.140527649	0.576416661	0.203514105	0.007323612	0.061786486	0.508787222	0.063438687	-0.039676215	-0.052458626	0.493822469	0.130513167	-0.116929429	0.114601534	0.21956108	0.217699387	0.446443813	-0.565226358	-0.34826877	-0.070999771	0.415248793	0.576760105	0.458522338	-0.474226044	-0.544466586	0.138612458	-0.874792743	-0.43057401	0.15734933	-0.66943467	0.131935205	0.558612608	-0.661022564	-0.902463952	-0.277368368	0.464365135	-0.378772127	0.483892368	0.686564074	0.261065968	-0.071061024	-0.566257331	-0.685825388	-0.460321016	-0.1385704	-0.47593767	0.046621194	-0.095748712	0.001594572	0.683078608	0.471976277	0.077561469	0.144192147	0.767288905	-0.557152129	0.648495257	0.355188434	0.089313244	-0.28441193	-0.581100972	-0.699246541	-0.330804911	0.303740996	0.148728196	-0.042569984	0.216650954	-0.625175976	-0.221894455	-0.085096277	-0.637128483	0.119516948	0.595415617	0.267029302	0.541149667	-0.903872036	0.768344474	-0.229668735	0.614052841	0.601933111	0.351046428	-0.009379722	0.410949797	0.385251381	0.382431835	-0.44944615	0.62233792	0.416674489	0.976573888	0.583578423	0.27163587	0.442929474	0.448829518	-0.373615443	-0.01536618	-0.621236167	-0.399513003	0.750970454	-0.61693058	-0.565398741	-0.067835522	0.634247568	0.35234814	-0.102181179	-0.380163312	0.032173093	0.385151186	0.523474256	-0.372076059	-0.078377266	-0.486065682	0.499819721	0.503382723	0.448281464	0.399737573	0.655354797	0.167822204	-0.493331142	0.412304069	0.331240098	0.23349765	0.380838154	0.200833016	0.431229663	-0.108881459	-0.110407474	0.632691745	-0.289319709	0.080941849	-0.116611727	0.41537358	0.472542638	0.361654278	0.042592681	0.362609179	0.388290297	0.402098473	0.271108047	0.219049789	0.030554272	0.342601366	0.225543102	0.360827773	0.049718563	0.506536929	0.359085455	0.398054066	0.55613949	0.280005325	0.347356808	-0.646929825	0.129059927	0.309933184	0.175801382	0.243412239	0.233480334	0.001983379	0.147328214	-0.137773067	0.488235409	0.088683068	0.415871535	0.266298656	0.334847333	-0.009362783	0.195980518	0.183745828	0.23730156	0.228938046	0.112900275	0.311072238	0.376545505	0.232398356	0.279012038	0.44883835	0.480551596	0.288746134	0.27159488	0.304147901	0.19241916	0.240601876	0.348395949	0.03918644	0.212158239	0.22598311	0.197843559	0.06133649	0.131914272	0.065243743	0.140427434	0.146575509	0.074025616	0.215201247	0.361636444	0.11328596	0.039697987	0.316599476	0.214821138	0.187693655	0.131376444	0.107403643	0.150555739	0.155593302	0.167398328	-0.154690808	0.162540264	0.14263182	0.049812637	0.110416572	0.336854789	0.08373301
0.099718312	0.173369846	0.147134845	0.075743555	0.028665507	-0.013450214	0.016086039	0.104942483	-0.009694139	0.040404134	-0.033106983	-0.021491494	-0.003411059	-0.000425731	-0.014888867	-0.057134982	-0.002563693	-0.020471678	-0.011003732	-0.027354633	0.045600148	-0.06961642	0.043367465	-0.043901631	-0.018416803	-0.051203795	-0.028351598	-0.089484372	-0.023406703	-0.122417442	-0.082556983	-0.119118781	-0.125438144	-0.422581747	-0.146050523	-0.467334821	-0.084809096	-0.190188935	0.021303611	-0.096384574	-0.053007248	-0.084024763	-0.144109166	0.077820708	0.006193002	-0.077680036	-0.325785904	-0.018571915	-0.241765453	-0.478914222	-0.199294577	-0.035506145	-0.20216775	-0.087084742	-0.093079633	-0.088506156	-0.225625982	-0.195402336	0.066333289	-0.088213062	-0.344966054	0.098089262	-0.320999798	-0.902545602	-0.799793337	-0.229928707	-0.118631818	-0.739553061	0.22640092	-0.882881762	-0.108481898	-0.341121495	-0.722431775	-0.407964003	-0.203113094	-0.195974288	-0.695932337	0.180669495	-0.159656788	-0.590083589	-0.288565608	-0.311423491	-0.43435242	-0.041747617	0.037813844	-0.812344794	-0.094938434	-0.242470816	-0.362554281	-0.535060794	0.494625747	-0.14311302	0.165257086	-0.696175693	-0.639596223	-0.771803471	-0.969185509	0.343973488	0.023826278	-0.71354734	-0.900158071	-0.687411058	-0.120493086	-0.394369536	-0.44723574	-0.530407018	-0.727446474	1	0.087520159	-0.349480154	-0.231289463	-0.407496374	-0.50577753	1	0.274192129	0.049749978	0.571448755	0.329485347	0.68219687	0.53017404	-0.580364818	-0.376254236	0.273237319	0.664559838	-1	-0.513183584	0.213264185	0.688704477	-0.739133676	0.300298154	-0.60256979	0.729618097	0.287834169	0.441640014	0.657656634	1	0.446159186	0.325615029	-0.80373188	0.145282698	-0.048633342	-0.397316472	0.47933561	0.293207625	0.604220977	0.73106648	-0.090578311	0.077667231	0.783883168	0.517161998	0.535048337	0.871034967	0.315342951	0.290874295	0.081383307	-0.183918391	0.059930431	0.618599568	0.066825863	-0.091938942	-0.028970051	0.381842611	-0.062461629	-0.322573924	-0.094524834	0.50940848	-0.135983276	-0.120950036	-0.136638052	0.288894087	0.236143766	0.487870653	-0.670559371	-0.351622459	-0.038960229	0.483379728	0.638683704	0.562549205	-0.599139709	-0.551984942	0.185606222	-0.993502744	-0.370029672	0.147200969	-0.826597034	0.270503719	0.56429804	-0.822016544	-1	-0.141460406	0.508135512	-0.521722209	0.62854411	0.825110367	0.154191921	-0.001802342	-0.647464821	-0.717989066	-0.675789227	-0.02403593	-0.551058609	0.148287483	0.035553021	0.188670783	0.922866446	0.452977011	0.119239035	0.183674373	0.76328763	-0.598905112	0.713463632	0.378708103	0.190257522	-0.305056828	-0.589138512	-0.720495683	-0.459231556	0.364368828	0.040464082	-0.12651079	0.228151556	-0.619389505	-0.244524801	-0.154016776	-0.565104249	0.233202994	0.55077466	0.738089165	0.514569552	-0.70670778	0.916019205	-0.170323309	0.637645605	0.659280422	0.560607916	0.089995731	-0.179697609	0.224313631	0.310273097	-0.454178848	0.665309134	0.465203647	1	0.80907092	0.193292444	0.402760842	0.43401046	-0.340373321	0.083697672	-0.688543913	-0.581681106	0.692452228	-0.810482842	-0.628520123	-0.166868893	0.159800455	0.422450467	-0.12957832	-0.361574185	0.13913522	0.466134251	0.61172116	-0.593172166	0.034254857	-0.558082846	0.685681166	0.487706818	0.385731929	0.446569005	0.415624426	0.257424664	-0.606508699	0.466159154	0.447122146	0.365860368	0.356235743	0.115681356	0.469989963	-0.403772824	-0.159703777	0.312360403	-0.257692244	-0.062434883	-0.131668201	0.494012722	0.255395247	0.63342557	0.070166414	0.521366978	0.569094841	0.489795241	0.472896041	0.25243739	0.235090582	0.474606353	0.304725464	0.227357166	0.223612966	0.552928566	0.38336693	0.355112757	0.461198368	0.459442176	0.521107001	-0.555359506	0.103948413	0.315871565	0.267194	0.334868934	0.284621832	0.072591082	0.385127616	-0.018795381	0.666283547	-0.079282633	0.479619764	0.366785234	0.431200859	-0.014269216	0.236827973	0.231629698	0.260445178	0.257965338	0.100520787	0.493380884	0.32193038	0.369298786	0.36720174	0.504193686	0.561110394	0.294844713	0.242585041	0.404405132	0.166182565	0.291952788	0.377917847	0.136867738	0.186204957	0.210317448	0.227366792	0.075666108	0.192525318	-0.098534816	0.049376894	0.285714119	0.101195424	0.238974807	0.510166104	0.169565927	0.056404412	0.319808343	0.231250882	0.223706267	0.210932503	0.128458348	0.151134251	0.051152787	0.148887097	-0.059023838	0.201911496	0.168934177	-0.003089996	0.128615135	0.386586588	0.119905799
0.21593653	0.100182099	0.197077891	0.022488118	0.036818932	0.031350353	0.017639446	0.106142864	0.044895008	-0.038266383	-0.08891623	-0.027508942	0.017175211	0.031247757	-0.063176216	-0.108483714	0.017322597	-0.01983132	-0.012781827	-0.063709667	0.032687618	-0.044696623	0.013882517	-0.043435008	-0.046253276	-0.112953169	-0.018697273	-0.136539082	-0.005505179	-0.066448602	-0.094145762	-0.161061141	-0.242016315	-0.414655948	-0.168835035	-0.563754196	-0.107998967	-0.237198863	0.075600575	-0.0761825	-0.04932064	-0.082162633	-0.344738765	0.095133607	0.053926952	-0.111961138	-0.455545662	-0.027237128	-0.286202432	-0.465628426	-0.347704107	-0.162499587	-0.228006052	-0.331958861	-0.307567308	-0.222629385	-0.358618302	-0.341460498	0.233177024	-0.308294444	-0.349084062	0.132528786	-0.363904128	-0.933812101	-0.945829512	-0.266347882	-0.191273863	-0.798061533	0.214894418	-0.90402307	-0.049428527	-0.471061736	-0.914873152	-0.47461859	-0.170268739	-0.244078965	-0.754644791	0.173797804	-0.125937082	-0.796730943	-0.256089714	-0.21947542	-0.583462476	-0.040540906	-0.012910858	-0.785030623	0.106833872	-0.285320433	-0.476437613	-0.624153663	0.376741345	-0.392150124	0.240987015	-0.747727637	-0.644701551	-0.81108262	-0.816537618	0.560884869	0.01353545	-0.774811603	-0.797150694	-0.615899753	-0.21735179	-0.346220573	-0.473333217	-0.536895043	-0.599233341	0.641177057	-0.510355897	-0.171591514	-0.626072507	-0.705537469	-0.64846022	0.75977979	0.369187954	0.158033674	0.556411797	0.032449536	0.697133539	0.509326798	-0.496255878	-0.084846406	0.26431061	0.729181712	-0.762023031	-0.298854033	0.151599896	0.759946856	-0.537706184	0.415547832	-0.612039527	0.241957389	0.040360358	0.554030062	0.684558267	0.778826664	0.441929106	0.061992805	-0.870389083	0.287827415	-0.056745996	-0.204116893	0.451526206	0.179928258	0.713583993	0.733436331	-0.030839764	0.07155918	0.679414901	0.547349873	0.598622103	0.648446512	0.258073879	0.570463657	-0.089855407	-0.117951608	0.117692935	0.645982265	0.336089746	-0.189793447	0.033036199	0.424531239	0.07064505	-0.41721357	0.036512959	0.420210453	0.089758306	0.221068288	-0.379686335	0.387565176	0.220476023	0.513121448	-0.448261769	-0.609932954	-0.119147335	0.39151045	0.689075493	0.659200262	-0.658518841	-0.555686524	0.179189563	-0.919312719	-0.230663348	0.192183651	-0.80032915	0.318821813	0.664652036	-0.831031737	-0.932547983	-0.002448152	0.579208739	-0.647677359	0.636827205	0.692239075	0.321451209	-0.01191026	-0.726036566	-0.678823001	-0.553370606	-0.187417723	-0.4803667	0.099549732	0.069741315	-0.07312619	0.925981756	0.324457619	0.073523996	0.101863836	0.858654593	-0.656658623	0.772945733	0.503263462	0.234997162	-0.639968051	-0.489035257	-0.780302224	-0.540492163	0.304425153	0.047904054	-0.239532294	0.418834704	-0.645368754	-0.047077966	-0.01393957	-0.62490803	0.107203983	0.653008282	0.53091375	0.205586244	-0.861858951	0.785295793	-0.299674296	0.717403403	0.681086975	0.313483486	-0.13760528	0.132833641	0.385141782	0.534985214	-0.50641758	0.759277323	0.525031219	0.948096411	0.519594218	0.262697431	0.438935043	0.512599982	-0.488134464	0.105313507	-0.706399829	-0.627481191	0.732010584	-0.922848606	-0.429831869	-0.012195278	0.711451542	0.390877639	-0.189020672	-0.398748915	0.135810247	0.487370829	0.626922467	-0.583195145	-0.079674474	-0.530283934	0.779724371	0.289750766	0.23130074	0.346479612	0.414541377	0.243771736	-0.637558511	0.548369595	0.20607713	0.285783615	0.472152111	-0.368879629	0.503048353	-0.396122196	-0.184462597	0.303787123	-0.31023578	-0.045521343	-0.485689396	0.518409707	0.419132843	0.469656345	-0.167029072	0.658632796	0.680668235	0.50786972	0.428194752	0.227768778	0.135141807	0.393357604	0.277354966	0.360481072	0.162716712	0.612522957	0.441773959	0.473459476	0.696457614	0.55431531	0.257968888	-0.296861347	0.001694544	0.43031899	0.366923398	0.283337687	0.689470541	0.057651616	0.050820762	-0.073436739	0.646185526	0.109628409	0.608338268	0.455182075	0.462991348	-0.010829667	0.299593094	0.270963276	0.258117391	0.387895189	0.183637644	0.468371908	0.403713146	0.64398374	0.334543358	0.609923772	0.626750352	0.413534265	0.358963485	0.435978743	0.194414786	0.36690702	0.634028919	0.229551154	0.207110079	0.401865011	0.094345139	0.102274381	0.209043089	-0.082008628	0.2029721	0.167259367	0.089820905	0.270300479	0.141986642	-0.046194846	0.082398866	0.565347055	0.252479023	0.249082619	0.189451323	0.164974211	0.21881578	0.124801966	0.082539637	0.141831638	0.200334697	0.197207036	0.261304293	0.172008024	0.414716229	0.050225712
0.174424881	0.074039329	0.1940957	0.104304967	0.074134266	0.076108392	0.003911536	0.156501458	0.086459994	-0.172456493	-0.139478351	-0.026674363	0.071526443	0.05108539	-0.104915469	-0.136728809	0.035270531	-0.026667947	0.001210902	-0.103849279	0.110369134	-0.043312931	-0.005716303	-0.035170868	0.007921903	-0.156288398	-0.00816559	-0.162787762	0.013546062	-0.037306423	-0.093519874	-0.150505447	-0.300611165	-0.453150685	-0.207907231	-0.682641313	-0.115207498	-0.279333857	0.101588309	-0.055291205	-0.043368895	-0.066013383	-0.545302512	0.12991162	0.101800586	-0.127466857	-0.637893788	-0.06037143	-0.256476319	-0.43049682	-0.472782206	-0.379864028	-0.259415495	-0.51138369	-0.524469827	-0.363885455	-0.483670457	-0.481963375	0.313068871	-0.426348949	-0.380905262	0.146564672	-0.545295474	-0.955902533	-0.722652479	-0.239436841	-0.263984485	-0.873514244	0.248612683	-0.966663984	-0.111859883	-0.553717352	-0.667486644	-0.462891575	-0.147753142	-0.323650125	-0.81563682	0.249101414	-0.127729786	-0.702958096	-0.241988354	-0.245541291	-0.700401321	-0.043058275	-0.059497562	-0.810639297	0.185676589	-0.342382802	-0.504802623	-0.63750805	0.482718219	-0.553486321	0.160780156	-0.7328075	-0.782594822	-0.88081837	-0.588490173	0.496136086	-0.118478555	-0.788703787	-0.63079554	-0.84729952	-0.243823189	-0.404784323	-0.684509958	-0.59212484	-0.521544061	0.207581192	0.043405096	-0.262504712	-0.546928843	-0.541460466	-0.675728656	0.535800005	0.510265587	0.318457324	0.559053532	-0.041676508	0.703133963	0.467016054	-0.312992097	0.067238054	0.318660111	0.918192942	-0.857934051	-0.371298507	0.13313503	0.79084054	-0.531865041	0.422427115	-0.555347476	0.047902955	-0.182225964	0.510862184	0.674466294	0.603096348	0.604538731	-0.202190671	-0.910392003	0.25877037	0.227349583	-0.280313211	-0.183241991	0.133066562	0.959702261	0.83605066	0.029751196	0.247540397	0.484529745	0.670027631	0.419535259	0.642095276	0.197214986	0.674730765	-0.262863304	-0.139035621	0.177098108	0.682255416	0.129856783	-0.271116436	0.011372092	0.649440705	0.242746563	-0.451134255	0.076084015	0.276757909	0.269060319	0.064420512	-0.411450496	0.613241192	0.220615803	0.527542238	-0.375590289	-0.579260606	-0.236018802	0.483347301	0.837492724	0.787591044	-0.7631547	-0.662613887	0.269656588	-0.882720916	-0.07687953	0.174825004	-0.561204573	0.476113147	0.643813518	-0.909800726	-0.924261917	0.174855901	0.564063351	-0.85584858	0.67585461	0.727367405	0.197491072	0.056429048	-0.718830252	-0.732955041	-0.655024109	-0.261178976	-0.492288205	0.034760603	-0.091524926	-0.045560373	0.960997421	0.093809867	0.116514214	0.0464719	1	-0.621556229	0.819401131	0.625462042	0.28764527	-0.724967714	-0.598115799	-0.784993538	-0.713108143	0.322933164	-0.032349033	-0.096952313	0.63372551	-0.820869071	0.139212576	-0.205617577	-0.772581389	0.237078677	0.716257606	0.979739086	-0.001711206	-0.563734265	0.955177186	0.03787107	0.717857108	0.732031417	-0.056773675	-0.238574475	0.084024254	0.491765542	0.448895993	-0.495083569	0.623846247	0.587286355	0.842001652	0.790805523	0.353094865	0.376954464	0.619946378	-0.674832191	-0.060650829	-0.684124884	-0.574276241	0.736337089	-0.904271858	-0.186777568	0.135679262	0.090102761	0.425483075	-0.303000197	-0.366939055	0.057671309	0.643195021	0.688375993	-0.549373223	-0.098760646	-0.582872878	0.786315982	-0.115597053	0.08274951	0.404182841	0.85828315	0.30544638	-0.667386421	0.627988026	0.313240624	0.288782622	0.533480205	-0.064889697	0.465685044	-0.503210623	-0.199854025	0.388428265	-0.525372755	-0.377020964	-0.291347152	0.448211523	0.622305636	0.145481139	-0.375582529	0.571837429	0.083983778	0.671860587	0.668253619	0.352574627	-0.151951638	0.255058025	0.349170347	0.511152981	-0.114544914	0.687717977	0.540572804	0.588674193	0.60254681	0.671845962	0.596270762	-0.080019165	0.026794448	0.382524076	0.388274906	0.219955372	0.786461044	0.262694978	-0.133219096	0.309878255	0.675427073	0.072313538	0.737054198	0.053506086	0.602562788	0.100364702	0.563249915	0.441748545	0.269667122	0.489410796	0.249446958	0.312647635	0.619406878	0.456920269	0.440469336	0.721899104	0.510003371	0.112003448	0.428502988	0.323518608	0.214904603	0.469470751	0.584061214	0.093077341	0.221992775	0.378560066	0.073062464	0.148434017	0.331178558	-0.285559033	0.411576549	0.071631485	0.137145329	0.333333019	0.257562539	-0.102132533	0.146769236	0.542516084	0.296568457	0.216414756	0.179921023	0.229004135	0.240279046	0.076615187	0.158583441	0.296104787	0.247090583	0.239046899	0.313874501	0.204543828	0.454453961	0.130642058
0.240764433	-0.034578178	0.156422092	0.16872202	0.042862848	0.092103117	0.011127988	0.167513452	0.083706215	-0.19336301	-0.176093533	-0.034989841	0.032846106	0.074365347	-0.152453207	-0.181647597	0.052531081	-0.04530871	0.019879663	-0.147073664	0.148783152	-0.008855055	0.019872582	-0.030797734	0.01761401	-0.189526314	0.000597712	-0.209862033	0.026041785	0.03210534	-0.117851486	-0.206060678	-0.332778018	-0.48618475	-0.238302278	-0.740825567	-0.132235361	-0.329783618	0.096168746	-0.041243133	-0.030046106	-0.09132491	-0.7585208	0.114858615	0.153992883	-0.161832827	-0.742716396	-0.079868656	-0.312103072	-0.438003816	-0.605484692	-0.457341847	-0.263658908	-0.679769721	-0.730062947	-0.431355015	-0.613143599	-0.658013865	0.212624871	-0.693475781	-0.413306036	0.174265053	-0.680034378	-0.976153668	-0.649969805	-0.266677371	-0.302484531	-0.965706324	0.239823074	-0.973505655	-0.034367131	-0.660128268	-0.851788745	-0.418085683	-0.099866644	-0.332138831	-0.869740388	0.219576119	-0.116832288	-0.758770744	-0.200432043	-0.271087925	-0.868131615	-0.050334449	-0.057796985	-0.816411931	0.366799435	-0.386121494	-0.541659438	-0.632405092	0.500628741	-0.795710215	0.217907936	-0.771626294	-0.738892022	-0.917113178	-0.443565548	0.583394871	-0.09633109	-0.851783351	-0.501306888	-0.840580266	-0.233880893	-0.40247248	-0.751854328	-0.645495718	-0.546585697	-0.097769145	0.001715616	-0.229510517	-0.696920655	-0.574366682	-0.590684725	0.31300787	0.748064764	0.405302518	0.57724442	0.152460756	0.419283495	0.335428912	0.02309884	0.500504129	0.321569749	0.951530746	-0.381272938	-0.07628854	0.101508732	0.834955374	-0.357672973	0.299016361	-0.872008613	-0.243018136	-0.41669313	0.528628913	0.651134	0.593891312	0.611148109	-0.395444598	-0.982610373	0.367864913	0.290250584	-0.095330408	0.409543876	0.07137087	0.962712723	0.779587099	0.062018259	0.213056906	0.632194769	0.895785259	0.544758612	0.787322744	0.127843844	0.377126455	-0.437754334	-0.215404318	0.161614156	0.648535768	0.20236393	-0.317072199	0.090199195	0.688602564	0.184881408	-0.598779459	0.164247339	0.236914243	0.071352056	0.07921727	-0.419185281	0.584836904	0.217671568	0.574379321	-0.241355439	-0.710917262	-0.317471927	0.542260639	0.758858183	0.88254996	-0.770392479	-0.729947117	0.35282027	-0.850655383	0.014945738	0.166306367	-0.486705824	0.548297437	0.59669453	-0.943388756	-0.853139312	0.293565014	0.600294642	-0.877020901	0.772242678	0.863878611	0.188862728	0.019540336	-0.693149942	-0.740816174	-0.548129287	-0.387914778	-0.499918529	0.041358499	-0.223845905	-0.163371861	0.977288474	-0.123537667	-0.033171644	-0.062403677	0.876560563	-0.622227401	0.909138333	0.777638377	0.302006615	-0.889807855	-0.580695777	-0.806964683	-0.770437547	0.211562637	0.333344979	-0.082188661	0.750411687	-0.876923	0.319981035	-0.141582845	-0.804927028	0.216994568	0.802214931	0.305155459	-0.193420844	-0.586095084	0.93758187	-0.011070523	0.77837163	0.746254992	-0.144480475	-0.435118303	0.06215976	0.333182813	0.525068891	-0.504954254	0.742699544	0.710705687	0.782243768	0.473280199	0.23856076	0.484824271	0.606421917	-0.805481053	-0.186362286	-0.759238957	-0.51801246	0.63130321	-0.670613579	-0.064121329	0.32150809	0.475857141	0.412068781	-0.281099464	-0.575457114	0.133643747	0.736402225	0.744603556	-0.571995044	-0.30807533	-0.556099946	0.604395078	-0.363812554	-0.106351346	0.44017331	0.832507925	0.318458427	-0.751079444	0.690027364	-0.145017759	0.286957098	0.501174816	-0.47112913	0.552245613	-0.666782061	-0.303465201	0.168722904	-0.617126438	-0.313058807	-0.45551661	0.563207687	0.680264573	0.394732573	-0.513899582	0.240756791	0.456345226	0.608813437	0.613798998	0.415467633	-0.294240764	0.127283778	0.326940179	0.773637389	0.202828473	0.484640355	0.603444199	0.870947766	0.732621342	0.405952976	0.459249338	-0.061126241	0.010700399	0.415136849	0.469162597	0.330083074	0.770392168	0.491957686	0.299071657	0.39829058	0.811438468	0.278095832	0.844594419	0.434875574	0.691883508	0.279164676	0.825333956	0.426978499	0.257439464	0.558683843	0.344550713	0.428211894	0.709021543	0.731005597	0.220430698	0.836239036	0.614123027	0.118615877	0.385774221	0.801766707	0.243871092	0.548122879	0.523586034	0.432787509	0.191816877	0.612598672	0.256928945	-0.081910889	0.404335552	-0.256457425	0.211999426	-0.044327822	0.086567656	0.417936438	0.375477185	-0.125230947	0.172643665	0.784036921	0.332116676	0.227381858	0.299204203	0.240335097	0.315685971	0.193254114	0.092100037	0.136039228	0.321950158	0.275760997	0.245381251	0.235531303	0.449668201	0.120701003
0.230317666	0.106609612	0.239460635	0.216635557	0.058878369	0.129963089	0.024243125	0.201058663	-0.00039697	-0.176686337	-0.233669417	-0.047937251	0.072249292	0.084565388	-0.192465184	-0.224247452	0.077767037	-0.016731345	0.004070268	-0.179101905	0.125077049	-0.007276404	-0.020313038	-0.022605563	-0.004617355	-0.264085916	0.012534153	-0.243087517	0.050325968	0.115183653	-0.095091976	-0.260697391	-0.472308202	-0.405047474	-0.277645115	-0.849075198	-0.143233661	-0.378550002	0.141139819	-0.012010284	-0.02745345	-0.056625149	-0.919805085	0.163196827	0.196707774	-0.149141458	-0.886770737	-0.082421573	-0.36079504	-0.425157603	-0.7647492	-0.640325674	-0.291225502	-0.876630411	-0.951539319	-0.604110467	-0.77388503	-0.769389829	0.379572488	-0.910962822	-0.401619774	0.213429833	-0.69019778	-1	-0.614352383	-0.240720113	-0.349306954	-0.982556402	0.30700875	-1	-0.010048329	-0.780380234	-0.844253067	-0.397808675	-0.065538382	-0.428358494	-0.963477829	-0.092728265	-0.139904149	-0.776041974	-0.241776066	-0.360557255	-1	-0.046851096	-0.137271464	-0.776294298	0.568050299	-0.429498253	-0.627563688	-0.666175356	0.337300095	-1	0.002936135	-0.810462949	-0.847831042	-0.961503521	-0.181684335	0.524778699	-0.218830192	-0.966179599	-0.374672283	-0.938271386	-0.298659579	-0.488673091	-0.696691829	-0.590158034	-0.666375831	-0.30894679	-0.876184761	-0.860713249	-0.801227383	-0.484532529	-0.424396532	0.145355579	0.844184599	0.456067587	0.546485424	0.200993308	0.434373706	0.286904915	0.202942868	0.753059139	0.391250435	1	-0.517096185	0.193270242	0.068557452	0.955670758	0.000178921	0.381176413	-0.896923429	-0.679123595	-0.643250802	0.659608348	0.637846038	0.581757732	0.628976526	-0.710631578	-1	0.511520296	0.361805781	-0.138614522	-0.097333086	0.044223552	1	0.818084735	-0.019746522	0.372370461	0.859451668	1	0.58046299	0.446347772	-0.04121436	0.658686177	-0.572249222	-0.257245437	0.195032393	0.766868889	0.175082452	-0.439756995	0.05013082	0.784679074	0.052433356	-0.59187697	0.255176957	0.20527883	-0.01012985	0.541803377	-0.376056106	0.770161588	0.219860957	0.603012355	-0.059834238	-0.807762234	-0.356671539	0.536782237	0.887127034	1	-0.868817736	-0.638452048	0.381686842	-0.832542672	0.29020561	0.136202774	-0.379564943	0.770643411	0.591604328	-1	-0.832183918	0.461133684	0.654982232	-1	0.831026283	0.848170135	0.24052348	-0.060546915	-0.769842088	-0.876429026	-0.725371999	-0.527632491	-0.473614914	-0.025892981	-0.154307246	-0.148273925	1	-0.141402722	-0.000617448	-0.09821144	0.941808021	-0.495201134	0.965308337	0.843942294	0.286575548	-1	-0.620703175	-0.86068289	-0.872935246	0.13803469	0.175568431	-0.093603997	1	-1	0.378404682	-0.089901885	-0.727573745	0.168033078	0.734046496	0.480067075	-0.414117412	-0.58246822	0.949153412	-0.035055591	0.974274153	0.789575205	-0.27028601	-0.494146136	0.197384376	0.417363891	0.613405427	-0.627212932	0.473872434	1	0.859347956	0.566948648	0.457878763	0.570802365	0.669032372	-1	-0.238705902	-0.706757583	-0.615795681	0.65392994	-0.823604649	0.177735259	0.51941117	-0.192548594	0.3957521	-0.420185683	-0.240611378	-0.005946561	1	0.816591132	-0.847828845	-0.113149762	-0.570347669	0.838003766	-0.725969729	-0.227293612	0.445973396	1	0.363263552	-0.722604271	0.811329486	-0.317646907	0.195752994	0.566643737	-0.759498306	0.673136428	-0.814160732	-0.360362823	0.614071747	-0.624293597	-0.44682107	-0.626732937	0.702664119	0.948616257	0.761517444	-0.51557925	0.667982414	8.60E-05	0.68959442	0.943412659	0.494421161	-0.490174457	-0.083353848	0.435290116	0.651283612	-0.358782766	0.654142466	0.637784309	1	0.846891474	0.734143137	0.750158299	-0.214960734	-0.12433655	0.432512468	0.734159102	0.278420424	0.907286473	0.386643241	0.043043966	0.590135638	1	0.263425931	1	-0.052521341	0.775105291	0.383024397	0.788082699	0.430022838	0.265732476	0.608339207	0.464304491	0.276934749	1	0.791357258	0.49837891	1	0.500581923	0.503773707	0.398797721	0.779078525	0.255385197	0.646126583	0.650631829	0.533243366	0.214327089	0.709014272	0.19560479	0.382779851	0.408944594	-0.602804155	0.416822284	0.422084701	0.010022308	0.449329234	0.411283623	-0.214628222	0.211644039	0.567265217	0.301663178	0.198100906	0.313389754	0.402735847	0.275135238	0.067378134	-0.003014497	0.643609361	0.215112425	0.336560831	0.489793865	0.270575206	0.494621923	0.071487719
0.428536321	-0.193889341	0.008179551	0.104108644	0.17240856	0.300841405	0.139847042	0.281116843	-0.076005994	0.111994103	-0.20905796	-0.074103997	-0.027223638	-0.042574312	-0.389787063	-0.085280486	-0.053677057	0.007085924	-0.119278761	-0.234683631	0.117772543	0.115730811	0.183559731	-0.144266081	0.115173691	-0.28319837	-0.153899927	-0.196408619	-0.164899464	-0.015645176	-0.198805953	-0.274357746	-0.092575701	-0.229800299	-0.329329753	-0.843879325	-0.266869489	-0.283685479	0.143095251	-0.189414821	-0.232059273	-0.282861624	-0.960452371	0.309502168	0.289550419	-0.248501321	-0.733585104	-0.284630505	-0.199910053	-0.253905995	-0.652518357	-0.691907652	-0.449392366	-0.949610011	-0.842476846	-0.568148216	-0.658383418	-0.722177039	0.482072445	-0.790157127	-0.386615685	0.236662714	-0.44808949	-0.97344123	-0.311565831	-0.257394944	-0.301116523	-1	-0.054611764	-0.924509042	0.005674613	-0.740674932	-0.771497619	-0.390504272	-0.143270707	-0.411012323	-0.815046599	-0.138876433	-0.131430813	-0.910354061	-0.288322544	-0.179383754	-0.834430992	-0.053425001	-0.153995988	-0.92315937	0.637995633	-0.478151089	-0.659116159	-0.664613677	0.686163113	-0.929955609	0.051511066	-0.847764809	-0.950210851	-0.975476609	-0.158066221	0.701233208	-0.45505357	-1	-0.447184932	-0.829931174	-0.239064641	-0.453294633	-0.899538152	-0.710032789	-0.332412903	-0.008379008	0.286336384	-0.731368938	-0.62614761	-0.437743808	-0.52729393	0.240018036	0.904962048	0.585570746	0.590187999	0.02029075	0.427793097	0.381227717	0.436490879	0.828640154	0.494697931	0.906516177	-0.573317283	0.475374236	-0.029877737	0.937028879	-0.451973747	0.661056394	-1	-0.17951248	-0.76237736	0.706901919	0.545579308	0.392435873	0.262743497	-0.603756647	-0.876054292	0.633023678	0.746909018	-0.089445825	-0.406690292	0.093760544	0.630077195	0.855342473	-0.085449703	0.18591846	0.567330479	0.759596454	0.215225792	0.715700435	-0.032180819	0.123027822	-0.622424261	-0.3571356	0.185756937	0.851264369	0.32463798	-0.261103981	0.187604475	0.667308777	-0.062532629	-0.661122105	0.202378296	0.386049593	0.136221001	0.260388818	-0.242711288	0.67922876	0.225274371	0.584978239	-0.100073205	-0.955597091	-0.244936025	0.687547644	0.883635253	0.850541621	-0.839092468	-0.662573753	0.363883795	-0.870279246	0.405771949	0.313329086	-0.252117845	0.77211223	0.758548836	-0.90047045	-0.738308602	0.535634763	0.609954593	-0.926479765	0.830011178	0.853635041	-0.035072172	0.012522776	-0.679590105	-0.643730817	-0.695619783	-0.519718409	-0.555433853	-0.256137988	-0.170039138	-0.317362984	0.898782673	-0.04172998	0.201615538	-0.337772956	0.657101215	-0.686711792	0.922819763	0.90213602	0.381368216	-0.55916348	-0.591398907	-0.901125353	-0.905213733	0.19914943	0.242195446	-0.049034526	0.757239553	-0.877244534	0.472928426	-0.116692304	-0.845257066	-0.184848392	0.691831817	0.409564872	-0.191670207	-0.529780801	0.876523447	-0.056767253	0.861854638	0.798599717	-0.361181257	-0.379413088	0.376304021	0.631403529	0.52932648	-0.500136354	0.553790005	0.657570563	0.638197245	0.736126889	0.422443475	0.754804272	0.759869162	-0.834438027	-0.171810456	-0.805640249	-0.714643505	0.731417739	-1	0.310868926	0.547224057	-0.39199232	0.538967095	-0.416164809	-0.49080937	0.025193266	0.924554851	0.75775923	-0.56175348	-0.037085664	-0.725830821	0.567870111	-0.560986167	-0.126137702	0.591443567	0.749051379	0.389111803	-0.782646869	0.874112619	-0.194946758	0.280423088	0.657906501	-0.332445749	0.594386085	-0.528796412	-0.179850097	0.246803256	-0.74182591	-0.158652882	-0.657503977	0.811440494	0.668993925	0.381152092	-0.766044272	0.423337407	-0.006190768	0.748611614	0.787579092	0.443933475	-0.428862653	-0.113681048	0.515960981	0.988444848	0.149632623	0.841728172	0.725470596	0.99492387	0.6845519	0.787508246	0.832487126	-0.129324394	-0.258527231	0.409146341	0.272994324	0.250074824	0.974848053	0.40735109	0.089627045	0.373369169	0.971094554	0.045338473	0.968290476	-0.126779428	1	0.428263712	0.460072747	0.090599972	0.291779467	0.727344649	0.1565072	0.186718316	0.382398575	0.82659476	0.277162373	0.323065076	0.564866602	0.408542632	0.541856073	0.488501834	0.532280933	0.712266641	0.165859265	0.163106028	0.113772422	0.819011093	0.075118081	0.366354359	0.478723897	-0.668949431	0.123405203	0.568113152	0.153735599	0.51559201	0.398847714	-0.268665447	0.138982356	0.574786449	0.513409527	0.393741597	0.440804209	0.365106216	0.298827189	0.250969737	0.071006648	-0.368157836	0.453827173	0.460073744	0.491176052	0.447811688	0.328896356	0.17082127
0.586117736	0.076506771	0.186719233	0.233169573	0.280765615	0.51513818	0.227570008	0.306958354	-0.513975895	0.422267395	-0.316532719	-0.156670265	-0.127294177	-0.125216082	-0.617016448	0.024604495	-0.169255295	0.053284322	-0.173426661	-0.282825934	0.000269833	0.161888215	0.330034032	-0.287105783	0.293732606	-0.291096141	-0.323442756	-0.169408338	-0.359357983	-0.212586907	-0.256825739	-0.350699784	0.040416145	-0.274085559	-0.42056974	-0.913658675	-0.317676562	-0.173975299	0.34432561	-0.357531771	-0.451914348	-0.514004873	-0.961408521	0.480447649	0.364941897	-0.298837678	-0.638128942	-0.500416926	-0.110063327	-0.067910811	-0.626517301	-0.737408505	-0.565398955	-0.927170316	-0.739183569	-0.60992782	-0.620989726	-0.738420138	0.222749667	-0.795552964	-0.322056932	0.340359502	-0.485101322	-0.954410455	-0.234120444	-0.226560826	-0.315041306	-0.920746266	-0.431454514	-0.843502446	-0.018432933	-0.703731735	-0.855596667	-0.389200952	-0.169657483	-0.358982036	-0.709132095	-0.027211109	-0.177989998	-0.80472586	-0.393108161	-0.147318131	-0.655042802	-0.058485987	-0.17291056	-0.910514431	0.66628836	-0.496832211	-0.697429941	-0.745839436	0.439705156	-0.90990925	0.066709135	-0.87442148	-0.910176332	-0.971054954	-0.109512867	0.601010362	-0.637635893	-0.91345578	-0.580945503	-0.780859691	-0.210449248	-0.477052688	-0.840168479	-0.710297118	-0.344674216	0.051732441	-0.437661753	-0.873089837	-0.650917078	-0.382732525	-0.681970282	0.430346102	0.900884296	0.721212762	0.571339325	-0.405950007	0.482317277	0.540068317	0.529273085	0.843236799	0.609801676	0.735748067	-0.313641726	0.098417286	-0.089528905	0.882782545	-0.727508439	0.604156014	-0.873928015	0.064261051	-0.710293001	0.814742382	0.368552729	0.343192781	-0.182719834	-0.562385239	-0.687497439	0.632803841	0.453693051	-0.501108666	-0.177599245	0.328015052	0.449401874	0.730180268	-0.125280596	0.276780126	0.441928886	0.796317342	0.078946691	0.650839432	-0.086622228	0.798720496	-0.676230987	-0.30844037	0.039344755	0.977444787	0.715177054	-0.096145704	0.352466929	0.675538002	-0.047240069	-0.833850223	0.174490367	0.406940974	0.180953961	0.177381425	0.194631302	1	0.238044943	0.655056008	-0.161073727	-0.994340301	-0.096599117	0.727760231	1	0.723610265	-0.857396716	-0.856418274	0.402730948	-0.911850514	0.319657412	0.586232763	-0.211696951	0.662523045	0.73451143	-0.826612295	-0.71359072	0.680060966	0.436317595	-0.870860111	0.913808284	0.457074686	-0.191812063	-0.075301657	-0.810453044	-0.864963428	-0.508909635	-0.712812862	-0.554486841	-0.382676913	0.039169647	-0.548758753	0.82194746	-0.027111179	-0.115101426	-0.576442205	0.308658124	-0.934164312	0.973637647	0.942925222	0.592093162	-0.353747503	-0.732700633	-0.958159833	-0.907682325	-0.009398041	0.04652867	-0.182764143	0.784422772	-0.8206165	0.533857825	-0.192941882	-0.887747004	-0.322565974	0.713290448	0.569727724	0.140223903	-0.891718968	0.727977958	-0.206827099	0.896456966	0.82794387	0.179160193	-0.304717706	0.488214775	0.698595499	0.514524879	-0.659583849	0.579675222	0.461351854	0.512476174	0.777291862	0.157767813	0.659133021	1	-0.617828917	0.003745745	-0.820869748	-0.675990283	0.81430422	-0.904029763	0.231322123	0.65751048	-0.427443943	0.561087242	-0.563943038	-0.748476192	0.290753395	0.481146681	0.76850292	-0.654760104	0.14960352	-0.963568395	0.271313422	-0.525011355	-0.075164939	0.650698348	0.615958003	0.433150898	-0.846329967	0.882203074	-0.862136691	0.455771516	1	-0.287732095	0.746126203	-0.876308858	-0.154298947	0.094165304	-0.746173747	-0.63876611	-0.686804451	0.630298844	0.495483022	0.399416201	-0.791627704	0.297146121	-0.036547971	0.710344985	0.904380264	0.514954753	-0.611687885	0.116605607	0.435698738	0.809439144	-0.359392376	0.702751116	0.823106439	0.981823742	0.78555495	0.740509745	0.738234498	-0.383369513	-0.367998092	0.407668466	-0.055212492	0.37365927	1	-0.260297486	-0.437885477	0.659441471	0.867680087	-0.416904816	0.921690246	0.64931349	0.886775893	0.528831654	0.636669236	-0.127216024	0.337462145	0.634027698	-0.092083012	-0.130036876	0.397097319	0.550192711	-0.010227745	0.116025617	0.68303989	0.554710002	0.72573803	0.810944015	0.587206856	0.765010672	-0.323643708	0.125183268	0.427617861	0.823628978	0.456956329	0.398659757	0.60061506	-0.522338691	-0.06141347	0.229783349	0.078212985	0.586717759	0.518994636	-0.494266089	0.015823706	0.376795114	0.710944352	0.43890032	0.549705103	0.51383979	0.383078535	0.569933269	0.172599356	-0.07470711	0.524164143	0.553900845	0.683619075	0.629259722	0.269714087	0.231054606
0.791675911	-0.196786761	0.355672108	0.287760789	0.334961188	0.60069898	0.356149913	0.671708223	-0.637814531	-0.140075255	-0.231906125	-0.168244294	-0.260189167	-0.268191231	-0.79785655	0.085423752	-0.280679346	0.095835228	-0.272027864	-0.343789358	-0.18786994	0.253581681	0.545510382	-0.403610308	0.135452212	-0.327802646	-0.471103241	-0.145410142	-0.567161153	-0.376572561	-0.491562181	-0.684887022	0.302919953	-0.232528613	-0.536224536	-0.986844139	-0.500770879	-0.050244192	0.546341313	-0.531423512	-0.650396327	-0.722051901	-0.989057891	0.577905696	0.418443359	-0.424404591	-0.323322083	-0.688837095	-0.083400266	0.108938067	-0.522836204	-0.791904067	-0.685720989	-0.91231566	-0.590073644	-0.582234686	-0.578316294	-0.730974441	0.464355214	-0.499533451	-0.264592367	0.401018477	-0.436345595	-0.937284901	0.134221065	-0.254950018	-0.287155126	-0.872542303	-0.732788482	-0.811071088	-0.019349635	-0.6525138	-0.478189432	-0.326314782	-0.263849307	-0.300075225	-0.5876214	-0.197754684	-0.206014201	-0.89951726	-0.496298451	-0.03274821	-0.487392116	-0.059333934	-0.192585877	-0.973590635	0.766671816	-0.562428638	-0.871199414	-0.890254066	0.786350351	-0.99470252	0.191994326	-0.91665052	-1	-0.999208224	0.061602857	0.622236092	-0.879756277	-0.90977535	-0.665168289	-0.62771101	-0.358143246	-0.487482696	-0.67410332	-0.711545863	-0.437030026	0.243377753	-0.46975895	-1	-0.937759036	-0.556757433	-0.813236773	0.514958234	1	0.840190871	0.60670446	-0.038122502	0.505929303	0.57997655	0.631191577	0.94587529	0.640795634	0.591571924	-0.53840098	0.294158805	-0.132466424	0.952959081	-0.879318472	0.848916919	-0.823705822	0.273969046	-0.869459256	0.804983087	0.246765762	0.091605399	-0.593397879	-0.509874791	-0.56310153	0.495751142	0.510933055	-0.602255709	-0.715063372	0.474038614	0.233081973	0.859781617	-0.4063674	-0.155603911	0.99783971	0.741508189	0.003130227	0.836451346	-0.045467558	0.216265744	-0.685625373	-0.371689909	-0.146920121	1	0.734465245	0.058850691	0.485153062	0.629185765	-0.152850769	-0.860069728	0.240749941	0.695420508	0.385750968	-0.286993633	0.469500597	0.720073491	0.25108532	0.668081811	-0.26462775	-1	0.0663925	0.576360659	0.947542944	0.61415612	-0.874260022	-0.806585189	0.455160697	-0.948212702	0.460487992	0.70781093	-0.106051903	0.646650214	0.768205988	-0.731703998	-0.690213622	0.828863545	0.475370878	-0.926185467	0.992082985	0.446286021	-0.38729158	-0.033772464	-0.693529894	-0.825713766	-0.792820477	-0.789094067	-0.623044708	-0.490939573	-0.202961075	-0.672241763	0.704105762	0.121344866	-0.106549505	-0.826144873	-0.078433024	-1	0.932393148	1	0.85645009	0.078863665	-0.828062634	-0.98501161	-0.980008096	0.028013414	0.107291788	-0.362467819	0.60087864	-0.501085705	0.640351542	-0.18596739	-0.960324911	-0.1326618	0.895110811	0.566738882	0.31270531	-0.624366696	1	-0.329074311	1	0.809973608	0.20061166	-0.130222293	0.336855659	0.591124747	0.23249394	-0.71921556	0.731508467	0.406128857	0.358587577	0.23976941	0.19590574	0.749216302	0.915072238	-0.431911028	-0.180979965	-0.916244516	-0.862630291	0.799218379	-0.836156178	0.389823413	0.737896704	0.959686344	0.635146596	-0.658676437	-0.688485669	-0.189023287	0.699359001	0.795222533	-0.829921008	0.372678688	-1	0.072309802	-0.444704891	0.040147186	0.794476722	0.436867485	0.423032247	-0.88548466	0.920180965	-0.645483395	0.537097335	0.699972678	-0.151378969	0.772668081	-0.687721428	-0.120460715	-0.182704077	-0.680558756	-0.591875674	-0.816642015	0.777360297	1	0.223806738	-1	0.334547801	0.032981497	0.897827411	1	0.526742592	-0.432018908	0.084557483	0.430645989	0.634150772	0.218624454	0.958289079	0.901180811	0.89022884	0.865835505	0.944780321	0.792656816	0.214857804	-0.66996148	0.367500023	-0.366432279	0.404836121	0.58257453	-0.361064559	-0.503741486	0.554063483	0.871482464	-0.302785649	0.885008091	-0.016904736	0.937774716	0.627188247	0.73286828	-0.469773987	0.318242941	0.698000753	-0.378069837	-0.396802427	-0.014918645	-0.461514953	0.22863041	-0.699504254	0.791196662	0.487296275	0.778835388	0.753909369	0.783360357	0.865046955	-0.663308582	0.690471109	0.382158302	0.600614087	0.557480062	0.25412346	0.133767259	-0.807572338	-0.421833075	0.62431043	-0.006667265	0.652756393	-0.013330823	-0.326401558	-0.059448512	0.485992898	0.687824559	0.694237079	0.572830437	0.636309719	0.48157806	0.631511887	0.236547007	-0.901457484	0.781468891	0.804307289	0.538248401	0.811049384	-0.113856104	0.328282987
1	-0.109462885	-0.056187269	0.145242763	0.024222535	0.739126639	0.402405655	0.405589508	-0.800699492	0.795151918	-0.231888949	-0.286853964	-0.366287171	-0.390402377	-1	0.228013745	-0.420781334	0.120976422	-0.419351569	-0.388132327	-0.266429105	0.368644157	0.687641991	-0.535906931	0.573422147	-0.278224969	-0.638303298	-0.07080969	-0.767637879	-0.490729276	-0.490353605	-0.553079242	0.377988267	0.065590108	-0.635599321	-1	-0.578100525	0.028467616	0.462206518	-0.710623857	-0.861359029	-0.887834814	-1	0.785416169	0.542478699	-0.490384421	-0.31551047	-0.895620295	0.079130151	0.388992423	-0.520446924	-0.811933352	-0.838412141	-1	-0.465741126	-0.728961791	-0.461406317	-0.76996711	0.505037261	-0.563638436	-0.090600169	0.538511201	-0.320096973	-0.924510937	0.189425262	-0.250747082	-0.084928342	-0.822305075	-1	-0.716757487	-0.138691892	-0.724048005	-0.501969575	-0.259197954	-0.288175175	-0.264415264	-0.504320926	-0.265190344	-0.212820154	-0.924480965	-0.572281133	-0.183215096	-0.335496507	-0.055039224	-0.218131908	-1	0.742458593	-0.586640687	-1	-1	0.682472314	-0.930289843	-0.015908359	-1	-0.998485462	-1	0.141051627	0.658096786	-1	-0.908806065	-0.661632426	-0.555609998	-0.474848986	-0.461968548	-0.833155895	-0.733263894	-0.307990762	0.361872499	-0.235289899	-0.650704825	-0.784818755	-0.413116797	-0.843902972	0.725670018	0.996391983	0.955316576	0.596124778	0.311634508	1	0.692732854	0.961968148	1	0.798493434	0.357786504	-0.838141537	0.303579102	-0.208902453	0.959139663	-1	0.928407618	-0.578243647	0.564005031	-0.886486728	0.120809019	0.132645027	0.103507035	-1	-0.438761192	-0.368593091	0.73884296	1	-1	-0.594880544	0.547099166	0.08315167	0.579144618	-0.430968702	-0.225551681	1	0.966742571	-0.244166261	0.613959678	-0.113541908	0.240663443	-0.744995198	-0.363778353	-0.477304151	0.967461732	0.932790022	0.243681749	0.561256615	0.536371728	-0.126341839	-1	0.129767611	0.822833389	0.48036437	-0.482591262	0.77774882	0.770359525	0.26844274	0.713534197	-0.224246368	-0.983093705	0.242203201	0.82671358	0.808686922	0.472011427	-0.843816229	-0.801242647	0.435158487	-0.911403422	0.549245206	0.953200437	-0.080743831	0.715184712	0.864221418	-0.657765484	-0.681863154	0.895176911	0.368073092	-0.876155423	1	0.018241472	-0.597254816	-0.089102733	-0.824156961	-0.880597199	-1	-1	-0.658075988	-0.658570387	-0.402963805	-0.955970636	0.602307315	0.029610194	-0.137914538	-1	-0.560894256	-0.898177751	1	0.992272443	1	0.64009278	-0.867114525	-1	-1	-0.104383759	0.395574322	-0.49084826	0.540735663	-0.539174401	0.657838976	-0.41257434	-1	-1	0.86301473	0.943513826	0.633343331	-0.437761839	0.993377864	-0.374553155	0.934701528	0.835036134	0.582887187	-0.035440644	0.749860947	1	0.003791846	-0.818745056	0.967591184	0.256836667	0.276111925	0.768396512	-0.006778378	0.985363059	0.985227197	-0.249316004	-0.467448186	-0.838986272	-0.74027899	1	-0.875282266	0.396924627	0.851094378	0.410252663	0.712657926	-0.723249863	-0.899695983	-0.241260212	0.706940283	0.827930885	-0.753078568	0.892980379	-0.900938077	0.171774999	-0.379274807	0.144014812	1	0.353670866	0.327096212	-1	1	-1	0.629887344	0.558064298	-0.406344953	1	-0.513145395	0.123843951	-0.140544607	-0.852199211	-0.832418587	-1	0.615799802	0.766207248	0.027836641	-0.893679488	0.493123785	-0.154055151	0.747012797	0.934120292	0.485629157	-0.728921995	0.110499964	0.386722766	0.862057875	-0.006546786	0.747403535	1	0.948102284	0.752159708	1	0.756464507	-0.762189664	-0.706704302	0.434138972	-0.654287348	0.558741571	0.832624256	-0.591627962	-0.845188367	1	0.883275761	-0.641628193	0.768166985	-0.046189269	0.967515905	0.7276916	0.788077815	-0.701396984	0.310985029	0.752938167	-0.452177561	-0.638593579	-0.063205524	-0.702427392	0.0942017	-0.77593181	0.468281675	1	0.636316428	-0.108136551	0.859498275	0.931765388	-0.344343397	1	0.472881819	0.985261334	0.815399569	0.372382636	0.188828676	-0.908292662	-0.182061061	0.594732793	-0.073940917	0.659974648	-0.110352741	-0.349711781	-0.227755762	-0.361110962	0.675207279	0.663858548	0.802186106	0.697156927	0.649556843	0.695498333	0.243236155	-0.385091724	0.7730664	0.78456805	0.90148962	1	-0.16608197	-0.273110335
0.927341428	0.126943614	-0.057326086	0.155885824	0.190480096	0.796165984	0.278735591	0.674527251	-0.686322169	0.873791935	-0.38752783	-0.433962288	-0.526625854	-0.536748738	-0.893933194	0.055430263	-0.547218654	-0.063584666	-0.528547311	-0.561567424	-0.517025016	0.478540214	0.854769062	-0.663474133	0.768889782	-0.492988456	-0.722209889	-0.118811689	-0.617500543	-0.717334241	-0.631061436	-0.616467229	0.57443608	-0.386633777	-0.646051303	-0.936172799	-0.332802883	-0.035256867	0.628823753	-0.697401453	-0.868625561	-0.990761718	-0.769807357	0.839224578	0.63474978	-0.620464739	0.140534394	-0.870611435	0.53769599	0.420893453	-0.351887704	-1	-0.849125506	-0.588951984	-0.442007903	-0.703388667	-0.61233077	-0.842392414	0.673612619	-0.765753206	0.137077656	0.656161636	-0.304339562	-0.809265767	0.149884348	-0.286849482	-0.189659558	-0.753094521	-0.727931224	-0.543023543	-0.184958713	-0.687267596	0.132262055	-0.486485143	-0.475794782	-0.376656379	-0.355187782	0.051671979	-0.464607783	-0.831538612	-0.605703242	0.063304642	-0.441728989	-0.077529559	-0.340258596	-0.997819334	0.874149826	-0.621620032	-0.839298634	-0.734119271	0.571403187	-0.608738013	-0.064382424	-0.924115388	-0.789748935	-0.919601483	0.226309697	0.637954001	-0.721357898	-0.423118462	-0.725734623	-0.625201934	-0.180595897	-0.538163176	-1	-0.786795397	-0.553316322	0.11121206	-0.144875258	-0.064487348	-0.997092865	-0.587972262	-0.564170081	0.616294354	0.80980368	0.962410769	0.679631943	0.457217539	0.85106984	0.612027215	1	0.895750498	0.882165717	0.115837725	-0.874094936	0.168527436	-0.401508864	0.904493671	-0.53789986	0.525465335	-0.631860428	0.568166211	-0.927499809	0.643515081	0.083951925	0.232854043	-0.71842627	-0.426478523	-0.538247679	0.717502086	0.958505393	-0.793599492	-0.56655507	0.489144835	-0.117104143	0.609540845	-0.376117385	-0.281643594	0.523480281	0.443366352	-0.207046889	0.565456113	-0.149307164	0.487249154	-0.765376668	-0.367116904	-0.222307594	0.781375732	0.85127281	0.220032688	0.35681766	0.616219617	-0.082990648	-0.721334327	0.338412094	0.824093318	0.603724105	0.205145991	0.86930388	0.615732313	0.08118909	0.717016566	-0.38145645	-0.864087388	0.255593838	0.636764439	0.961834914	0.508419859	-0.833030143	-0.764494659	0.527580916	-0.989580666	0.645171053	1	-0.144824622	0.637473919	0.960409774	-0.621904793	-0.595826549	1	0.377505597	-0.72498249	0.99091179	0.476654366	-0.306650908	-0.200732139	-0.898611906	-0.801518819	-0.691009362	-0.714908167	-0.662726632	-0.819865789	0.043477452	-0.761876427	0.550723598	0.265981518	-0.240510076	-0.783170896	-0.639562282	-0.988788029	0.925048034	0.981330895	0.901317146	0.432459053	-0.923368164	-0.987906072	-0.642156189	0.082224265	0.539978351	-0.339648068	0.38054177	-0.333322411	0.602537977	-0.531598844	-0.800390246	-0.514663026	0.713230267	0.381389884	1	-0.661939014	0.72778011	-0.570419697	0.827692956	0.737448734	0.27245319	-0.117242441	0.365683911	0.761955776	0.659137298	-0.873249443	0.937457189	0.716908165	0.196475934	-0.263380455	-0.050354196	0.908247049	0.915617551	-0.200221555	-0.413817079	-0.922448117	-0.870094191	0.684958053	-0.713312441	0.251192311	0.893848022	0.817173318	0.831882867	-0.70932937	-1	-0.266426554	0.731242954	0.644983595	-0.70504263	0.57641492	-0.752279574	-0.105938054	-0.196265582	-0.000164939	0.715314303	0.554527489	0.567601665	-0.901303119	0.987631804	-0.595774974	0.709679239	0.288006365	-0.084789565	0.973633664	-0.416841643	0.012314299	-0.689516556	-0.502343837	-0.55366975	-0.769664013	0.802722153	0.255598149	-0.01814442	-0.665100972	0.435365992	0.078791844	0.925158907	0.836687609	0.47581765	-0.706223704	0.330754937	0.382654827	0.999150078	-0.115368361	0.904856215	0.897917865	0.7142913	0.589976166	0.608927148	0.722519083	0.232649954	-0.617974243	0.448637085	-0.616336141	0.215569896	0.937947608	-0.676344988	-1	0.615309928	0.748092233	-0.571177199	0.760325743	0.258022863	0.90788755	0.669882186	0.738114662	-0.767243423	0.509735697	0.612940478	-0.522101139	-0.566586199	-0.385891987	-0.126282328	-0.156971171	-0.766757034	0.257351911	0.950669489	0.76126975	0.181325625	0.474405544	0.953946708	-0.855121096	0.492782743	0.531252803	1	0.648771609	0.421518882	0.175868468	-0.184655064	-0.258278281	0.685361017	-0.115950276	0.816976276	-0.153930344	-0.111110137	-0.216432272	0.242310104	0.986708913	0.88182832	0.783303535	0.714568418	0.877160367	0.756134865	0.639604583	-0.244606464	0.781314452	0.852245615	0.483255689	0.986617905	-0.345508226	0.447421012
0.826471879	0.204964022	-0.099229111	0.163168492	-0.127143871	0.936538198	0.209411965	0.863812178	-0.643868499	0.982342346	-0.341121781	-0.612506713	-0.639436874	-0.662408623	-0.749399613	-0.02029438	-0.71050049	-0.063149493	-0.744138654	-0.652347776	-0.473069781	0.605103123	0.880925696	-0.753734162	0.789967183	-0.534085213	-0.846175782	-0.291213565	-0.447339179	-0.659054651	-0.711619514	-0.671427263	0.847190316	-0.602773307	-0.600555315	-0.918880542	0.221509253	-0.13869539	0.614411678	-0.671667851	-0.899085521	-0.87209627	-0.591977746	0.992936928	0.786290484	-0.713621547	0.269620618	-0.846327075	0.386994967	0.553466947	-0.164367979	-0.927291532	-0.866587869	-0.41828149	-0.390953247	-0.787676098	-0.741423618	-0.774611904	0.43583057	-0.762186029	0.474273102	0.743021779	-0.486001083	-0.723880174	-0.068484332	-0.378320063	0.000744003	-0.695474258	-0.14774307	-0.369924301	-0.168374779	-0.624248948	0.104777195	-0.59489886	-0.575363725	-0.507973474	-0.203031189	0.280488779	-0.609870639	-1	-0.651052109	0.104085065	-0.491316838	-0.101298777	-0.497094137	-0.972209289	0.932846006	-0.688048033	-0.921472833	-0.707224161	0.334350521	-0.404951719	-0.094342291	-0.924529554	-0.845877316	-0.863580797	0.342828811	0.161107967	-0.39327155	-0.050166495	-0.821566455	-0.745264128	-0.244590257	-0.657824581	-0.550873552	-0.856976925	-0.744962209	0.03436367	-0.336036303	0.385761174	-0.85232622	-0.736116231	-0.685914414	0.446334565	0.582765923	0.870651765	0.78784294	0.298307996	0.555180638	0.425305488	0.820588094	0.896386096	0.751398933	-0.204114717	-0.739611392	0.268971149	-0.595578984	0.922931849	-0.641213664	0.656684264	-0.549840653	0.7612147	-0.90658201	0.749040615	0.085114252	0.175367696	-0.356918943	-0.547619123	-0.639921925	0.710035334	0.679482307	-0.880686943	-0.779466596	0.554227661	-0.263121147	0.851299088	-0.461661551	-0.31702872	0.371319648	0.856321454	-0.107226201	0.552125038	-0.159935245	0.071554336	-0.7749443	-0.305064838	-0.508533705	0.833271181	0.697540717	0.291470476	0.138087668	0.755586385	0.009685045	-0.752856756	0.545207418	0.751809063	0.310697189	-0.259619938	0.777889919	0.679282425	-0.035933386	0.629348277	-0.556740798	-0.733584512	0.264984582	1	0.952431407	0.574600143	-0.874796651	-0.878930452	0.512239488	-0.946697357	0.573681468	0.894327573	-0.175014407	0.763973124	0.889251855	-0.525799873	-0.565873505	0.949171583	0.346884824	-0.490962671	0.844289248	0.222475044	0.159943491	-0.385170329	-0.737045343	-0.945907962	-0.60675774	-0.574204446	-0.78744427	-0.809538047	0.371685907	-0.861622723	0.585120351	0.604590977	-0.368437171	-0.550473285	-0.512271998	-0.886637164	0.739062522	0.959947591	0.932774903	0.312681127	-1	-0.883072428	-0.436408631	0.468034512	0.586565916	-0.506094796	0.229535919	-0.126870663	0.604321837	-0.583387065	-0.48991323	-0.630614769	0.729479286	-0.393004374	0.637560271	-0.387218406	0.633097302	-0.724212732	0.811363745	0.578948272	-0.179155679	-0.315478546	0.565797378	0.7873007	0.880824469	-0.845700048	1	0.773541184	0.075232077	0.081037832	-0.456883067	0.884965261	0.942520748	-0.139454026	-0.055158282	-0.91139358	-0.965694587	0.16540342	-0.827526847	0.109684502	0.947529919	0.004458788	0.878711187	-0.695499314	-0.888106909	-0.620143544	0.797786436	0.467292218	-0.827397916	0.248767866	-0.774685017	-0.304081692	-0.13165989	-0.160561434	0.392452893	0.249554027	0.531521468	-0.949999562	0.933997882	-0.827664021	0.759590422	0.378474463	0.329161358	0.757025687	-0.762460591	-0.007479082	0.524614185	-0.038076572	-0.381980779	-0.376744699	0.839213	-0.017268567	0.358343744	-0.722362026	0.570288832	0.451275438	0.852048624	0.739577754	0.583741834	-0.589657377	0.286295248	0.720559024	0.80959554	0.191296167	0.616909867	0.765750752	0.962693676	0.597052051	0.696270231	0.979765885	-0.471222392	-0.489359916	0.523476921	-0.563400881	0.091368838	0.635836436	-0.62443272	-0.932147056	0.667949532	0.714291524	-0.734023717	0.669028321	0.104829801	0.834741772	0.679228872	0.77596258	-0.708454552	0.690843299	0.520774153	-0.66989099	-0.637345651	-0.334135428	-0.529781535	-0.360940927	-0.518522588	-0.177513833	0.591936272	0.784870023	-0.054739179	0.965926351	0.954319142	-1	0.709667184	0.777262507	0.771137571	0.504095817	0.390954829	0.254349201	-0.205366642	-0.748865286	0.367915371	-0.219054705	0.807559338	0.640212207	-0.019456427	-0.209169132	0.665794473	0.926771462	0.970520042	0.678082851	0.725593564	0.683624984	0.948705283	0.662029368	-0.403234907	0.904275055	0.830630084	0.806298993	0.986627062	-0.462069015	0.490176708
0.955225155	0.084535606	-0.35545507	-0.525743412	-0.020372471	1	0.005808243	0.95480618	-0.3703449	1	-0.526354347	-0.837850072	-0.775333892	-0.843623212	-0.59895649	-0.195413991	-0.830687471	-0.210866746	-0.866974521	-0.830448689	-0.439640437	0.659973548	0.998729238	-0.907455782	0.717197997	-0.788090489	-0.896876493	-0.314748002	-0.261223218	-0.54472396	-0.909961451	-0.861134166	0.680998177	-0.873485872	-0.572067421	-0.987159693	0.175183772	-0.213780094	0.852608844	-0.671460525	-0.952148321	-0.896804762	-0.366776585	0.978206881	0.951482368	-0.878500288	0.58437158	-0.837462844	0.782596612	0.644792297	-0.048249386	-0.923661754	-0.905074654	-0.146975043	-0.269685453	-0.855158442	-0.82457553	-0.90187997	0.561918814	-0.791441711	0.331096635	0.66218718	-0.700272271	-0.616313344	-0.492919546	-0.480424246	-0.143689686	-0.603058387	0.008291068	-0.299140213	-0.556368235	-0.678862689	0.810941399	-0.839732497	-0.797033693	-0.840842049	-0.105233896	0.553353681	-0.861405674	-0.707068753	-0.762177607	0.698543551	-0.596938905	-0.128686685	-0.60620118	-0.972091493	0.923971265	-0.748805511	-0.978973156	-0.816197412	0.433274054	-0.077075726	-0.19991251	-0.934443613	-0.949653234	-0.779591577	0.577816014	0.29750119	-0.231753734	0.391669181	-0.783938143	-0.613072683	-0.223860197	-0.610301906	-0.930926119	-1	-0.603437909	-0.243027486	0.010361827	-0.595816998	-1	-0.624718361	-0.588009467	0.405415191	0.474911272	0.81844007	0.686160901	0.465565787	0.568854492	0.479013246	0.947165826	0.89412472	0.846670449	-0.327225124	-0.995354888	0.006889141	-0.76120587	1	-0.065739032	0.929944123	-0.003571257	0.845341943	-1	0.616996553	0.123129344	-0.127818254	-0.071013319	-0.660713	-0.779164481	0.662326154	0.075698161	-0.629238383	0.112059389	0.470745983	-0.487492307	0.911160185	-0.362116931	-0.716586428	0.318689526	0.448702997	-0.084747619	0.45609749	-0.2495834	0.247598413	-1	-0.392946192	-0.697486854	0.555787344	0.524016421	0.343823887	-0.058444667	0.870589321	0.109886067	-0.816240167	0.801103217	0.808053993	0.291278746	-0.026153879	0.997304041	0.23606447	-0.261349214	0.621539971	-0.713748819	-0.58609134	0.262489792	0.624841118	0.901195042	0.573800647	-0.87169901	-0.837615581	0.600795268	-0.923082271	0.717532572	0.934551064	-0.235594743	0.870303403	0.982269586	-0.513691879	-0.529296213	0.918274354	0.346161541	-0.256059813	0.90126543	0.522519223	0.231448926	-0.451672889	-1	-0.910969094	-0.388280422	-0.38985887	-0.928897981	-0.825722416	0.364383204	-1	0.576182436	0.887576684	-0.502765822	-0.242186462	-0.686072971	-0.470474166	0.675459056	0.904681768	0.977159593	0.093903434	-0.795841231	-0.754422138	-0.173292736	0.661735451	1	-0.477940663	-0.107624592	0.15576779	0.459585857	-0.651815193	-0.011575778	-0.383177105	0.812759297	-0.461735625	0.596256899	-0.410125769	0.659043796	-0.957221389	0.856616463	0.447003293	-0.12179677	-0.468389404	-0.075712711	0.714716981	0.7468722	-0.811229253	0.920539609	0.625893833	-0.079392412	0.575489886	-0.447268095	0.930542056	0.774573279	-0.044718148	-0.037667456	-0.981364409	-0.92281658	-0.001309698	-0.614477967	-0.002187567	0.984644534	1	0.943514882	-0.731173808	-0.994737132	-0.494353216	0.867497377	0.246007096	-0.537066754	0.493659825	-0.734450033	-0.368267968	-0.17132065	-0.255641119	0.30272908	0.109371787	0.71432605	-0.792556381	0.916906942	-0.291194592	0.837453786	0.6385488	0.74101613	0.484383523	-0.579507432	0.105427534	0.216689824	0.331471033	-1	-0.300747781	0.944391758	0.29999311	1	-0.544885577	0.74668995	0.654398648	0.843257193	0.599920001	0.630901403	-0.730493545	0.581575131	0.679098427	0.591747933	0.151045562	0.419249471	0.682098232	0.880302192	0.66364661	0.597766414	0.85595806	-0.971789444	-0.183005058	0.679787243	-0.907398631	-0.442772933	0.098889545	-1	-0.808365624	0.746443766	0.555191279	-1	0.648523116	0.350051043	0.886617726	0.690382442	0.748744902	-0.850017988	0.832245368	0.425883886	-0.682986149	-0.55164334	-0.456393617	-1	-0.682856093	-0.673880568	-0.398798685	0.378230851	0.976549933	0.642962988	1	1	-0.971493032	0.581122662	0.813042542	0.899455487	0.832126802	0.486570796	0.267510287	0.018512072	-0.453640125	0.114488348	-0.274787377	0.81338957	1	0.463237709	-0.557460679	0.28058287	0.774212745	0.994061341	0.851088223	0.944891497	0.929855075	0.46340972	0.530991227	-0.013706	0.846292773	0.877801238	0.34599842	0.993587554	-0.619255917	0.96445381
0.882134671	0.241908141	-0.776655545	-0.529844283	-0.516131446	0.980072033	-0.195392913	0.905616813	-1	0.904615101	-0.613615275	-1	-0.957743068	-0.878168841	-0.501267758	-0.243479846	-0.978343968	-0.259086165	-0.897920329	-0.95008671	-0.557423186	0.648668998	0.984517149	-0.995382966	1	-0.885230433	-0.990866636	-0.364450945	-0.161439503	-0.474581714	-0.971692495	-0.710551848	0.716331184	-1	-0.767292408	-0.823050519	0.493211327	-0.280009411	1	-0.659063061	-1	-1	-0.152158709	1	1	-0.83728052	0.783497114	-0.821248764	1	0.883472779	0.134827232	-0.955194703	-1	0.040847333	-0.385440007	-0.933681434	-1	-0.915122327	0.629791003	-0.626954653	0.980177791	1	-0.74200614	-0.513025263	-0.63812787	-0.306105279	0.040008361	-0.55433959	0.731892621	-0.009508845	-0.541230435	-0.603114468	0.408859066	-1	-1	-0.878178672	-0.00504937	1	-0.948727832	-0.840996516	-0.791003487	1	-0.734742435	-0.153730448	-0.761854222	-0.969764825	1	-0.779919717	-0.749710663	-0.653491904	0.34769192	0.154639167	-0.321523875	-0.855636025	-0.747054785	-0.714580833	0.696067782	0.202733185	0.068067972	0.709804842	-1	-0.279296939	-0.154662283	-0.72874078	-0.661071245	-0.994531889	-0.653395827	-0.261385518	-0.310203863	0.681452247	-0.752683142	-0.655386999	-0.545445591	0.306625553	0.295614683	0.892413282	1	1	0.578867274	0.33744999	0.82897576	0.969476358	0.873018061	-0.692900534	-0.254314783	-0.168550459	-1	0.992761858	-0.173977539	1	0.265618329	0.886616263	-0.925668045	0.497483551	0.119518059	0.06604934	0.268002413	-0.715345214	-0.865247816	0.713702389	-0.028993509	-0.602194268	-0.061134435	0.452355102	-0.629548216	1	-0.430137817	-0.479754946	0.274821711	0.683986004	-0.287020988	0.367602737	-0.345711772	0.71412701	-0.918206044	-0.30477715	-0.420898141	0.526578299	0.301942094	0.431662983	-0.235240305	0.865201193	0.235617355	-0.515525252	0.949519263	1	0.085569812	-0.144392257	1	0.276753979	-0.368980629	0.600649218	-0.774338752	-0.461611188	0.21085955	0.942243282	0.959290245	0.575248003	-0.867806304	-0.88741803	0.643992702	-0.878585238	0.778010979	0.969648775	-0.220740807	0.783968235	1	-0.447392161	-0.521926299	0.998224664	0.327580814	-0.228775361	0.857746884	0.999912454	0.538121009	-0.642410103	-0.949031566	-0.924411629	-0.406045699	-0.171518288	-0.897087735	-0.83047458	0.65037465	-0.920726728	0.572109413	0.875712654	-0.442246184	0.04444725	-0.847882765	-0.442776873	0.517397753	0.811442951	0.997494166	0.273237435	-0.911951002	-0.729476135	0.105834069	0.753891759	0.499749262	-0.487114805	-0.302142767	0.381708806	0.653907536	-0.809520899	0.041057806	-0.394552015	0.620805243	-0.429755187	0.552703647	-0.188801466	0.519832678	-1	0.771744258	0.336564108	-0.759546128	-0.582290457	0.305944252	0.600101331	1	-0.796317151	0.824690636	0.885190794	-0.078498162	0.600644815	-0.663714444	0.795552374	0.750647724	-0.018499661	0.027309508	-0.972939822	-0.876819772	-0.294691137	-0.452685389	-0.206257126	1	0.706418392	1	-0.72510298	-0.982558309	-0.805988193	0.382167475	0.133351003	-0.823430684	0.560247301	-0.74776471	-0.561219534	0.031384657	-0.297844015	0.241780316	0.252564709	0.673733254	-0.790138084	0.899475291	-0.040940227	0.825290294	0.282189938	0.706276811	0.567955735	-0.531031678	-0.241233925	0.204856542	0.613340065	-0.801750258	0.216976208	0.702284842	-0.021455745	0.430170412	-0.497511351	0.837240131	0.242567964	0.849242265	0.696781142	0.771156477	-1	0.466815326	0.752019093	0.576242452	0.188691816	0.197586163	0.559313846	0.749602721	0.516475085	0.662066448	0.562170893	-0.349458661	-0.351037369	0.718827162	-1	-0.718938148	0.203134717	-0.776355526	-0.612386574	0.550228808	0.649683412	-0.960915955	0.600968529	0.643283792	0.700066559	0.604849668	0.722883902	-1	0.998159336	0.344229321	-1	-0.630507406	-0.634114714	-0.300925019	-0.733016819	-0.544342872	-0.668019258	0.619063659	1	0.499694686	0.886860754	0.986561351	-0.600191868	0.578160787	1	0.570205788	1	0.107818023	0.10422421	0.65603237	-0.310766245	-0.04422538	-0.435453616	0.915274941	0.516452741	0.526692072	-0.481283097	0.754011503	0.765997421	0.589645196	0.993154688	0.642275541	1	0.67265225	0.546303885	0.283382212	1	0.938786827	0.931845559	0.988313958	-0.405947459	1
0.773391661	0.542946298	-0.389133828	-0.713388411	-0.477519681	0.953297049	-0.216428962	1	-0.470440093	0.883945927	-0.713403014	-0.860229534	-1	-0.951055126	-0.40206914	-0.31713932	-0.969324831	-0.43905553	-0.892744387	-0.942363752	-0.408737528	0.784850338	1	-1	0.674655787	-0.928769141	-1	-0.118455254	-0.339101427	-0.450953002	-0.76816844	-0.837068086	0.594102299	-0.492242415	-0.809621917	-0.669363885	0.185441029	-0.31788152	0.98651292	-0.672112383	-0.865413173	-0.911169364	0.073560464	0.991694133	0.82495925	-1	0.823059626	-0.676710177	0.400253956	0.783414875	0.389411128	-0.864062915	-0.900758558	0.2443993	-0.452369516	-0.979162806	-0.833271887	-0.91418977	0.828702745	-0.669493901	1	0.963695345	-0.564278622	-0.535274102	-0.296117925	-0.595458364	-0.448897707	-0.564887376	0.622036059	-0.222801478	-0.57289376	-0.832330202	0.889230209	-0.968260379	-0.943547499	-0.908604321	-0.071873159	0.720418707	-1	-0.590502464	-0.82556548	0.663196785	-0.707633328	-0.249321992	-0.763465796	-0.886125818	0.967712465	-0.816979773	-0.818444587	-0.765936826	0.550908409	0.32597169	-0.490921211	-0.812050355	-0.684795304	-0.757459383	0.576976074	0.400256879	-0.199348119	0.492653597	-0.773406627	-0.145353015	0.250546004	-0.792457204	-0.612643061	-0.622821034	-0.586171271	-0.169278389	-0.623960321	0.121928077	-0.741112174	-1	-0.486093177	0.275254145	0.196170909	0.895160874	0.714757726	0.68931932	0.797515017	0.564715432	0.771448488	0.914638368	0.944885733	-0.432991476	-0.220995635	-0.102258881	-0.506524865	0.985010054	-0.088127067	0.776306545	-0.072948251	0.756826428	-0.778441188	0.794481826	0.060916647	0.194745109	0.213133285	-0.802189527	-0.65367434	0.54801266	0.175395069	-0.431034827	-0.050764675	0.213431305	-0.428000529	0.741911899	-0.52228215	-0.654486595	0.42945105	0.649346099	-0.126558385	0.408616041	-0.346367893	0.353041786	-0.819487114	-0.42841606	-0.562014506	0.670799152	0.254206902	0.304249968	-0.054859362	0.930904166	0.083797163	-0.67491857	0.892763215	0.842182843	0.44380706	-0.127272138	0.720711758	0.332350867	-0.502586247	0.537656762	-0.53169442	-0.410193043	0.112368224	0.711359866	0.827577884	0.403900096	-0.908743703	-0.703395926	0.685330005	-0.935554128	0.415809914	0.722343485	-0.497353171	0.630530526	0.972369971	-0.314750382	-0.421535751	0.999002975	0.349166761	0.140597309	0.826551582	0.706367656	0.238467768	-0.651698608	-0.979047598	-0.853288511	-0.291885789	-0.101077746	-1	-0.87954019	0.756691618	-0.758904429	0.597524233	1	-0.69871278	-0.025357821	-0.682017995	-0.286712179	0.55446883	0.866378967	0.795404805	0.070808311	-0.796669187	-0.342804043	0.188803323	0.903510764	0.513783157	-0.608399949	-0.117520173	0.262494256	0.791758477	-0.667019352	0.292059005	-0.367898046	0.83758142	-0.737756943	0.447479915	0.121428787	0.54678882	-0.693909999	0.769796945	0.316444591	-0.34033132	-0.460410104	0.155450923	0.651845539	0.984903628	-0.670779846	0.889383811	0.804739783	0.027916697	0.473924957	-0.533337371	0.853022814	0.763318016	-0.258731486	-0.100553248	-1	-0.63171401	-0.229703295	-0.712424515	-0.298531546	0.957675534	-0.410855439	0.91839018	-0.781524219	-0.823304782	-1	0.63961948	-0.136357909	-0.885624689	0.692298575	-0.940111056	-0.704867168	-0.247833779	-0.147553364	0.13013585	0.080235486	0.797523374	-0.820333078	0.858251753	0.072266159	0.848758492	0.379757062	0.98923753	0.756076794	-0.601340617	-0.216574335	0.19607268	0.726653972	-0.940557687	-0.045535958	0.873806406	0.337857837	-0.036365666	-0.336332737	0.882537671	0.617352093	0.928486584	0.513965962	0.799146711	-0.648973826	0.685310819	1	0.61829263	0.264593381	0.321620633	0.489383692	0.963136553	0.580207134	0.317011883	0.715576137	-0.136393497	-0.208258664	0.727243307	-0.648968542	-0.76341892	0.218897627	-0.410925959	-0.177851769	0.625493496	0.58354413	-0.877377868	0.521374643	-0.09376651	0.716798867	0.890111571	0.639152755	-0.711757618	0.997896943	-0.036370364	-0.662035493	-0.104956298	-0.392991148	-0.30019846	-0.203619965	-0.427199536	-0.753867444	0.814694813	0.783723211	0.061883193	0.78261938	0.891857035	-0.616038532	0.894305241	0.843808718	0.789231934	0.957195588	0.069426887	0.257012683	0.168649373	-0.564822616	-0.19939222	-0.639264522	0.930005792	-0.403292235	0.721855554	-0.563113502	-0.310424962	0.828383111	0.869580665	1	0.824411571	0.28785351	0.672307582	0.826254688	0.668957174	0.787610396	1	0.498608271	0.984985502	-0.902758389	0.423369332
0.354223234	0.766007282	0.07170897	-0.846132129	-0.524788474	0.826073497	-0.451252104	0.93281822	-0.385552609	0.971610154	-0.566005672	-0.693526335	-0.99572666	-1	-0.348991487	-0.228729968	-0.967796144	-0.659602701	-0.935139459	-1	-0.855867924	0.670958234	0.962091654	-0.989419066	0.860673506	-1	-0.988153479	0.292374299	-0.619922268	-0.46219252	-1	-1	0.625831975	0.126702919	-0.778358857	-0.525295392	0.245039767	-0.407614587	0.705139799	-0.681843737	-0.648914349	-0.754228505	0.279718197	0.940767768	0.705670061	-0.857897371	0.502146091	-0.491263434	0.176650923	0.898198222	0.616949148	-0.755358236	-0.704759916	0.114940516	-0.592754589	-0.975992224	-0.705446384	-0.940572005	0.868182763	-0.913361749	0.685958047	0.838174569	-0.536223255	-0.559907026	-0.604036233	-0.704352055	-0.583676182	-0.572771876	0.62685142	-0.381846194	-1	-0.788006534	0.825515864	-0.874713695	-0.93784988	-0.940731917	-0.184330242	0.435179791	-0.867542227	-0.493865173	-1	0.613463236	-0.753449313	-0.35903456	-0.820696385	-0.895613611	0.994330704	-0.808120286	-0.949291924	-0.602864424	0.593073243	0.415226959	-0.839034414	-0.811861943	-0.630108269	-0.794187811	0.636918907	0.579846821	-0.226794894	0.182223255	-0.643165772	-0.459083473	0.499512837	-0.841697868	-0.710639637	-0.236671892	-1	-0.43883343	-0.163761657	-0.127651958	-0.738329318	-0.756622677	-0.521488395	0.361072387	-0.061569663	0.925156995	0.736362732	0.627916163	0.452031503	0.551501264	0.652453317	0.815717703	0.952111726	-0.259503179	-0.196959638	-0.194387208	-0.022703041	0.908938319	-0.309291337	0.189221099	0.058993616	0.590103038	-0.58164822	0.996133896	-0.072460516	0.247637387	0.296056668	-0.817512811	-0.309838745	0.903059522	0.523366519	-0.055121381	0.436022344	-0.032014324	-0.006218888	0.548884235	-0.640686502	-0.738749668	0.299088706	0.71155315	-0.284002299	0.456892158	-0.312523481	0.471060023	-0.798496475	-0.442985766	-0.577015948	0.54209182	0.50085108	0.201448122	0.13357096	0.869554727	-0.174325538	-0.737384764	0.952158773	0.68349869	0.618204006	-0.535428542	0.684570773	0.135658692	-0.657647435	0.474569686	-0.213474607	-0.345878455	0.061387481	0.655468286	0.932703964	0.191963534	-0.944561267	-0.799908727	0.59102117	-0.897620732	0.132851312	0.853808243	-0.643546489	0.641058202	0.726007224	-0.184756014	-0.413657089	0.8368013	0.253946227	0.299685112	0.898362661	0.385477704	0.168789861	-0.798045972	-0.84559177	-0.912014954	-0.470913767	-0.163468271	-0.864371594	-0.837780028	0.811576062	-0.543292397	0.744304667	0.914532765	-0.694035832	-0.088422441	-0.771972851	-0.159840444	0.625946139	0.926671092	0.635191694	-0.036891709	-0.828879154	0.097370367	0.251691373	0.910577141	0.441467298	-0.765763694	-0.338178816	0.127754003	0.892159836	-0.7346968	0.086622141	-0.357146244	0.860680036	-0.283785536	0.305734148	-0.123036566	0.483316068	-0.631760251	0.68950316	0.276679768	-0.782477799	-0.369392276	0.192338081	0.408510513	0.634333037	-0.671389439	0.950035219	0.650329511	0.258510283	0.606324742	-0.404319422	0.706461612	0.669804164	-0.483882994	-0.295931405	-0.932845116	-0.840888449	0.108240252	-0.346884305	-0.280785911	0.975189959	0.052397834	0.842660779	-0.829308963	-0.784547857	-0.929877272	0.568128344	-0.565271519	-0.673779731	0.80671706	-0.839016395	-0.679736164	-0.395767517	0.10400445	0.307537558	-0.137209754	0.878070032	-0.943552931	0.842377396	0.286510697	0.845827313	0.264795329	1	0.724994847	-0.827195215	-0.30963707	0.044637618	0.770573161	-0.256169024	-0.414766682	0.768141267	-0.445874793	0.255806951	-0.571638086	0.766163026	0.728076101	1	0.363785162	0.900404475	-0.847874051	0.55191121	0.950526725	0.803944138	0.296860691	0.627225296	0.418273869	0.819128777	0.821307035	-0.182463907	0.76861949	-0.403508906	-0.540158248	0.743722075	-0.22973131	-0.74978227	0.448083299	-0.477771086	-0.413976549	0.464721844	0.784412937	-0.596414423	0.574794326	1	0.840448235	0.616044955	0.446369471	-0.735326808	0.974200218	-0.333816485	-0.625012975	0.198665833	-0.346739491	-0.060669785	0.225680075	-0.322850408	-1	0.509484997	0.719952024	0.53797745	0.688830802	0.807708217	-0.578866032	0.629966445	0.738782229	0.633985784	0.809575468	1	-0.09475454	-0.520497541	-0.852670845	0.34245649	-0.664885913	0.883941306	-0.218011148	0.812851543	-0.708235485	-1	0.715795514	1	0.891404606	1	0.642598029	0.564659699	0.681489302	0.309268906	0.893452908	0.932998177	0.426764746	0.896928197	-0.620383588	0.704320939
-0.234863381	0.665335911	0.310277313	-0.751740976	-0.66894988	0.828921758	-0.511384725	0.755478316	-0.190429806	-0.495398799	-0.72997093	-0.48348765	-0.989568438	-0.961820424	-0.252752571	-0.30758198	-0.971474677	-0.775804109	-0.864798596	-0.927439971	-0.547440811	0.459940822	0.979904481	-0.961808356	0.729722156	-0.848444632	-0.987858456	0.487300115	-0.731597984	-0.442540006	-0.741750041	-0.658954	0.737312047	-0.251948662	-0.852887216	-0.301215452	0.099695565	-0.529916312	0.852069318	-0.775552089	-0.701966998	-0.653575326	0.463398088	0.8222421	0.606485551	-0.912205212	0.315560691	-0.360382339	-0.196381412	0.798672606	0.800543553	-0.845290624	-0.735285241	-0.105320401	-0.709118448	-1	-0.548685037	-0.975162032	0.744830117	-0.867420709	0.987910892	0.943444307	-0.321935815	-0.612874304	0.343377248	-0.807343301	-0.871822681	-0.635072646	0.966056757	-0.469066448	-0.554255908	-0.994532305	-0.570634636	-0.743088886	-0.914726003	-1	-0.358048498	0.136926131	-0.826948871	-0.211526186	-0.990623799	0.300060429	-0.79365611	-0.441025414	-0.853445413	-0.909169048	0.881881854	-0.80033292	-0.778923001	-0.585652225	0.990439127	0.553090316	-0.808317408	-0.637505654	-0.588323492	-0.778224019	0.789314424	0.908730849	-0.376070617	-0.113388796	-0.563599023	-0.311336286	0.671325339	-0.888457855	-0.86906836	0.144876289	-0.893856154	-0.4030708	0.191696141	-0.218832955	-0.538170532	-0.759718989	-0.439667829	0.425331904	-0.260969818	0.97363652	0.635437492	0.356510669	0.379341293	0.810853125	0.837066872	0.844853984	0.953337747	-0.044922084	0.003011722	-0.478473362	0.486076274	0.885902094	-0.183917438	-0.027412597	-0.30140844	0.36236865	-0.307731985	1	-0.196449804	0.135880145	0.34574833	-0.899091107	-0.063500344	0.770410267	0.787717577	0.401079973	0.823403188	-0.298033223	-0.113884415	0.356718726	-0.876922244	-0.657977378	0.128281446	0.807617489	-0.307158902	0.491056285	-0.478669519	0.08872104	-0.896134453	-0.650179391	-0.816933292	0.790539336	0.814653806	0.046966381	0.339255823	1	-0.123921849	-0.873536806	0.866797833	0.768495712	0.81739409	-0.487176503	0.629333415	0.2978157	-0.727707423	0.412271173	-0.068077956	-0.273222837	-0.081549358	0.706504926	0.921073441	-0.018555069	-0.971499126	-0.862104682	0.5217198	-0.89664787	-0.317877268	0.716600119	-0.842616357	0.557457754	0.810270558	-0.051094977	-0.27990951	0.773287676	0.138939308	0.316027641	0.863618089	0.352506359	0.241548797	-0.938257029	-0.896890808	-0.789431061	-0.571600911	-0.061967584	-0.809915659	-0.88366883	1	-0.559569331	0.763270559	0.676713955	-0.84815157	-0.151383205	-0.923688398	-0.042970074	0.623713925	0.94963239	0.420694462	0.199659107	-0.703538308	0.456368647	0.351111635	0.798185892	0.284694156	-0.888980236	-0.395132998	0.004821605	1	-0.498580904	0.025854527	-0.779737714	0.999666754	0.053377486	0.246520112	0.199699848	0.322570724	-0.537697477	0.651115645	0.27998016	-0.661165401	-0.313447759	0.632340956	0.515101067	0.769126028	-0.495634114	0.948126803	0.631594781	0.442689022	0.158893417	-0.220716848	0.805197518	0.661459403	-0.683665753	-0.970334725	-0.943055607	-0.798715414	0.339686539	-0.422472251	-0.50692273	0.903581177	0.496586555	0.784010714	-0.952463894	-0.740179138	-0.279243315	0.64682647	-0.665059775	-0.843616935	0.707825449	-0.665459121	-0.906899238	-0.626053329	0.301476951	0.532702941	-0.481045611	0.948100389	-0.872182136	0.756625032	0.194729495	0.807916655	0.477934953	0.743292041	0.672186499	-0.891523671	-0.470452406	-0.151343515	0.83187898	0.024633662	-0.181402816	0.905463538	-0.636178101	0.739255847	-0.339848626	0.548350981	0.738294116	0.932991185	0.201171164	0.904490802	-0.299063811	0.734892033	0.825598604	0.970839994	-0.384524191	0.173271469	0.367757847	0.878067833	0.597434709	0.024585371	1	-0.889573683	-0.522398153	0.719901019	-0.087071576	-0.840586513	0.685485991	-0.341732601	-0.246044621	0.520119853	0.849664889	-0.272462231	0.39097183	0.499717556	0.725745852	0.838429966	0.873730312	-0.690010282	1	-0.659424603	-0.427729416	0.559224262	-0.489063452	-0.062837596	0.193039982	-0.265132063	-0.819761248	0.578495152	0.588017316	0.145987167	0.74036679	0.673027444	-0.256055163	0.45069617	0.588175778	0.783059293	0.734892935	0.555374659	0.144414445	-0.5954705	-1	0.648240692	-0.795756159	1	0.964974305	0.818147467	-0.794493208	-0.415087429	0.635896787	0.880877085	0.800171863	0.775479111	0.485174077	1	1	0.556426544	0.747081401	0.87877108	0.986156575	0.862794237	-0.564783331	0.459040158
0.409931633	0.105110742	0.809854769	-0.80517099	-1	0.932201362	-0.737921702	0.670701788	-0.736800384	0.664317513	-0.650680046	-0.359966967	-0.953880114	-0.969080099	-0.152293945	-0.308397313	-1	-1	-0.87544312	-0.90555904	-0.627211179	0.480225409	0.917896486	-0.979675781	0.817577095	-0.890086944	-0.961083374	0.963331415	-1	-0.209726225	-0.962239374	-0.930807202	0.654014422	-0.228322237	-1	-0.120373822	0.012337389	-0.596650176	0.873285403	-0.829873294	-0.572410624	-0.410473269	0.652569856	0.812994824	0.436875639	-0.978254913	0.358350079	-0.19292638	-0.342303413	0.84976089	1	-0.807644162	-0.616927807	-0.041449877	-0.82148278	-0.982475603	-0.3635328	-1	0.67050045	-0.711123815	0.692223207	0.703811209	-0.069984974	-0.700511723	-0.230569129	-1	-0.755515169	-0.630253887	0.9797163	-0.527581266	-0.907603496	-1	-0.262581818	-0.689738724	-0.95445513	-0.894758234	-0.465783577	0.198360362	-0.896346992	0.142356386	-0.97910787	0.414453119	-0.849433411	-0.539756635	-0.832565194	-0.903149417	0.86087577	-0.820930646	-0.755670116	-0.553276462	0.680787095	0.652537388	-0.997880031	-0.564741664	-0.475269335	-0.842645152	0.861548986	0.948643915	-0.753317082	-0.289469327	-0.44254186	-0.101282803	1	-0.938311476	-0.737581685	0.556954714	-0.879994433	-0.255866813	-0.492394054	-0.623935884	-0.808118832	-0.521632857	-0.819949639	0.423324927	-0.382453884	0.985096565	0.602737079	0.513289635	-0.183138476	0.954207843	0.745613214	0.682338184	0.95621106	0.241514419	0.012219901	-0.452700149	0.928099894	0.851514254	-0.253963261	0.42726227	-0.700137052	0.205746703	-0.103648597	0.953327253	-0.270626924	0.211718498	0.289985725	-1	0.227697285	1	0.766740034	0.700087652	0.960356738	-0.746967249	-0.042982246	0.201929089	-1	-0.767137903	0.49713296	0.647542718	-0.291680677	0.298410535	-0.430470972	0.07198215	-0.759728025	-0.539788216	-0.835924679	0.757269958	1	0.0167773	0.539645285	0.953078692	-0.236200611	-0.780692196	0.886409151	0.528389728	0.974678206	-0.964410299	0.288324773	0.150596633	-0.851606822	0.340324861	0.187487933	-0.201941145	-0.224142936	0.681435391	0.965677926	-0.216436457	-0.966618029	-1	0.511984184	-0.980090628	-0.637018748	0.73864297	-1	0.613254841	0.70851297	0.084028685	-0.239572363	0.684022646	0.19909691	0.597312553	0.721983078	0.333372044	0.157676896	-0.930590603	-0.840520134	-0.885708531	-0.870404907	-0.023411254	-0.789944792	-0.930945653	0.877884592	-0.281128604	0.858637715	0.863179062	-1	-0.172322751	-0.855209047	0.145701124	0.659061266	0.985737753	0.29187795	0.382990445	-0.67694286	0.946213706	0.356539385	1	0.403997055	-1	-0.346140948	-0.174168235	0.996218855	-0.564680255	0.127718924	-0.568093766	0.917027645	0.528546454	0.119146908	-0.048355859	0.460485534	-0.11442087	0.57235632	0.269492431	-0.676306259	-0.183884788	1	0.415953814	0.382083593	-0.399809054	0.73850055	0.4813785	0.69586892	0.482195742	-0.249146384	0.658176847	0.575487734	-0.945458338	-0.991654732	-0.978238847	-0.708887061	0.529040717	-0.471155597	-0.614025605	0.823548832	0.166979724	0.72672441	-1	-0.689075418	-0.665637535	0.389432465	-1	-0.877403128	0.82599084	-0.640870052	-1	-0.875953429	0.522905733	0.459637549	-0.659357176	0.979799982	-0.884611658	0.73832008	0.114858126	0.871695638	0.60893187	0.694037849	0.698279501	-1	-0.674785731	-0.224454911	1	-0.003809004	-0.430916303	0.876569506	-0.268912219	0.74821635	-0.135510599	0.512590295	0.52900526	0.910797647	-0.038633217	0.999639656	-0.581718901	0.918248147	0.840425176	0.817022711	-0.107386631	-0.390962319	0.325443788	0.793869967	1	-0.224158611	0.368869366	-0.775598058	-1	0.764980132	0.202087372	-0.943630876	0.161468956	-0.193764238	0.181728289	0.795419663	0.884199486	0.158405854	0.382112493	0.649223108	0.778561839	1	0.479508451	-0.529982614	0.958330318	-1	-0.246039375	0.764213437	-0.436306564	0.5454799	1	0.187433847	-0.81817278	0.366773285	0.693695315	0.343052203	0.828692203	0.55284146	0.01424706	0.492287008	0.459127655	0.794608593	0.763464723	0.721107896	0.04409992	-1	-0.466458912	0.390840426	-1	0.958474392	-0.168245582	0.983859889	-1	-0.537078898	0.859149681	0.854531967	0.880084482	0.79793508	0.289902763	0.807932968	0.381497287	0.449293725	0.640662515	0.866326644	0.96830194	0.796123072	-0.616557229	-0.33649004
-0.355047266	0.691138216	0.260392464	-0.80370545	-0.682548695	0.777550246	-0.8005141	0.559361853	-0.053766426	0.474251981	-0.675904383	-0.406180849	-0.966007312	-0.856220514	-0.150655857	-0.348333784	-0.965085232	-0.844224628	-1	-0.90558599	-0.325530598	0.175846593	0.83521374	-0.923682619	0.096858403	-0.760293226	-0.946455987	0.946438666	-0.866439159	0.119358851	-0.634408991	-0.649275181	1	0.673102033	-0.682085944	-0.125015104	-0.364500501	-0.713814035	0.654554209	-0.784758526	-0.551792395	-0.300859708	0.672136088	0.827402288	0.426481327	-0.847365959	0.550334245	-0.476037326	-0.412955052	0.610447116	0.973436776	-0.59807334	-0.67249375	0.091342839	-0.858776051	-0.990258706	-0.3246194	-0.956191604	0.766382758	-0.971385933	0.38037615	0.77698592	-0.503528631	-0.627571004	-0.166951895	-0.726076366	-1	-0.466082506	0.930991092	-0.45130673	-0.611821719	-0.65842118	-0.892881707	-0.553704591	-0.670173595	-0.769104722	-0.551476507	0.049791241	-0.726340542	0.0432131	-0.87678467	0.111832926	-0.835192833	-0.673109984	-0.869938798	-0.899726661	0.559735226	-0.841556353	-0.656895516	-0.545745664	1	0.660599402	-1	-0.661183985	-0.772130878	-0.810024155	0.792556487	0.973047337	-0.21252051	-0.297053401	-0.464319682	-0.170212761	0.773175736	-0.974012082	-0.461509416	0.317356321	-0.67340377	-0.041291452	-0.14550303	0.398613469	-0.597675417	-0.737085214	-0.48866762	0.229673231	-0.569512295	0.951431479	0.591693503	0.400099397	-0.035438063	0.983893189	0.585556111	0.649949721	0.970953917	0.264614314	0.156645674	-0.497266329	0.737774104	0.8000501	-0.341693633	0.418220783	-0.734962092	0.15834406	0.101370652	0.759761432	0.046029596	0.287066336	0.104047156	-0.781264687	0.105608284	0.884609512	0.48053849	0.774136403	1	-0.439095953	0.104361187	0.270420128	-0.918345505	-0.733968328	0.47525036	0.525799879	-0.490870165	0.465847462	-0.468990391	0.160035066	-0.749452288	-0.584744027	-0.917913077	0.87698553	0.83838423	-0.127157406	0.594146881	0.683024209	-0.426543788	-0.726168165	0.936138311	0.512215756	1	-0.74812018	0.437102858	0.225749595	-0.88174274	0.169786135	0.094862053	-0.174595961	-0.231773005	0.881708954	0.953958958	-0.227605582	-1	-0.81569273	0.418928547	-0.936062548	-0.25467516	0.741971925	-0.911378972	0.281461428	0.806290095	0.058447369	-0.18397227	0.671213953	0.094224184	0.575738152	0.779406141	0.334190497	-0.156324928	-1	-0.881525258	-0.776675751	-0.498837556	-0.214135334	-0.705112864	-0.898142879	0.870803145	-0.416461584	0.598459863	0.592614476	-0.706295449	-0.021881502	-0.393221235	0.041539358	0.668036604	0.966440288	0.259763182	0.289331233	-0.603016451	0.826627683	0.274753321	0.829188683	0.372308036	-0.770316739	-0.379161631	0.018538898	0.995975055	-0.602892479	-0.157071217	-0.44575082	0.92082506	-0.2801688	0.119080169	-0.315583091	0.426624562	-0.08061791	0.578895921	0.443249699	-1	-0.229419979	0.446338114	0.112702169	0.39493333	-0.578198708	0.491503302	0.290344029	0.565083758	0.41626897	-0.064261332	0.860733421	0.598879733	-0.865881417	-0.789744328	-0.87312974	-0.745569687	0.725557104	-0.091998403	-0.611181141	0.867802845	0.535128163	0.760444394	-0.871748527	-0.697139538	-0.638296342	0.514717298	-0.858628048	-0.722409117	0.711718053	-0.736180473	-0.844455232	-0.805578052	0.646877142	0.370945957	-0.746561023	1	-0.97252029	0.696642545	0.485817156	0.89258051	0.537575945	0.219583051	0.551667932	-0.866042908	-0.676277681	-0.230421289	0.943942889	-0.08804142	-0.462497317	1	0.158758711	0.338267796	-0.148476057	0.682132532	0.535976459	0.914922554	0.092649257	0.906053887	-0.301919879	1	0.741534673	1	0.188283752	0.697135852	0.468730893	0.792984318	0.490985477	-0.250344159	0.581903894	-0.275438275	-0.86655682	0.856732172	0.231928401	-0.932217137	0.790902235	-0.012476483	-0.056821036	0.457419402	0.810437339	-0.142470221	0.538474938	0.582661836	0.724170351	0.775624011	0.708159821	-0.175613178	0.981677345	-0.706026415	-0.156443622	1	-0.197034689	0.370884126	0.994086761	0.139114053	-0.920433442	0.498123114	0.612549706	0.120867069	0.219981045	0.426889914	-0.433007883	0.616846328	0.421458628	0.89759559	0.583962021	0.380385276	0.370668263	-0.624417198	-0.552116096	0.333666244	-0.793613891	0.952470797	0.17433192	1	-0.990230046	-0.430787297	0.926189734	0.877022259	0.650298552	0.704612339	0.274919621	0.862170802	0.674686867	0.513562618	0.569156803	0.762429388	0.87207675	0.670429114	-0.157873474	-0.436452533
-0.214659598	1	-0.06766131	-0.812579952	-0.663964	0.684038857	-0.849259434	0.385748175	-0.164586151	0.67144187	-0.911152047	-0.468601277	-0.857836263	-0.726827911	-0.106766356	-0.613492772	-0.890126753	-0.727373626	-0.931756425	-0.926292062	-0.516179618	-0.154399339	0.539353345	-0.907976534	0.172594277	-0.665160679	-0.91349125	0.979577086	-0.931653587	0.350457971	-0.562943888	-0.901931383	0.47146595	0.191000288	-0.785945103	-0.307070945	-0.562392366	-0.769827258	0.547332077	-0.944133472	-0.514437803	-0.26952159	0.714029361	0.833101535	0.461774804	-0.844898347	0.693081634	-0.544709109	-0.110790432	0.372152213	0.871593946	-0.421640339	-0.641417197	-0.190547047	-0.968585203	-0.866590274	-0.252452053	-0.948085618	1	-0.70225467	-0.467004977	0.68417942	-1	-0.639942383	0.348666812	-0.393287387	-0.616620145	-0.266923516	0.698756516	-0.510308755	-0.781947948	-0.357184876	-0.048693244	-0.247657455	-0.394481403	-0.514130236	-0.650078091	-0.268041294	-0.513237788	0.040951647	-0.745144181	-0.045417372	-0.881218847	-0.770116397	-0.904150677	-0.834440109	0.344824378	-0.83518878	-0.514748489	-0.591948545	0.8763816	0.730153976	-0.672929144	-0.427903794	-0.801551296	-0.757039082	0.444404704	1	0.151420827	-0.086558581	-0.566971823	0.00995602	0.883786353	-1	-0.446427783	0.231623029	-0.81211612	-0.030482915	-0.198097983	0.067486525	-0.560679725	-0.575160465	-0.650164606	-0.023370128	-0.561968565	0.907112391	0.635905863	-0.118244019	-0.018229591	0.940819218	0.401498008	0.579143656	0.90342735	0.389507627	0.466125308	-0.287366895	0.51181066	0.79137831	0.125204421	0.317304997	-0.614900263	0.147123914	0.276205692	0.719643881	0.364261768	0.498383291	-0.061030267	-0.560065184	0.005480187	0.776276076	0.416617847	0.435257775	0.52799818	-0.153766149	0.355009035	0.120239467	-0.682083978	-0.511398587	0.588717966	0.429967915	-0.441418838	0.563203788	-0.55380694	0.733797499	-0.565165143	-0.704236596	-0.982947238	0.784989093	0.404179813	-0.305286696	0.711161527	0.451569996	-0.572237252	-0.622920489	0.954748778	0.483200128	0.60307125	-0.904569884	0.823446211	0.174522607	-0.966724276	0.086788932	0.016490869	-0.046784483	-0.265916633	0.804321645	0.80136877	-0.151650457	-0.971485508	-0.823068258	0.348291494	-0.84431132	0.21342736	0.73325436	-0.819336204	0.276370778	0.634863424	0.120001879	0.023532084	0.645020643	0.051923091	0.522390489	0.775498449	0.324005074	0.057179146	-0.830931754	-0.83432477	-0.954659027	-0.935950615	-0.251589759	-0.774582305	-0.881115995	0.976155428	-0.6563205	0.394246133	0.490570083	-0.348665919	0.138426523	-0.010052699	0.184787619	0.70225676	0.962721328	0.213383113	-0.090425143	-0.563364454	0.748380889	0.338080088	0.968333142	0.478027879	-0.632029322	-0.557257011	0.234734797	0.894012372	-0.368275518	-0.346334855	-0.269665993	1	-0.32000868	0.3536002	-0.481045491	0.325974103	-0.090128905	0.553095767	0.596211581	-0.814187748	-0.309566767	0.058646704	0.511250885	0.172589521	-0.698058043	0.583899222	0.381158641	0.45708918	0.860324404	-0.069123332	0.872214527	0.716246897	-0.800948111	-1	-0.795567001	-0.748588165	0.662667351	-0.035319669	-0.770037781	0.927997441	0.421761718	0.760490457	-0.741678927	-0.831190522	-0.6346595	0.473991419	-0.632021291	-0.844242412	0.453326885	-0.811478772	-0.703897757	-0.894766942	0.772177566	0.236707455	-0.807767323	0.961747697	-0.875031728	0.710207087	0.660107309	0.907818705	0.363428777	-0.605230398	0.680272131	-0.872994305	-0.978706382	-0.279440098	0.808458195	-0.27423101	-0.330395533	0.742866209	-0.172189072	0.570755173	-0.109887349	1	0.71412909	0.882061481	0.105144801	0.8519084	-0.334292043	0.731517028	0.806527413	0.923965913	0.221868154	0.356720207	0.646446841	0.897696889	0.658826375	-0.343880181	0.521277731	0.040935851	-0.352575799	0.863800642	0.347418399	-0.829799473	0.580050225	0.221068533	0.25789513	0.353795885	0.783641629	-0.088729472	0.564921117	0.401601793	0.702364947	0.782027709	0.769162342	0.056506741	0.980424811	-0.31378714	0.087753151	0.788118554	-0.107593882	0.22850566	0.564798231	0.2667274	-0.630436416	0.587330708	0.56039154	0.492413483	0.266616778	0.257402293	-0.191478193	0.894334603	0.584936312	0.771996332	0.467117277	0.527045002	0.114504424	-0.5047512	-0.653514572	0.639764536	-0.305598987	0.895379233	-0.10357337	0.546542603	-0.868646456	-0.202589518	0.733742589	0.709224607	0.749352299	0.741752672	0.455710374	0.688819654	0.92829909	-0.187772721	0.428446814	0.656596867	0.698600505	0.535354373	0.158026004	-0.38412299
-0.179782408	0.609183693	-0.420534208	-1	-0.682163913	0.641512314	-0.906406778	0.214210278	0.280786566	0.340942111	-0.878895703	-0.438763984	-0.857813938	-0.697019198	-0.061064455	-0.687137064	-0.865790224	-0.662452894	-0.859737035	-0.785831524	-0.641937918	-0.596995574	0.501297236	-0.854636365	0.559040764	-0.754815083	-0.874932546	1	-0.893445002	0.867381596	-0.393964757	-0.905543975	0.749971707	0.452427075	-0.670781699	-0.037961822	-0.685382044	-0.924952344	0.383890134	-0.991553151	-0.495146169	-0.142455721	0.762313122	0.853616615	0.467261413	-0.84475648	0.831420231	-0.918752213	-0.074618132	0.139893806	0.81424519	-0.304156696	-0.676060964	-0.181509915	-0.964513313	-0.888342461	-0.175116126	-0.909712609	0.590077548	-0.688780375	-0.306230688	0.238529405	-0.752513136	-0.587300513	-0.436597359	-0.294740739	-0.462014263	-0.084567739	0.676366865	-0.262743852	-0.831457641	0.062494246	-0.719720098	-0.159190602	-0.146833946	-0.436886845	-0.677080467	-0.074360311	-0.186736968	0.293126722	-0.639596912	-0.292518626	-0.875545522	-0.88249911	-0.918685518	-0.832644705	0.221264485	-0.838928522	-0.62219569	-0.433862063	0.863271949	0.763956044	-0.611238496	-0.228666125	-0.684754489	-0.721903787	0.60023261	0.486166303	0.488486943	0.007904535	-0.53115778	-0.132679607	0.855320199	-0.905708583	-0.161276755	0.048129696	-0.930094192	0.309985368	-0.249682321	0.413664795	-0.558067003	-0.74540047	-1	-0.301305688	-0.630430293	0.855190021	0.646692868	-0.172791236	-0.433261692	0.927390347	0.483730309	0.563893245	0.970327002	0.26975828	-0.002829352	-0.448602335	0.26807637	0.772139403	-0.263615942	0.76353728	-0.394506402	0.114750723	0.264796818	0.672271704	0.686446378	0.703802306	-0.28193569	-0.473156914	-0.146169926	0.747818398	0.236840526	0.144367295	0.312591452	-0.048521589	0.207158153	0.303403433	-0.624190341	-0.436249459	0.678734004	0.374302993	-0.243015981	0.849310969	-0.608067407	0.635650905	-0.565561535	-1	-0.976765938	0.839700867	0.662499797	-0.421564088	0.753826844	0.218402265	-0.724625627	-0.458360236	1	0.432938294	0.613369448	-1	0.968257415	0.372706831	-0.971419733	-0.064898065	-0.041019618	0.043778418	-0.260537474	0.87076086	0.898552484	-0.139441228	-0.929212463	-0.625700461	0.244163159	-0.783973195	0.594877434	0.790294275	-0.724578626	-0.07277741	0.669630106	0.154307075	0.08410627	0.608478816	-0.014791178	0.501559296	0.815803166	0.260278004	0.030378197	-0.842685698	-0.82614086	-0.928318072	-0.741230421	-0.410348336	-0.715411511	-0.830288052	0.810111242	-0.835592325	0.17003084	0.314529093	-0.194556461	0.328066979	0.467300893	0.115165242	0.755650328	0.977073984	0.187790422	-0.192643267	-0.400098495	0.640838974	0.194325007	0.932159279	0.056633789	-0.490808668	-0.67716603	0.535889307	0.792736847	-0.277765301	-0.630541641	-0.556315532	0.816669763	-0.595917846	0.243194695	-0.887442221	0.387691073	0.452038723	0.538019443	0.807955401	-0.894432412	-0.397486264	0.162470448	0.242491953	0.157248782	-0.957920253	0.687393848	0.029803062	0.47619982	0.407457496	-0.38994449	0.9486882	0.752942061	-0.683866902	-0.735144637	-0.682529533	-1	0.642777254	0.255189408	-0.869763276	0.90836241	0.294838405	0.747757499	-0.516283003	-0.805807026	-0.822369251	0.268567027	-0.50779244	-1	0.427176792	-0.651553138	-0.451171814	-0.986279272	0.889424107	0.037661673	-0.465493865	0.777343277	-0.82608176	0.608717207	0.480548114	0.943975714	0.594153155	-0.542670363	0.371624299	-0.91983477	-0.391774641	-0.748904415	0.732945417	-0.284862456	-0.191120436	0.863846915	0.007621914	0.797623693	-0.442360671	0.903233896	0.742416339	0.930783437	0.147552514	0.969653446	-0.45183308	0.740887877	0.700628789	0.603413103	1	1	0.780454506	0.988753385	0.573380093	-0.649706887	0.289469371	-1	-0.177203076	0.904762514	0.329107119	-0.89067097	0.334638442	-0.040721962	0.416779939	0.163510243	0.753609123	-0.06313765	0.785525795	0.417042391	0.760197152	0.86649592	1	0.431603719	0.995016198	0.085155906	0.219652196	0.982394021	-0.339844046	-0.065070683	0.854522979	0.334599175	-0.812666717	0.317686864	0.228577802	0.324427526	0.280327581	0.116508105	0.134723045	0.498247084	0.473565719	0.901411207	0.322184447	0.369692985	1	-0.296284692	-0.944882981	1	-0.226082397	0.798355857	0.667244511	0.524684433	-0.707286967	-0.227032469	0.881922099	0.631729713	0.663845187	0.623574756	0.800469609	0.83909823	0.597271805	-0.326015918	0.483190956	0.646624084	1	0.427608224	0.549563342	-0.339898288
-0.477497104	0.785147028	-0.666802866	-0.764382061	-0.673492059	0.48360863	-1	0.197896699	0.39597778	0.230264116	-1	-0.502908242	-0.839700257	-0.68077452	-0.028042948	-1	-0.786271456	-0.514109686	-0.850262831	-0.836031125	-1	-1	0.24344271	-0.841312465	0.018296251	-0.814544649	-0.866922942	0.969082521	-0.875079368	0.896103768	-0.186557038	-0.85890451	0.971185924	0.255929983	-0.836209854	-0.024488767	-1	-1	0.530181972	-1	-0.570169676	0.000691496	0.780486408	0.794164772	0.463976289	-0.888580087	1	-1	0.025939593	-0.068672079	0.671432076	-0.126700054	-0.699593724	-0.443742915	-1	-0.806870137	-0.063252163	-0.87634223	0.736005394	-1	-0.385417025	0.301926836	-0.805672189	-0.6460991	0.477980459	-0.087925308	-0.141794546	0.052591988	0.699639702	-0.483265956	-0.425710193	0.409213132	-0.234451593	0.213699435	0.198576851	-0.247873098	-0.723871174	-0.196762115	0.041626196	-0.079003667	-0.532854398	-0.377801677	-0.87288196	-1	-1	-0.850831639	0.129722908	-0.830970813	-0.604995447	-0.327891352	0.577389368	0.830553059	-0.424151477	-0.141625928	-0.718406769	-0.715667194	0.354157549	0.491898408	0.859598466	0.089496795	-0.613958943	-0.169069058	0.57576171	-0.838168768	-0.200812068	-0.162625084	-0.9559119	0.287308009	-0.931071386	0.785935577	-0.47356974	-0.869522717	-0.838424989	-0.553726748	-0.646128409	0.828872855	0.742499601	-0.477308084	-0.337969856	1	0.382172134	0.514081061	1	0.349923076	0.612238987	-0.1795635	0.070051505	0.750516087	-0.213233027	0.860708623	-0.648434022	0.178252436	0.576880254	0.46063067	1	0.830352729	-0.431383601	-0.308767178	-0.287108648	0.763060976	-0.030535737	0.153505538	0.151006267	0.093767907	0.365934583	0.419373586	-0.425874473	-0.541074404	0.562345477	0.399546743	-0.364462791	1	-0.638599848	1	-0.455188244	-0.842399282	-1	0.919152175	0.530999436	-0.636832141	0.829372477	-0.08595058	-1	-0.165771277	0.967691958	0.432259636	0.530572129	-0.863648571	0.941272484	0.166520169	-0.972400407	-0.183971331	-0.187144144	0.046895729	-0.300806143	0.587071584	0.966708236	-0.10625817	-0.909906025	-0.478865797	0.184608211	-0.625652902	1	0.867196185	-0.627468725	-0.413288212	0.594976447	0.155549123	0.166802462	0.489603298	-0.009458774	0.384993796	0.843976319	0.364825216	-0.1974773	-0.859730818	-0.647507949	-0.932499144	-0.757456744	-0.588076721	-0.684930949	-0.815646665	0.90834488	-0.775465651	-0.067189165	0.193085237	0.075591474	0.509092177	0.998064641	0.326476911	0.755590795	0.926552304	0.036305088	-0.183426064	-0.513213183	0.563459346	0.177177726	0.736472959	0.302710459	-0.178838788	-0.638749968	0.603885941	0.703274791	-0.350283017	-0.965314988	-0.49995337	0.812746548	-1	0.413396988	-1	0.424461748	0.543457651	0.492989533	1	-0.877898776	-0.447421538	0.330340237	0.528054295	0.385578623	-1	0.37859231	-0.126792714	0.398894583	1	-0.419680266	1	0.794488269	-0.582869387	-0.903979142	-0.616875415	-0.5217162	0.716191304	0.05447154	-0.950004608	0.93872452	0.055425918	0.788424111	-0.383692628	-0.987526078	-0.724092379	0.552685714	-0.366286383	-0.824325467	0.301524137	-0.743432487	-0.059684603	-1	1	-0.05084262	-0.371547763	0.823108528	-0.759549522	0.625217308	0.639132799	0.997689112	0.927335347	-0.403035815	0.597482168	-0.838983639	-1	-0.918037616	0.691388575	-0.439544814	-0.414880629	0.596354682	0.423677896	0.686394576	-0.022202332	0.985681278	1	0.841934975	-0.050506942	1	-0.497146324	0.720550461	0.553706842	0.833480208	0.806127472	0.558338184	0.947344049	0.99995139	0.041729787	-0.980308994	0.158168389	-0.207073479	0.269147562	1	0.607800761	-1	0.53968275	0.361943922	0.760965195	0.080417758	0.802497167	-0.057841324	0.831402868	0.289780461	0.700859073	0.605177249	0.770043352	0.683344976	0.98511087	0.503416902	0.37136389	0.886050325	-0.104772558	-0.432512829	0.981399963	0.518691142	-0.443829653	-0.101546487	0.189654133	0.246055379	-0.025812682	-0.043798227	0.348503354	0.438721936	0.720368908	0.83110263	0.314967367	0.302574789	0.712008815	-0.726318507	-0.58678624	0.670609304	0.215397989	0.76744662	0.253287111	0.28870401	-0.74573083	0.088061208	1	0.993830451	0.534310907	0.58251528	0.778319766	0.665981502	0.222777538	-1	0.339749641	0.543561962	0.647699863	0.287316604	1	-0.388089418
-0.363225537	0.447020436	-0.946331805	-0.64168858	-0.3769848	0.449601271	-0.725251621	-0.03569638	0.487081227	0.291750926	-0.960522522	-0.525071023	-0.647296408	-0.634284636	-0.114311681	-0.934131204	-0.718618585	-0.420773761	-0.718282479	-0.759810648	-0.516367981	-0.859169942	0.101895011	-0.7433262	0.250197232	-0.499004621	-0.795701831	0.909726434	-0.754979877	1	-0.29738129	-0.643968398	0.557423211	0.254246508	-0.622028008	-0.090023123	-0.913487551	-0.969341663	0.337733211	-0.965906985	-0.497133627	-0.113096207	0.726823447	0.674793642	0.36890669	-0.721120864	0.990465219	-0.97285046	-0.148372322	-0.279947508	0.607260733	-0.146507372	-0.728512256	-0.510114024	-0.881265914	-0.766098268	-0.008285129	-0.838503651	0.662328861	-0.952288156	0.294154464	0.460939235	-0.81870841	-0.585737149	0.364804306	-0.005907349	-0.086769524	0.061192883	0.650754827	-0.324040202	-0.716677749	0.443874647	-0.594369913	0.216133377	0.046483461	-0.446585914	-0.796173304	-0.016278741	-0.056697135	0.192221793	-0.560772306	0.286458967	-0.891973599	-0.804530231	-0.84227062	-0.679387326	-0.000608453	-0.935654498	-0.651347431	-0.415445257	0.764991647	0.73444707	-0.559876717	-0.134792799	-0.867564462	-0.692341915	0.402027455	0.397286695	0.811088453	0.254830185	-0.287447738	0.111389196	0.503192034	-0.851831994	-0.124484137	-0.262690931	-0.969339992	0.22494638	-1	0.524339499	-0.570801139	-0.574223849	-0.814572277	-0.46381131	-0.569210322	0.88869092	0.766084595	-0.464403144	-0.502528204	0.86350363	0.448027504	0.40390328	0.919625094	0.225319854	0.244383652	-0.042539358	0.113610692	0.651047863	-0.144972184	0.742993077	-0.407372535	0.361191006	0.710696567	0.557742914	0.934146557	0.904004244	-0.438155488	-0.412659965	-0.148806948	0.651479332	-0.045263111	-0.146160364	0.291393203	-0.138093931	0.526707654	0.429303413	-0.322196756	-0.263534435	0.80964031	0.312117979	-0.060334418	0.78332444	-0.498096594	0.65184563	-0.205770951	-0.531427757	-0.541310647	0.712294239	0.320241552	-0.448786592	0.616343961	0.096600407	-0.581937906	-0.217773942	0.692040482	0.379992992	0.213903505	-0.755969495	0.744243519	-0.114389529	-0.995537537	-0.283987327	-0.434284289	0.08699054	-0.469866514	0.4540455	0.795405625	-0.092276958	-0.914148723	-0.423155193	0.091624875	-0.747700298	0.787116109	0.509329482	-0.460566548	-0.571733031	0.559456146	0.129318489	0.197304279	0.318512043	-0.174164901	0.533841908	0.836314692	0.38825125	-0.334899025	-0.864613287	-0.749494508	-1	-0.536201575	-0.663718398	-0.747495929	-0.831951022	0.817802485	-0.884829466	-0.232854571	0.108099985	0.079893088	0.432094197	0.711505573	0.324156946	0.766136688	0.91102701	0.264586955	-0.25017546	-0.366114368	0.384441607	0.192988349	0.76580423	-0.046439827	-0.240671647	-0.820195797	0.645335459	0.724805132	-0.358367197	-0.646636505	-0.263005521	0.700244343	-0.675896354	0.483000744	-0.971761501	0.484876741	0.545544772	0.49272258	0.918020244	-0.683770047	-0.569984406	0.567897658	0.371086347	0.299879367	-0.923795196	0.593048977	0.172595283	0.411684574	0.738360463	-0.613698515	0.945858826	0.772753403	-0.505675985	-0.596621833	-0.617096028	-0.672575743	0.247353016	0.366114545	-0.941006203	0.845105825	0.07840369	0.72438449	-0.358153621	-0.769860753	-0.738534793	0.367442427	-0.12649432	-0.500397448	0.21864266	-0.485646575	-0.185373265	-0.841637163	0.966945179	0.201549251	-0.331547153	0.774436749	-0.67189683	0.745223934	0.375661287	0.905492532	0.522902599	-0.321058671	0.373351683	-0.720608719	-0.547478262	-1	0.558531808	-0.206722024	-0.233092307	0.653587979	0.769372131	0.683042539	-0.161622057	0.647536043	0.918654486	0.63934704	-0.025734547	0.720643951	-0.281487558	0.637285219	0.615029474	0.461160432	0.719541492	0.568290174	0.908196925	0.894590724	0.22354683	-0.598881364	-0.367136442	0.002341019	0.143224331	0.821068435	0.39222697	-0.584383299	0.473152955	0.28333497	0.439583051	0.151529701	0.640140476	0.204673035	0.887733259	0.272262853	0.5796823	0.615177183	0.798362293	0.497131259	0.881850533	0.32248379	0.317590047	0.652126073	-0.028428499	0.129172619	0.495968343	0.47139814	-0.066471529	0.15037222	0.394697678	0.632437958	-0.074560182	0.053467773	0.256974547	0.461596012	0.705030851	0.525712429	0.376907876	0.520692417	0.696956492	-0.488234913	-0.263750711	-0.029569634	0.102519888	0.637669036	0.332030408	0.339482076	-0.615297143	-0.157235386	0.685293086	0.878646998	0.472012771	0.541505426	0.723414302	0.731131412	0.06034803	-0.353917005	0.35450486	0.447941313	0.536511235	0.205317182	0.8595715	-0.37615554
-0.263550698	0.555951273	-0.816257462	-0.386797243	-0.433243937	0.399872822	-0.559997955	-0.303216309	-0.037735089	-0.036885394	-0.879409796	-0.525101093	-0.544198455	-0.549683511	-0.167352256	-0.920701565	-0.617325353	-0.337479744	-0.700331829	-0.764633681	-0.449051365	-0.694216821	-0.14387041	-0.660352951	0.348013769	-0.410201111	-0.714334038	0.771317355	-0.659414792	0.883683593	-0.618452691	-0.748853241	0.985773721	-0.048070946	-0.776643058	-0.184498546	-0.813609417	-0.845152545	0.152888277	-0.915203769	-0.570951983	-0.175066083	0.672253348	0.663961424	0.253352329	-0.308897969	0.859995852	-0.842116406	-0.378620734	-0.508886082	0.721937165	-0.152458895	-0.663324929	-0.810115689	-0.768538021	-0.704994332	0.109909604	-0.856299372	0.600660579	-0.871862732	-0.641527288	0.446870812	-0.867363075	-0.54934585	0.035553917	-0.109944177	-0.04622484	-0.188912443	0.605945776	-0.577927625	-0.475633923	0.406571997	-0.824013202	0.243784947	-0.008381104	-0.397227035	-0.856009165	-0.084886144	-0.062917324	0.35071111	-0.538199259	0.286345321	-0.908018468	-0.611201054	-0.766031496	-0.583033393	0.0675288	-0.921982795	-0.576494666	-0.435023998	0.561181527	0.397081537	-0.57890723	-0.143908255	-0.762493823	-0.725914621	0.367161985	0.553147076	0.664128894	0.269996212	-0.066332878	-0.351501681	0.522363223	-0.874258279	-0.424082337	-0.481070919	-0.812966152	-0.088318051	-0.916275435	0.092725332	-0.458468673	-0.600125812	-0.499483373	-0.415268376	-0.556345904	0.923292999	0.800547254	-0.411097927	-0.390357579	0.947591237	-0.14711165	0.418558097	0.906441108	0.054330214	-0.009622973	0.552139344	0.082619527	0.584047374	-0.062531046	0.43996459	-0.331892924	0.530758661	0.674525392	0.338014693	0.898759049	0.863175718	-0.51728463	-0.509762984	0.019995825	0.578217157	0.02788118	-0.33506254	0.577214472	-0.40770305	0.558278432	0.443853375	-0.16490176	0.162106688	0.553700314	-0.145553577	0.19088364	0.523641263	-0.270600567	0.469776581	0.034493787	-0.35543316	-0.305980934	0.521278571	0.246346127	-0.317016817	0.501693802	0.128953516	-0.240201698	0.061264337	0.50001563	0.221208573	0.276810651	-0.420496811	0.374969777	-0.396066428	-0.987983131	-0.373598655	-0.598223552	0.101090862	-0.674199153	0.5432769	0.654904375	-0.059248012	-0.923280906	-0.543558454	-0.035230912	-0.8568419	0.681990075	0.144466554	-0.268504825	-0.621613642	0.538489026	0.1248414	0.166062514	0.152122074	-0.255905833	0.333478726	0.769251729	0.558078139	-0.456904156	-0.811564537	-0.669561044	-0.907088612	-0.611641681	-0.753200942	-0.763619526	-0.863198618	0.754690432	-0.838636289	-0.29626772	0.184992455	0.138931116	0.310784458	0.462470296	-0.026088185	0.862303854	0.914037844	0.251759577	-0.033890115	-0.282671605	0.277264943	0.16474832	0.691454491	0.096663595	-0.236901031	-0.824342613	0.644295305	0.716038897	-0.586415316	-0.488889219	-0.068866694	0.720413297	-0.400856313	0.481697908	-0.902423293	0.448672304	0.535412913	0.313159727	0.830734554	-0.441383419	-0.761063152	0.539875034	0.220087357	0.360898845	-0.837494378	0.319843152	0.243682551	0.537788251	0.31411294	-0.750922458	0.84269886	0.728129927	-0.351608515	-0.414503939	-0.641790808	-0.646579131	-0.075929522	0.218471706	-1	0.793690076	0.391082576	0.708070865	-0.313187874	-0.944099952	-0.349365045	0.405303902	0.034381177	-0.703148462	-0.296298964	-0.23198281	-0.099380359	-0.560637624	0.874666508	0.433009547	-0.227417897	0.651450109	-0.553809955	0.701508125	0.2186379	1	0.732582386	0.100201656	0.684678298	-0.894782104	-0.391339565	0.151945983	0.664013177	0.016245062	0.187738221	0.539668154	0.431701333	0.741376352	-0.548310452	0.638714765	0.839244475	0.686871832	0.181519251	0.646955793	-0.481467086	0.251668428	0.520217334	0.570647072	0.407057547	0.600362727	0.866348755	0.781358652	0.034968289	-0.668566806	0.187877962	-0.771677084	0.264917986	0.697710153	0.289113987	-0.575135638	0.278920561	0.281187536	0.653022875	-0.077398333	0.650126991	0.204961653	0.815547776	0.442614279	0.546327938	0.574643001	0.895347176	0.487121964	0.794641351	0.218920082	0.253875958	0.579951212	0.151581902	-0.108108504	0.690159896	0.582363521	0.086443807	0.083301602	0.410999024	0.577930754	0.089520699	0.150452121	0.321502385	0.501044217	0.663042243	0.439044594	0.134725958	0.285503585	0.541223738	-0.533837336	0.016759797	-0.031047541	0.164529504	0.550205158	0.518266603	0.311231049	-0.378729085	0.136924686	0.508078829	0.551618139	0.325864904	0.412202504	0.583427621	0.718384426	0.44975633	-0.342085466	0.460206303	0.388567327	0.439651626	0.125012168	0.597384772	-0.327168667
-0.15460972	0.129381067	-0.979116117	-0.348003419	-0.254352104	0.261623202	-0.411826785	-0.459065034	0.141697169	-0.198900828	-0.693851266	-0.618821666	-0.484409233	-0.499509008	-0.187216096	-0.937076978	-0.534642136	-0.264400753	-0.658512094	-0.699979257	-0.276911396	-0.600406333	-0.305956178	-0.59484466	0.137938432	-0.30885522	-0.635945612	0.731030943	-0.634342874	0.82204856	-0.698714731	-0.636281057	0.583633389	-0.301916051	-0.640950903	-0.235695849	-0.948820116	-0.743139732	0.181251917	-0.942639476	-0.564678881	-0.213839788	0.576150915	0.630447606	0.158523012	-0.246368636	0.974540838	-0.82729152	-0.818159788	-0.747062974	0.630448416	-0.176657913	-0.687291692	-0.858961291	-0.525243938	-0.67751323	0.191976764	-0.838132475	0.765184661	-0.73785718	-0.641791271	0.403369192	-0.66873271	-0.502962428	-0.005756159	-0.093007133	-0.055189269	-0.412459913	0.663017151	-0.535880634	-0.48644637	0.375637376	-0.583373113	0.040024724	-0.023451932	-0.368494741	-0.907943368	-0.112869408	-0.076631164	0.397433612	-0.532893096	-0.107139273	-0.910749378	-0.415610558	-0.658235617	-0.454812359	0.098097353	-0.968251154	-0.508079176	-0.373806372	0.476454403	0.373532693	-0.697331128	-0.172977302	-0.989606366	-0.726789438	0.257656433	0.690083474	0.547416142	0.404189601	0.270561221	-0.270041643	0.370381075	-0.80587678	-0.698801941	-0.59382605	-0.8840812	-0.29964027	-0.308671393	0.399248486	-0.652600059	-0.638885955	-0.493352798	-0.328869008	-0.502365454	0.947337698	0.871205719	-0.603663683	-0.225998221	0.81651453	-0.215732383	0.389602865	0.920130658	-0.062447485	0.34262392	0.66040162	0.134510458	0.466390734	0.004568828	0.215741734	-0.263447317	0.778174827	0.721523336	0.384026582	0.8643536	0.806039158	-0.521958381	-0.57793237	0.165461266	0.586871453	0.212001031	-0.378396669	0.461334127	-0.641368425	0.661450226	0.46374149	-0.033346836	0.440952091	0.638034438	0.418786841	0.313353146	0.32566614	0.011100216	0.19008765	0.375391262	0.105597403	-0.042564394	0.326532415	0.098484964	-0.280431531	0.349146379	0.005109899	-0.10109321	0.113120754	0.257021354	0.08217806	-0.045588286	-0.195598593	-0.074517984	-0.610140497	-0.993614219	-0.4389894	-0.789551232	0.077244896	-0.834492871	0.316843347	0.636985709	-0.092837395	-0.936806678	-0.509666353	-0.159459489	-1	0.437028784	-0.150027061	-0.073336781	-0.915027399	0.487822247	0.109524446	0.047338931	-0.064647212	-0.403949238	0.408386303	0.683557244	0.592952114	-0.415691961	-0.790910676	-0.681956076	-0.97067576	-0.321142579	-0.793217029	-0.764311425	-1	0.798961198	-0.702825087	-0.354391808	0.159209102	0.123677053	0.158130445	-0.236948685	-0.333434241	0.935806641	0.928060597	0.288505918	0.134656301	-0.106375225	0.145264971	0.134117073	0.675765705	0.151233581	-0.249567943	-0.902842474	0.665786255	0.716805824	-0.555441885	-0.295626328	0.117368838	0.705051247	-0.338791428	0.493785351	-0.624337357	0.2862633	0.477104446	0.307144325	0.799498926	-0.381598903	-0.892698067	0.752238601	0.216850548	0.451761462	-0.712676816	0.662905517	0.288258802	0.744902884	0.441802532	-1	0.85889325	0.693814494	-0.279945834	-0.328751594	-0.636534799	-0.551916487	0.034280749	0.280011045	-0.995595907	0.687670293	0.689662197	0.636351431	-0.264063382	-0.967649127	-0.24063498	0.229088555	0.204747328	-0.541781296	-0.644315975	-0.078975994	0.018142724	-0.442940147	0.777050221	0.615054637	0.124614529	0.701454678	-0.502237812	0.722922848	0.175045981	0.80162305	0.49134757	-0.278990546	0.526655997	-0.801822421	-0.096591255	-0.802980785	0.522606392	0.242827285	0.466872554	0.484177799	0.310688625	0.975659403	-0.29552298	0.58465169	0.733630757	0.445663893	0.154112687	0.52028555	-0.201848491	0.296660649	0.555862675	0.61107966	0.310309754	-0.075548275	0.840930101	0.63817793	-0.18990123	-0.185283117	0.34046716	-0.084515622	0.114291522	0.702645931	0.175288948	-0.34760673	0.421730996	0.000785489	0.422978299	0.087536636	0.634514571	0.303931619	0.730007439	0.272740151	0.411448958	0.468702119	0.632849856	0.348098317	0.690178598	0.15269145	0.226146631	0.471091143	0.088700749	-0.159981315	0.55966415	0.721953891	0.391220544	0.1791512	0.381421529	0.607151829	0.024257588	0.275872642	0.164939034	0.425822036	0.573756711	0.369037971	0.164315994	0.208059487	0.231027392	-0.040820185	0.156502907	0.622501262	0.110347073	0.459204306	-0.060062497	0.179374656	-0.27671801	0.281956805	0.375377843	0.376467648	0.306875395	0.366109952	0.616672783	0.425107558	0.231080936	-0.111570152	0.240365214	0.350308446	0.179879145	0.040967508	0.18285986	-0.122688206
-0.002868123	0.040089829	-0.981804134	-0.342943285	-0.230907203	0.140852992	-0.234558862	-0.565604648	0.300929168	-0.364980299	-0.514153216	-0.651197409	-0.355611316	-0.451582356	-0.235654783	-0.900871677	-0.419174089	-0.159550549	-0.609084121	-0.671156623	-0.411169961	-0.454975013	-0.52853414	-0.513107934	0.009357823	-0.128318488	-0.553203203	0.57341693	-0.543764843	0.784435712	-0.768744784	-0.38673936	0.474502217	-0.638508576	-0.582558549	-0.272253074	-0.886147654	-0.742936479	-0.027873855	-0.850231334	-0.641235162	-0.288700799	0.528324352	0.583904259	-0.052384732	0.042303645	0.91038264	-0.769011977	-0.92297623	-0.887130163	0.622964541	-0.100236851	-0.677746287	-0.957166444	-0.353650564	-0.637682658	0.299689332	-0.783112917	0.575901119	-0.841051868	-0.399192532	0.410629135	-0.775302345	-0.480702949	-0.258855551	-0.116422719	0.14635918	-0.464519485	0.703081609	-0.703070691	-0.589068155	0.327512903	-0.108894191	0.01157476	-0.074711673	-0.612415491	-1	-0.111580023	-0.14273291	0.485835231	-0.552822439	-0.371089325	-0.897315492	-0.219785191	-0.552169342	-0.343576685	0.130816158	-1	-0.79696809	-0.509786259	0.808352379	0.14823241	-0.801715107	-0.126800767	-0.744810851	-0.742607162	0.158227547	0.674910633	0.366929306	0.571789828	0.67400732	-0.535550743	0.241460844	-0.883930176	-0.601039791	-0.77971165	-0.806867364	-0.609899613	-0.079817814	0.645823526	-0.774456717	-0.612260577	-0.082163761	-0.250153393	-0.574171998	1	0.926047352	-0.194099402	-0.273284337	0.900319969	-0.153605217	0.363222422	0.836911513	-0.22255099	0.395089994	1	0.111378906	0.371334903	0.339573631	0.029718727	-0.073096775	1	0.728164575	0.466047427	0.86925294	0.648582036	-0.524312486	-0.681881645	0.293489089	0.462093491	0.321206885	-0.56818089	0.752202797	-0.997932294	0.52176008	0.417172542	0.092783722	0.632064322	0.525099355	0.123791112	0.537273136	0.146594705	0.144377129	0.826475147	0.544609455	0.302298241	0.247575132	0.200078737	-0.077954185	-0.137928855	0.00150057	0.026628527	0.187753134	0.181531727	0.07751868	0.033558841	-0.105402737	-0.030527543	-0.281140344	-0.913343819	-1	-0.52293021	-1	-0.001475183	-0.999327793	-0.162946046	0.444462358	-0.076452432	-0.944812833	-0.634669677	-0.332024704	-0.989733319	0.410093887	-0.460756261	0.188783023	-1	0.386705737	0.095633258	0.075239305	-0.218906569	-0.524849463	0.549489669	0.589426936	0.90337029	-0.425952188	-0.758052213	-0.688884209	-0.828722113	-0.163592544	-0.864180279	-0.731316034	-0.940463792	0.763323782	-0.817647354	-0.524378187	0.191064224	0.138154618	0.029101264	-0.073007779	-0.246711173	0.966131332	0.933418431	0.435061583	0.463773317	-0.029485169	0.066694931	0.101149017	0.670596595	0.055016288	-0.274673516	-0.96433436	0.616461964	0.772957746	-0.601800477	-0.170827035	0.211466283	0.478372402	0.511527924	0.511946882	-0.36701424	0.304818282	0.269650521	0.217455985	0.712200092	-0.475907442	-1	0.699027978	0.26892274	0.25223795	-0.660043659	0.335602484	0.544133217	0.769457805	0.983972071	-0.869068352	0.666382373	0.627631349	-0.189351978	-0.049331395	-0.660978291	-0.482924918	-0.386178835	0.097834825	-0.995569349	0.636641578	0.783157219	0.538847954	-0.251867581	-0.971462577	-0.376334913	0.312398012	0.349064263	-0.550890139	-1	0.096469016	0.051129304	-0.292143664	0.726322455	0.857597038	0.036316932	0.754849955	-0.436466451	0.758860055	-0.385884273	0.739846495	0.617033743	0.13551035	0.532259554	-0.86374832	0.117713864	0.091499459	0.54189918	0.117054971	0.605440008	0.391061604	0.590852321	0.430148132	-0.592313099	0.715163318	0.550935761	0.293103733	0.253385355	0.310286201	-0.401887273	-0.122736519	0.626141782	0.394570452	-0.218425578	0.216481054	0.78458037	0.583181287	0.191760892	0.005862751	0.318401163	0.01153879	0.210689753	0.436428012	0.083645138	-0.144351636	0.098116493	0.295093086	0.730112718	0.069629355	0.647883635	0.520274733	0.683693832	0.423360246	0.314117083	0.459419115	0.427001283	0.321604775	0.595940029	0.057835831	0.161573399	0.359529775	0.098331814	0.60328276	0.562021336	0.814576948	0.657245734	0.251161704	0.349163073	1	-0.010962388	0.382403327	0.506924392	0.340187508	0.540921905	0.27439324	0.166252834	0.15862514	0.096275849	-0.291981921	0.129046034	0.276587628	0.145131812	0.395247115	0.467851964	0.270959643	-0.10688429	0.419467212	0.314055223	0.345538984	0.22262352	0.270412407	0.508825513	0.205541668	0.304530344	0.035338487	0.182595296	0.28678827	0.01955902	-0.04795038	-0.21071358	-0.181732237
-0.046496909	0.046390609	-1	-0.148846523	-0.208942881	0.124077243	-0.164511171	-0.494100442	0.12275593	-0.299947485	-0.397207694	-0.535433483	-0.249615095	-0.365307485	-0.220928636	-0.697806025	-0.329171613	-0.181613436	-0.420736063	-0.558684936	-0.327214725	-0.424003983	-0.418456754	-0.412861232	-0.219878815	-0.120472452	-0.45842782	0.485185398	-0.471057313	0.572405053	-0.624443635	-0.416265503	0.627195225	-0.229139264	-0.61472107	-0.272784715	-0.791965499	-0.67262261	-0.116800996	-0.747442851	-0.530910262	-0.272937347	0.315387285	0.414268485	-0.03227401	-0.102142479	0.736143197	-0.638507774	-0.871256434	-0.942575283	0.520015188	-0.150385828	-0.629465863	-0.860489473	-0.336646334	-0.474838864	0.257558338	-0.708615183	0.759753257	-0.721247769	-0.516490497	0.346415091	-0.764565294	-0.420753896	-0.513923354	-0.12466911	0.09562359	-0.535393139	0.61547686	-0.662240337	-0.477580996	0.206131037	-1	-0.069676082	-0.061801092	-0.532245019	-0.907489115	-0.217410829	-0.170554142	0.328798331	-0.572756062	0.056680311	-0.860965444	-0.274842009	-0.539136427	-0.240902201	0.07447858	-0.781928311	-0.680126249	-0.472097954	0.57487069	-0.058927921	-0.60036699	-0.120944285	-0.674076367	-0.698949135	0.19701069	0.553512641	0.259078306	0.522517731	0.554674594	-0.82309823	0.296813653	-0.80596841	-0.666458716	-0.715612971	-0.805627177	-0.111091301	-0.582087282	0.565615783	-0.818047784	-0.631284866	-0.20243141	-0.276765251	-0.551841289	0.913204661	0.777014866	-0.220626597	-0.082829033	0.870715834	-0.114587759	0.324010456	0.832736068	-0.196619159	0.487950337	0.608927821	0.087453484	0.325587769	-0.11349233	-0.213201062	0.004464439	0.943785231	0.721494336	0.306939752	0.759224718	0.375639035	-0.231610109	-0.590217957	0.260311848	0.512142582	0.281373579	-0.511868896	0.666227742	-0.885715295	0.630412301	0.44059762	0.129649006	0.345539479	0.597885126	0.210357935	0.551603119	0.104826466	0.160668143	0.119943176	0.553313882	0.387154593	0.19256703	0.159314431	0.063067162	-0.115127701	0.043032744	0.054420495	0.306416671	0.032351788	0.061931361	0.115705991	-0.216091711	-0.026909126	-0.399583243	-0.658844056	-0.964576768	-0.635017428	-0.916891704	0.038101616	-0.992118294	0.253645797	0.466470858	-0.105781675	-0.908161235	-0.601336787	-0.429549099	-0.969271008	0.299519523	-0.200065894	0.176514176	-0.970956189	0.511496517	0.115910031	0.118906971	-0.065050059	-0.64874098	0.463773416	0.510061	0.506429052	-0.737567775	-0.794394308	-0.541743192	-0.879333856	-0.104044223	-0.813050056	-0.716247649	-0.890807658	0.799142782	-0.664848375	-0.129420068	0.395229275	-0.009475793	0.051307759	-0.140269916	-0.245251515	0.86654809	0.865914744	0.467197869	0.035108792	-0.030283358	0.174743548	-0.059944564	0.537202901	0.368445507	-0.232874161	-0.694759312	0.647372456	0.526478714	-0.514785636	-0.04297854	0.234763991	0.622912054	-0.247149183	0.370497873	-0.577601991	0.331406129	0.222723221	0.227100274	0.648558513	-0.436787439	-0.936125116	0.528264576	0.032150891	0.573256512	-0.565520272	0.518166318	0.619777288	0.664801483	0.173366354	-0.796788914	0.601267448	0.637036724	-0.254935148	0.051935868	-0.595811591	-0.468423164	-0.371612721	0.142977003	-0.624048507	0.590651462	0.661479778	0.469518433	-0.121125566	-0.653777701	-0.231189312	0.032262947	0.217849373	-0.524805491	-0.82900598	0.129869099	0.180440733	-0.121262056	0.696401337	0.605119225	0.064391293	0.656855667	-0.409386496	0.644911286	-0.262126032	0.670297821	0.442599722	0.42286669	0.614125936	-0.668484233	0.31521088	0.247174556	0.511202031	0.333285105	0.468117434	0.499295364	0.157786922	0.575564263	-0.132790954	0.646158494	0.42194251	0.360665976	0.233213074	0.342232997	-0.238295735	0.088449695	0.598328406	0.313961924	0.328812655	0.150644705	0.703986098	0.529189229	0.080654376	0.085219485	0.137133195	-0.297174286	0.255093309	0.419249151	0.054336555	-0.106060393	0.130970828	0.19809026	0.733882872	0.147711894	0.626289131	0.280113974	0.558963251	0.620039113	0.307971354	0.362765821	0.479644461	0.21834671	0.521410278	0.105226236	0.070395972	0.412767097	0.242026906	0.112483718	0.601198642	0.656064	0.651905256	0.226323836	0.328992301	0.632296271	0.022989887	0.339774883	0.329383221	0.230254311	0.50572067	0.313787259	0.193203667	0.176307671	0.195428441	-0.092170733	0.101570463	0.416527951	0.143832753	0.301721947	0.246177037	0.051753307	-0.070467113	0.311777527	0.215777098	0.301472153	0.178943949	0.219088492	0.415327925	0.279192433	0.188920275	0.228513819	0.133598121	0.214824685	0.056310503	-0.044971954	-0.029947068	-0.098231753
-0.141768808	-0.091828935	-0.814136143	-0.034975601	-0.086600317	0.080300555	-0.110071998	-0.340617777	-0.004177753	-0.287500102	-0.344993036	-0.396945088	-0.188761318	-0.26456999	-0.194627006	-0.542529051	-0.232032752	-0.187360178	-0.332888419	-0.438916488	-0.353909981	-0.397506176	-0.276221403	-0.297400322	-0.023700407	-0.096237385	-0.366562708	0.36486674	-0.370850299	0.470632923	-0.482680188	-0.410953765	0.521709279	-0.151612216	-0.464388774	-0.321575317	-0.664120301	-0.547117738	-0.217449937	-0.599408557	-0.424847818	-0.348914634	0.148053401	0.40188431	-0.053957301	-0.086250241	0.542416084	-0.659090889	-0.739052312	-0.981311542	0.45028879	-0.279941525	-0.54819313	-0.667461711	-0.36442778	-0.317935216	0.211589935	-0.625756207	0.361304814	-0.80008276	-0.556190461	0.291533057	-0.851914145	-0.399773704	-0.686537551	-0.10732021	0.021036431	-0.643023263	0.769778866	-0.633036762	-0.383215525	0.118032092	-0.523560463	-0.186734604	-0.118371018	-0.540194763	-0.841475907	-0.159222579	-0.268341805	0.348858592	-0.600939432	0.225024147	-0.770415618	-0.323632526	-0.487270169	-0.143660369	0.086301744	-0.567730972	-0.652869036	-0.332442457	0.389747521	-0.04915512	-0.662361564	-0.249567082	-0.61519435	-0.669476284	0.269069164	0.464412029	0.099543163	0.465829839	0.512330092	-0.925338896	0.321105475	-0.664801798	-0.376611477	-0.661853524	-0.754249976	-0.080927461	-0.4543133	0.893230368	-0.822874649	-0.708999028	-0.372772083	-0.190384792	-0.495381492	0.893031618	0.762513436	-0.093557053	-0.098213947	0.868496674	-0.204811977	0.260040871	0.75000306	-0.294098493	0.319736769	0.45120187	0.205272197	0.19338966	0.010987112	-0.218944655	0.246577126	0.855487642	0.751163185	0.171386599	0.716128265	0.253814107	0.104062167	-0.488228457	0.24286908	0.507810471	0.266980942	-0.519749411	0.842000707	-0.922004251	0.580061387	0.397585598	0.055611475	0.530136956	0.426076313	0.100265534	0.56680638	-0.017653741	0.127833661	0.202019675	0.519823928	0.422291632	0.186483253	0.215299001	-0.008234603	-0.08757373	0.024314332	0.137257835	0.267214009	-0.072139326	0.012928691	0.203097877	-0.279532525	-0.041328711	-0.266199554	-0.146704971	-0.950104477	-0.757444157	-0.867726966	0.048056131	-1	0.210925196	0.454314012	-0.101192963	-0.871344946	-0.640375478	-0.657626646	-0.97989854	0.350142798	0.076384724	0.266724383	-0.821146701	0.474215741	0.096056994	0.21769525	0.172276012	-0.797195199	0.263916658	0.540033916	-0.224858204	-0.892545683	-0.658289801	-0.493762568	-0.872968978	-0.093997616	-0.743625083	-0.739800269	-0.842836914	0.707563779	-0.698331065	0.079727916	0.351410235	-0.118867151	0.007527471	-0.091995152	-0.311018963	0.703324955	0.879612101	0.594673067	0.216187027	-0.039306062	0.270496025	-0.212467708	0.521632127	0.345226955	-0.206053007	-0.352212382	0.603712172	0.238355578	-0.568209364	-0.040885384	0.361466874	0.573003835	-0.267468	0.471298555	-0.364674195	0.398419637	0.319940655	0.251707922	0.57487972	-0.404780414	-0.893086046	0.423227708	0.221892421	0.204837409	-0.60117736	0.606687974	0.489773447	0.60822688	0.153474278	-0.446136929	0.617789957	0.597009425	-0.310278628	-0.11877334	-0.466477097	-0.45020945	-0.069716159	0.160468352	-0.366064615	0.561607022	0.564357194	0.359556846	0.032335809	-0.502825816	-0.272538896	0.37328697	0.040774826	-0.3795234	-0.822430067	0.113234843	0.280213739	-0.019319901	0.594474351	0.450941447	-0.186481467	0.655909454	-0.430760778	0.593728143	-0.248897494	0.663988313	0.30354815	0.346422726	0.240874226	-0.659148167	0.355859524	-0.1966506	0.494645589	0.090785867	0.868025983	0.53903385	0.471100428	0.575878362	0.071519991	0.49826722	0.349193461	0.381395384	0.194195949	0.283388433	-0.090412764	0.21501403	0.453766891	0.478137244	0.326465553	0.15924472	0.625714855	0.507336169	0.001673029	-0.098718094	0.334705642	-0.539473684	0.049749834	0.37454568	0.101370665	-0.052729171	0.225114895	0.278971268	0.200378025	0.110146877	0.545014927	0.250520639	0.433079643	0.55414022	0.232819215	0.376778041	0.330852541	0.145201336	0.45378791	0.136497459	0.086298654	0.279398945	0.193424877	0.282346562	0.33763138	0.555495556	0.458908776	-0.004886593	0.269235319	0.428122103	0.023750772	0.297456568	0.215605241	0.104739847	0.394595502	0.333609931	-0.001606932	0.033490728	0.281552751	-0.096968282	0.040798348	0.142079887	0.086046691	0.270894992	0.076423628	0.148138301	-0.03354242	0.269703321	0.225610859	0.233628251	0.167154881	0.198621028	0.357980469	0.219746332	0.205215295	-0.042242818	0.062372852	0.17849124	0.107923983	-0.031749028	-0.038022709	-0.181192025
-0.102208965	-0.071084613	-0.70057954	-0.104618363	-0.046376141	0.067938633	-0.057182665	-0.190804894	-0.026264776	-0.253987741	-0.191029289	-0.263220689	-0.139806877	-0.174272244	-0.159647541	-0.358242767	-0.156968598	-0.174233199	-0.210467549	-0.322171695	-0.130676658	-0.364796461	-0.173399302	-0.179402908	-0.130757887	-0.107521213	-0.258677221	0.278711378	-0.298086066	0.286919564	-0.361966388	-0.260361653	0.280602562	-0.349292807	-0.344434014	-0.330015106	-0.487317961	-0.449288478	-0.266797122	-0.45195616	-0.390943239	-0.233653463	-0.036965458	0.275740927	-0.060678644	-0.150729401	0.291158064	-0.546784672	-0.611350691	-0.972484541	0.298305726	-0.344616863	-0.482380021	-0.629735733	-0.376509914	-0.197334299	0.185996336	-0.58077627	0.355396708	-0.54905863	-0.536223877	0.23414822	-0.938893029	-0.364312059	-0.9955594	-0.238092351	-0.131133245	-0.717206537	0.731219538	-0.613563211	-0.449961513	-0.006545242	-0.844442028	-0.155791824	-0.123826502	-0.596187545	-0.722153213	-0.191611413	-0.264954095	0.38318207	-0.574007758	0.11920159	-0.709848061	-0.34807747	-0.445668648	-0.113991072	-0.004463344	-0.349826653	-0.564941722	-0.286291716	0.305198737	-0.170630189	-0.548242817	-0.208701031	-0.492693784	-0.623793847	0.346140238	0.528445955	-0.07602709	0.345183212	0.606882555	-0.925501415	0.384230125	-0.650546408	-0.658200447	-0.626697597	-0.557511772	0.464045692	-0.72234458	0.406232648	-0.77597104	-0.639161615	-0.103291193	-0.188263245	-0.483057084	0.844576067	0.650703728	0.120737664	0.021664755	0.854865228	0.068130583	0.330884167	0.665797004	-0.28275656	0.376959923	0.042689156	0.263402382	0.119880177	0.023246885	-0.375107376	0.410625719	0.754332854	0.698957624	0.330271955	0.631624254	-0.192432996	0.453305302	-0.40805802	0.205250392	0.482644842	0.263274355	-0.383598665	0.611559036	-0.980037108	0.427569617	0.410405313	0.033783725	0.380571464	0.640286475	0.076789685	0.326600461	0.010567182	0.149494075	0.461451215	0.581027094	0.353516139	0.229655018	0.27228926	0.01218954	-0.058518124	0.010778915	0.123284594	0.234712278	-0.132081207	-0.053566539	0.210208033	-0.360315567	-0.02025416	-0.152472871	-0.073931768	-0.95248414	-0.859848926	-0.810837657	0.07178684	-0.979472189	0.149341918	0.498742806	-0.132291017	-0.832649299	-0.610407503	-0.827389422	-0.952714538	0.298658048	0.347762811	0.313701445	-0.678728329	0.53103651	0.124429212	0.277645991	0.241735448	-0.915208742	0.218473474	0.471856272	-0.439846006	-1	-0.648239495	-0.554370611	-0.916909457	-0.049350006	-0.620272453	-0.660415125	-0.687409975	0.761536971	-0.661034497	0.38632803	0.380465777	-0.266838662	0.090568539	-0.253938459	-0.532775024	0.634417485	0.836623832	0.712858728	-0.072824039	-0.087024928	0.376840494	-0.341993958	0.402530781	0.35985371	-0.160400013	-0.08739544	0.601341781	0.049353389	-0.300568473	0.057216477	0.116684578	0.458945074	0.228334886	0.354637552	-0.234719297	0.45467737	0.256636913	0.18104895	0.51138665	-0.485114927	-0.737362947	0.255079374	0.423207127	0.360272944	-0.595948739	0.508291401	0.524639647	0.576009532	0.450208472	-0.08396373	0.504007057	0.511861141	-0.395508644	0.096503524	-0.451912408	-0.613094799	-0.018041941	0.260568852	-0.060422938	0.529027652	0.942931798	0.32829576	0.187232581	-0.33302462	-0.412890677	0.163676309	-0.088645165	-0.332872512	-0.721318601	0.102014607	0.446040261	0.171955665	0.543541618	0.261764807	-0.236754219	0.640025491	-0.395310721	0.550813414	-0.350240204	0.604945633	0.071263905	0.287938285	0.258532543	-0.521000594	0.324824167	0.382512775	0.522916212	0.46225888	0.781872127	0.438998384	0.425664341	0.402180458	0.400077139	0.198430946	0.399850707	0.328500873	0.148400366	0.25413476	-0.084591115	0.302879107	0.382632355	0.359849405	0.151503942	0.487790322	0.560556503	0.396611623	0.163495021	0.095826784	0.394504615	0.313465051	0.204327899	0.343763123	0.110105948	0.080505756	0.194380916	0.53845896	0.60003183	0.026948375	0.478729808	0.248740053	0.281963718	0.217368477	0.210076895	0.356934508	0.222009851	0.119869678	0.354881905	0.14981937	0.148320361	0.246245556	0.213394982	0.181885156	0.429648442	0.442945391	0.398125464	0.144991834	0.193122311	0.328974549	0.036168199	0.219646626	0.140471099	0.264968286	0.283120336	0.252023808	-0.005453108	0.096255868	0.106065521	-0.032929977	0.08111474	0.160188383	0.116085683	0.199987466	0.160250768	0.109848839	-0.025108774	0.206857753	0.15692506	0.183233682	0.123151988	0.109973197	0.23535222	0.15595315	0.153602251	-0.022624573	0.056033866	0.10046121	0.059094088	-0.021097239	-0.007166928	-0.103822588
-0.10710394	-0.018682234	-0.592111704	-0.032165681	-0.047149654	0.036821453	0.009681682	-0.08202713	-0.076310941	-0.261047702	-0.066540512	-0.139395157	-0.037358038	-0.073953499	-0.136163416	-0.152504028	-0.063636975	-0.159354776	-0.134611812	-0.187730663	-0.090463673	-0.3483612	-0.030713212	-0.073005498	-0.210482411	-0.118748052	-0.154552866	0.139422262	-0.212022048	0.126940672	-0.212678727	-0.254972936	0.075592061	-0.169297859	-0.26273568	-0.328656729	-0.322093311	-0.344832346	-0.431559067	-0.359999459	-0.323169565	-0.213552901	-0.208852247	0.250964831	-0.08337737	-0.198996891	0.064452731	-0.469805438	-0.434656055	-1	0.202877325	-0.46826506	-0.378538688	-0.43361774	-0.388013452	-0.068837596	0.106382747	-0.473469705	0.427728971	-0.702998281	-0.501773797	0.143881368	-0.810408808	-0.339298729	-1	-0.256686412	-0.178103774	-0.815844844	0.727446061	-0.51589035	-0.448001544	-0.084566879	-0.804341634	-0.242299527	-0.151368881	-0.517840904	-0.653358341	-0.160253458	-0.289394313	0.342447434	-0.601109518	0.300898302	-0.640451033	-0.394347789	-0.428060133	-0.055650016	-0.1451187	-0.150476749	-0.521131871	-0.406744434	0.139087849	-0.301408293	-0.495956541	-0.231674315	-0.487692441	-0.602801206	0.47635011	0.487293272	-0.193662717	0.377721723	0.420079266	-1	0.394288295	-0.536075185	-0.576806171	-0.556976139	-0.447333198	0.494472126	-0.733660615	0.892651136	-0.651648728	-0.479241915	-0.241860568	-0.181725298	-0.449442282	0.795116685	0.56964785	-0.023635837	0.105292902	0.713878434	0.128871089	0.147730588	0.598416338	-0.372513887	0.555868924	0.025253168	0.303325007	0.020966827	-0.128593739	-0.666091531	0.667765718	0.657167647	0.657294255	0.366036699	0.58354205	-0.393042253	0.879734643	-0.269941189	0.181744496	0.496483493	0.296299662	-0.198867757	0.572344018	-1	0.171967575	0.303713612	0.057536671	0.35992962	0.680236392	0.158502264	0.390538193	-0.02899165	0.139631898	0.251367181	0.576830738	0.376448147	0.140231622	0.188456122	0.056505468	-0.056868003	0.046388984	0.11628151	0.214745197	-0.183594485	-0.014842181	0.389523163	-0.249942267	-0.001652487	-0.026678758	0.23733951	-0.907499575	-1	-0.770555301	0.057383468	-0.959069129	0.14024322	0.452564449	-0.153002809	-0.788596629	-0.783340427	-1	-0.926638382	0.354630756	0.633653274	0.41087229	-0.400090069	0.567676462	0.110982933	0.316067662	0.425270684	-1	0.167723563	0.480296578	-0.896640267	-0.977338879	-0.633200641	-0.414838688	-0.766856295	0.017111819	-0.559871213	-0.61692268	-0.743224229	0.796567388	-0.585489326	0.670722003	0.354020308	-0.408418966	0.130450758	-0.033346964	-0.693452448	0.507438491	0.76831624	0.829698657	0.045187469	-0.00466224	0.535417939	-0.497750175	0.487171459	0.601361464	-0.089063139	0.127248853	0.586732846	-0.120719567	-0.170746044	0.16846385	-0.032345934	0.263443563	0.097000693	0.338027062	-0.205657535	0.547837394	0.252401386	0.1830125	0.432787777	-0.458939753	-0.724350786	-0.025470349	0.220393674	0.308346778	-0.461379896	0.517103752	0.551129911	0.352398625	0.153787642	0.365427268	0.51909556	0.521045296	-0.427866212	0.016572044	-0.41321149	-0.287504852	0.210103641	0.137244699	0.29615768	0.471427516	0.639141948	0.16509615	0.300010555	-0.165664224	-0.281356776	0.125951906	-0.208759386	-0.367361112	-0.804724429	0.064359002	0.532407986	0.214490319	0.437457761	0.187240593	-0.361855668	0.566183013	-0.394113116	0.420058418	-0.108353253	0.546700317	0.103817805	0.01135565	0.336079773	-0.392619404	0.504732447	-0.549918868	0.471809888	0.32152615	0.635756735	0.485821319	0.162252518	-0.117089085	0.56288064	0.47895244	0.707148535	0.30393795	0.283920237	0.304450693	0.075558985	0.426647227	0.403651795	0.249930832	0.33252758	0.190579843	0.488074405	0.319668531	0.2539308	0.056293207	0.255179467	-0.263157895	0.134236068	0.335859216	0.0801813	-0.086199919	0.240322866	0.471486601	0.424534587	0.160614366	0.480635482	0.196907971	0.169985086	0.351916949	0.167140115	0.286103904	0.148242143	0.147423081	0.300799782	0.170757648	0.145209356	0.184047705	0.177015057	0.18055051	0.207147178	0.345646116	0.335270462	0.072758212	0.139523695	0.229965601	0.145494602	0.175076016	0.252566884	0.099261217	0.169902131	0.172469181	0.108375635	-0.018653562	0.229368102	-0.038517251	0.044004433	0.105603183	0.03232949	0.142168641	0.037227636	0.060993981	-0.017577511	0.117950522	0.052730784	0.002657604	0.084695303	0.057212576	0.125991895	0.087004864	0.05538505	0.015896151	0.035678874	0.04414178	0.008863149	-0.016775	0.072059597	-0.008654604
-0.072679956	0.00802423	-0.470928757	-0.023082702	-0.023105774	0.022722757	0.014388992	-0.05926821	-0.076343803	-0.145466767	-0.074125005	-0.108813408	-0.02872655	-0.061679713	-0.147939082	-0.119979126	-0.056717453	-0.125954491	-0.097629779	-0.149907582	-0.086542068	-0.284418523	-0.035112486	-0.058372495	-0.152867927	-0.110264505	-0.126734948	0.12040784	-0.16958402	0.117818027	-0.179600197	-0.191005412	0.148217529	-0.189219173	-0.200160072	-0.283551658	-0.264724832	-0.271212236	-0.307722415	-0.252318125	-0.252805642	-0.174740967	-0.16521388	0.189187184	-0.10340204	-0.179706311	0.028096585	-0.376297426	-0.439413282	-0.788682554	0.143919637	-0.330488641	-0.300069119	-0.352505525	-0.33083062	-0.088856408	0.061013036	-0.396659074	0.302687885	-0.40924011	-0.473217599	0.083587006	-0.699425908	-0.32089393	-0.87199396	-0.207022308	-0.185532817	-0.737468721	0.531579748	-0.595198691	-0.401618842	-0.106286704	-0.567133027	-0.27803983	-0.174801644	-0.501462722	-0.581055499	-0.199579531	-0.268361184	0.313379145	-0.603111484	0.228976846	-0.590634738	-0.360500358	-0.387814616	-0.015359378	-0.046741061	-0.086609805	-0.471864875	-0.306877438	0.202596665	-0.258310061	-0.498834386	-0.301196261	-0.514913392	-0.609029968	0.305183049	0.341886058	-0.272970152	0.285012418	0.387988937	-0.945779122	0.312234559	-0.509847795	-0.492483359	-0.534104826	-0.551174295	0.557558737	-0.229493626	0.486335325	-0.488131712	-0.443014481	-0.147299693	-0.190723241	-0.43220429	0.7842273	0.609848489	0.031059458	-0.016609094	0.724603582	-0.036040997	0.061469391	0.579874665	-0.273291779	0.407454616	-0.14039579	0.149592748	0.056160919	0.125350588	-0.608700098	0.578100096	0.663891397	0.656054889	0.331535028	0.474043134	-0.264108658	0.615798561	-0.353947553	0.121460719	0.416995051	0.411238814	-0.26362852	0.810757055	-0.858206925	0.34215558	0.453354582	-0.12651632	0.303103753	0.479797962	0.244166704	0.336074733	0.059931256	0.289410495	0.233571846	0.454333679	0.228094378	0.082835282	0.21923946	0.1364728	-0.053671721	0.070260182	-0.078662081	0.146901809	-0.047963807	0.083389022	0.159828234	-0.166286953	-0.092894922	0.207602521	0.195328514	-0.815047739	-0.797562069	-0.695620088	0.088778347	-0.752082548	0.147630416	0.495544094	-0.190225824	-0.706170125	-0.562952128	-0.839300528	-0.771565907	0.30049843	0.569823786	0.326325108	-0.436200703	0.549101392	0.145174424	0.27841735	0.486684149	-0.871496324	0.08117121	0.429834882	-0.843119898	-0.962615099	-0.540881013	-0.379406745	-0.613024452	0.06421517	-0.343415318	-0.5430416	-0.676390375	0.619217484	-0.565674481	0.677429552	0.319306675	-0.431151934	0.200947172	-0.009869755	-0.56180469	0.441817021	0.732548641	0.712573431	-0.030400227	-0.105718786	0.420663997	-0.297847401	0.385089089	0.386661456	-0.072938048	0.058552036	0.375604095	0.028592484	-0.352269973	0.156594724	0.084421642	0.17263523	-0.051449176	0.327186934	-0.192487427	0.546149357	0.316471858	0.308786953	0.386767828	-0.25021554	-0.666693814	0.191412869	0.34027572	0.299953102	-0.454555317	0.195024257	0.578462511	0.364164038	0.364716907	0.388742386	0.44518703	0.436803469	-0.32012485	0.039486223	-0.352033654	-0.415575698	0.245031905	0.209907561	0.266691676	0.436086441	0.726071132	0.163848145	0.278386412	-0.173585327	-0.059351247	0.215258393	-0.089238062	-0.205155416	-0.511015296	0.031931265	0.607636809	0.226488387	0.38158858	0.151800634	-0.218662095	0.505342121	-0.295227978	0.430922322	0.008639758	0.509212645	0.098864917	0.348535803	0.31765385	-0.322185703	0.439994518	-0.394464645	0.408016079	0.265985461	0.856181246	0.368200983	0.208116548	0.169166911	0.51032885	0.399427386	0.39067882	0.365863279	0.175869313	0.190923062	0.073772869	0.411006973	0.302563842	0.308878058	0.252609507	-0.044466313	0.414973678	0.309866641	0.161698631	0.177672269	0.285721612	-0.015016823	0.009208072	0.283547147	0.08251074	0.020700237	0.192926796	0.460530604	0.313926447	0.246993539	0.415033135	0.145204282	0.16113746	0.460334802	0.141339904	0.208658001	0.021787082	0.147220284	0.243013466	0.151983903	0.138430863	0.179589123	0.231368879	0.111995891	0.133136921	0.265498625	0.29326504	0.094324546	0.142200676	0.186492305	0.096345629	0.144919902	0.102652794	0.108644942	0.135848029	0.122608295	0.061830252	0.0388666	0.002372309	-0.059306032	0.06808174	0.102214096	0.026367571	0.105410646	0.177259521	0.011247563	-0.011235195	0.089308478	0.060989688	0.056158235	0.06547953	0.048227383	0.062084158	0.06365459	0.034079522	-0.013474073	0.020202447	0.032667791	0.053514588	-0.011861862	0.034505345	0.005252536
-0.048539739	-0.014420022	-0.309068796	0.005790323	-0.005004499	0.013461718	0.004802434	-0.037787323	-0.061055788	-0.092090216	-0.024610484	-0.083664784	-0.022167321	-0.049612313	-0.144585363	-0.078826129	-0.047144195	-0.094241513	-0.085778887	-0.111299436	-0.040111216	-0.215684304	-0.052692171	-0.053714001	-0.110484259	-0.096704363	-0.093941344	0.092402651	-0.11259292	0.057423967	-0.143191838	-0.141176809	0.083627404	-0.252295601	-0.144376336	-0.22641387	-0.209553925	-0.180294437	-0.20640988	-0.185280652	-0.170490215	-0.148641242	-0.14053008	0.128320312	-0.135211102	-0.11224357	-0.017076477	-0.308728165	-0.364369894	-0.588804642	0.103774777	-0.27777899	-0.253190026	-0.246956293	-0.257861873	-0.115726721	0.039722704	-0.347127964	0.205312453	-0.358481049	-0.446974044	0.094975013	-0.612219744	-0.274283189	-0.901265484	-0.226444389	-0.22483844	-0.623928632	0.302144362	-0.580420859	-0.365085547	-0.122863358	-0.401572575	-0.33766625	-0.135819929	-0.435715105	-0.500048191	-0.265768402	-0.228157345	0.152884355	-0.587819161	0.163758431	-0.542163509	-0.317820611	-0.34393161	0.018309199	-0.036986954	-0.056328046	-0.426901335	-0.144573452	0.035243251	-0.317351707	-0.405968068	-0.291037453	-0.272198835	-0.528441874	0.334467034	0.332312871	-0.324994512	0.283562684	0.260529525	-0.808184969	0.182519771	-0.43474437	-0.587378419	-0.561997301	-0.507166602	0.479703171	-0.710351539	0.160243685	-0.526398982	-0.521658903	-0.072902138	-0.202796096	-0.32865499	0.760643468	0.613226187	0.039593855	-0.130999718	0.594827487	0.069786369	0.024034718	0.530836813	-0.155698593	0.069690659	-0.189159484	0.011127024	0.102179564	0.271221655	-0.243557513	0.637788635	0.612495428	0.60411697	0.314990869	0.32328462	-0.219528182	0.324043308	-0.474622368	0.070964605	0.301311107	0.522524819	-0.204043648	0.501237843	-0.846849125	0.301283004	0.407380964	-0.285420353	0.017088349	0.365368098	0.173566953	0.135000347	0.077013956	0.412443801	-0.134361981	0.187986877	0.183310574	-0.080265526	0.09644573	0.133691423	0.015328849	0.047574472	-0.040578668	0.044420389	0.114375325	0.175035201	0.089813087	0.13706525	-0.121934094	0.446984273	0.133329892	-0.758863763	-0.663341649	-0.61213197	0.112775101	-0.518897676	0.246215155	0.477865428	-0.21531334	-0.628690224	-0.522864132	-0.805727929	-0.60830692	0.383205195	0.590428056	0.269700267	-0.282155893	0.565882743	0.182189297	0.216329149	0.438441194	-0.786533664	0.141846502	0.361056367	-0.873082833	-0.654479925	-0.5406604	-0.385063108	-0.587024579	0.005297859	-0.197940899	-0.498266103	-0.613881822	0.488067554	-0.541402804	0.616229577	0.289480462	-0.216366	0.30236256	-0.009902764	-0.832892145	0.422408741	0.656526723	0.624020035	-0.053755621	0.010082177	0.339597862	-0.072883853	0.304927851	0.368629726	-0.073391802	0.131663941	0.100281641	0.181675973	-0.630064015	0.032929768	0.057402	0.111580927	-0.161455574	0.366031822	0.006968348	0.47847768	0.102368839	0.243358443	0.351606209	0.02928214	-0.584631198	0.436537097	0.241183451	0.441050141	-0.336604835	0.387919958	0.518648728	0.378308534	0.109980605	0.405973713	0.394035591	0.384816719	-0.217468269	-0.047078985	-0.277210249	-0.303574459	0.334464674	0.115321046	0.199345886	0.38490516	0.386705857	0.186249525	0.334480045	-0.183711247	-0.063585961	0.156985559	0.060989479	-0.057294233	-0.238735134	0.057268698	0.54551332	0.227811714	0.341909434	0.235470332	-0.169332672	0.401347024	-0.157234928	0.34898112	0.189258065	0.513362432	0.276412847	0.597480897	0.375713549	-0.169955997	0.344096019	-0.098260604	0.277662204	0.195087235	0.520764953	0.398945429	-0.047666123	0.135503892	0.456830385	0.367624137	0.466092279	0.32585271	0.166730167	0.205011227	0.02339956	0.304476944	0.248405479	0.277966516	0.101518232	0.157914831	0.343792063	0.236674862	0.191309156	0.188260029	0.1862795	-0.157894737	0.078077535	0.229578303	0.186223297	0.104116765	0.091855358	0.236258122	0.157860826	0.112079499	0.324822432	0.138920523	0.143997923	0.207443752	0.126994751	0.176645683	0.073252491	0.122545354	0.1911157	0.13549781	0.104819303	0.134029988	0.120896715	0.17166909	0.127157071	0.20774172	0.205912089	0.097325079	0.098416101	0.195198175	0.065964997	0.115237641	0.105014538	0.106279248	0.102103456	0.120542755	0.009530539	0.001183551	0.035454766	-0.068482672	0.05261999	0.066957554	0.033389592	0.071992164	0.084790668	0.014284628	-0.00957254	0.090104621	0.043524373	0.041397489	0.045539758	0.032940942	0.058964271	0.045606159	0.056774024	-0.051628423	0.018748315	0.01806304	0.003623927	-0.009268451	0.035962809	-0.025321383
-0.021377665	0.002351865	-0.15299433	0.000264342	-0.006390277	0.008870292	0.000546833	-0.014865381	-0.031138211	-0.041138749	-0.009838336	-0.060258621	-0.004484351	-0.049756561	-0.143949039	-0.037474443	-0.040162618	-0.067829964	-0.075978547	-0.069467261	-0.027035043	-0.144671886	-0.060391076	-0.040920401	-0.111601281	-0.080969834	-0.062756905	0.057078637	-0.070902873	0.021656064	-0.110662924	-0.126021596	0.0368582	-0.23584791	-0.084173016	-0.176439428	-0.161182058	-0.097792157	-0.122405404	-0.122386084	-0.102775802	-0.110961498	-0.102775218	0.046259464	-0.157044011	-0.071582893	-0.043147278	-0.196829176	-0.300570283	-0.37968577	0.044279638	-0.167600059	-0.176673016	-0.211712554	-0.207756085	-0.082361629	0.023533261	-0.244313264	0.130229985	-0.294095503	-0.34488084	0.064011161	-0.553921023	-0.276041073	-0.816007327	-0.228105588	-0.211018841	-0.581334214	0.216934618	-0.602672206	-0.389783672	-0.127988809	-0.453682513	-0.369245829	-0.124131138	-0.454170417	-0.447681338	-0.294773645	-0.198566375	0.108861508	-0.573514937	-0.047990897	-0.473127595	-0.272856286	-0.302716044	0.009868334	-0.015948883	-0.023824586	-0.377690714	-0.123656262	-0.049416671	-0.352240335	-0.320737959	-0.379004602	-0.272926162	-0.51542384	0.171345173	0.334341581	-0.369346355	0.224170103	0.148863919	-0.73588919	0.098821654	-0.395845517	-0.340041267	-0.437210475	-0.382638982	0.357396585	-0.315349058	0.335354573	-0.513542043	-0.376851758	-0.053028901	-0.250207993	-0.321119648	0.789279142	0.566975422	0.25887861	-0.075172053	0.431657086	-0.072048959	-0.096727709	0.482525939	0.093484859	-0.001860319	-0.438470051	-0.126774354	0.177322962	0.450511592	-0.367819419	0.77166166	0.560114902	0.600098855	0.235170223	0.226474377	-0.348631056	0.093287778	-0.573586601	0.02344727	0.384723274	0.533477021	-0.15402688	0.547546146	-0.706914167	0.455954146	0.454397726	-0.508790557	-0.184038716	0.496316102	0.257658887	-0.051664985	0.082075384	0.580098823	-0.110269145	0.150741459	0.026995175	-0.033969069	0.031316893	0.181193173	0.007134448	0.041935436	-0.026185224	0.040724889	0.328462279	0.253658373	0.034233519	0.379480193	-0.263853537	0.723771767	0.077432007	-0.70322401	-0.493286179	-0.512068839	0.134905873	-0.258987702	0.332950452	0.419293072	-0.248945274	-0.56300863	-0.511491532	-0.724412367	-0.486848783	0.356622396	0.442897492	0.213803068	-0.13754833	0.45904283	0.216050981	0.088333717	0.398706694	-0.710728713	0.076490799	0.412230608	-0.863495779	-0.577968323	-0.486232388	-0.388152519	-0.474255163	0.028008347	0.008419202	-0.427513802	-0.537719854	0.672083434	-0.500644285	0.593489892	0.171132963	-0.441941352	0.409568341	0.088743142	-0.703012141	0.365001185	0.583318713	0.594611908	-0.070733339	-0.025355292	0.252001995	0.200187434	0.226449254	0.29148759	-0.003626585	0.159310619	-0.072127469	0.297735737	-0.786063325	-0.21828862	0.216257058	-0.008227483	0.148401392	0.284614435	0.29998059	0.551768697	0.155808053	0.311565895	0.316071879	0.137723812	-0.380336246	0.311420585	0.272886331	0.332196648	-0.253027924	0.124390603	0.56294622	0.400084447	-0.045858794	0.495772308	0.313981716	0.302459896	-0.114568717	0.149244264	-0.267432689	-0.154564498	0.279997856	-0.022172565	0.207471303	0.349418052	0.453049788	0.210690546	0.196677181	-0.107506902	-0.002918373	0.132536891	0.197879754	0.020111855	0.003052792	0.1278085	0.365626863	0.239196864	0.246538261	0.335143593	-0.034006295	0.36326678	-0.0607015	0.302159049	0.070051118	0.352073629	0.187502769	0.338740783	0.192322765	-0.018433803	0.185044015	0.062874617	0.252521724	0.244555347	0.210781435	0.235085041	-0.152154159	0.037022732	0.42107243	0.275498632	0.285553207	0.216748798	0.155003611	0.136501549	0.046447194	0.217912179	0.213382734	0.203401825	0.247852695	-0.012530356	0.278990758	0.167522173	0.16671542	0.033328737	0.19293465	-0.105263158	0.06897666	0.179630702	0.077859252	0.080960209	0.083101016	0.344968408	0.319995113	0.108310898	0.2626785	0.155019086	0.119070011	0.125511509	0.104287507	0.121135571	0.068736115	0.135999556	0.147376636	0.100966681	0.078251558	0.102533369	0.09855124	0.125587258	0.060184537	0.173411931	0.192041922	0.057726299	0.108600392	0.099655053	0.044303658	0.084167063	0.100431314	0.051466976	0.080430804	0.075393359	0.048609668	-0.00981431	0.018121911	0.008634264	0.034210823	0.042654143	0.012926512	0.040283296	0.062133678	0.023290041	-0.007177955	0.052866464	0.036689005	0.025977241	0.023141857	0.014888912	0.040067164	0.025830609	0.017634451	-0.007519393	0.007461821	0.013703536	0.002483566	-0.003894147	0.010194216	-0.013350211
0	0	0	0	0	0	0	0	0	0	0	-0.036561397	0	-0.041124209	-0.15108427	-0.001401355	-0.037118931	-0.042326312	-0.053326015	-0.034974141	-0.043474372	-0.079445181	-0.071279487	-0.033200526	-0.067967562	-0.062403056	-0.031643923	0.032481563	-0.019086742	-0.033321616	-0.061339451	-0.090537237	0.002043718	-0.224312951	-0.025506675	-0.116209293	-0.10163633	-0.017726908	-0.028003591	-0.047658582	-0.030793046	-0.067285875	-0.061932576	-0.010975175	-0.182620224	-0.040969479	-0.066852013	-0.091784181	-0.245806518	-0.184982917	0.004217654	-0.098258963	-0.117341469	-0.138476548	-0.156520981	-0.078727358	-0.022667182	-0.177084701	0.125932823	-0.18021983	-0.309753785	0.044248408	-0.512670321	-0.256458963	-0.740002939	-0.212803952	-0.212278487	-0.510363957	-0.111055429	-0.609210361	-0.3129403	-0.151492254	-0.393856727	-0.35261123	-0.114813101	-0.414778083	-0.382977357	-0.287998488	-0.169040926	0.102744509	-0.572135495	-0.17776673	-0.430278732	-0.227907915	-0.235823039	0.002835809	0.008733526	0.011811509	-0.255528348	-0.118384304	-0.114057898	-0.355006377	-0.339262616	-0.352766754	-0.115238776	-0.509700476	0.127048798	0.422499519	-0.438890292	0.237434908	0.011380145	-0.600130051	0.007627985	-0.311012541	-0.341856869	-0.355671828	-0.384640504	0.372089039	-0.162937637	-0.154126319	-0.628587707	-0.190466709	0.00015663	-0.266241432	-0.260901035	0.815415321	0.59082848	0.188724617	-0.280289139	0.261623799	-0.02309854	-0.243086956	0.445973837	0.233958429	-0.094201026	-0.446151364	-0.255761007	0.216119458	0.325640766	-0.069418579	0.793522964	0.537565549	0.543460267	0.292060768	0.102378143	-0.238215218	-0.170657638	-0.685121307	-0.029374934	0.392696214	0.520412757	-0.262768268	0.603062275	-0.634716188	0.354736096	0.328815501	-0.702075975	-0.370071145	0.336982721	0.223970689	-0.131622277	0.178615519	0.748028302	-0.331101556	0.06720154	-0.094026444	-0.289087815	-0.030785317	0.264781954	0.041824997	0.059932476	-0.06269856	-0.077338757	0.336724114	0.35373129	0.024534234	0.540705779	-0.325298722	0.901911384	0.064303297	-0.621830165	-0.338410282	-0.449419437	0.153361098	-0.007206351	0.290664259	0.445188732	-0.275008448	-0.487335316	-0.29520787	-0.637458885	-0.344762305	0.414043738	0.511701417	0.150663524	-0.137025969	0.466220656	0.259945574	0.053928871	0.430329136	-0.628540555	-0.060363103	0.361676247	-1	-0.576464132	-0.425718165	-0.280277587	-0.452412033	0.035629639	0.162026172	-0.416327006	-0.483055663	0.601851392	-0.365324367	0.541807321	0.18331611	-0.481314147	0.516966941	0.11239303	-0.809380817	0.290651956	0.583138421	0.45611761	0.093568975	0.035997766	0.112765134	0.385536945	0.144809773	0.174700421	-0.023806726	0.029371564	-0.259795478	0.421403752	-1	-0.173251579	0.032184075	-0.124920813	0.100970811	0.328110976	0.17862855	0.561199534	0.195691926	0.28171854	0.267275301	0.04569994	-0.405853542	0.663477628	0.231193663	0.513627366	-0.167571785	0.291840683	0.570720069	0.430254572	0.234321784	0.505877673	0.347855258	0.251300668	0.014638132	0.131418135	-0.19244554	0.00081202	0.398608834	-0.006205621	0.146764237	0.313143742	0.803990648	0.217916771	0.196356448	-0.081798904	-0.075029728	0.285922394	0.323211138	0.046467609	0.236089152	0.092717372	0.341668175	0.292682672	0.13753608	0.429657188	0.055221948	0.279103043	0.07921819	0.311141356	0.245421166	0.313936979	0.317978346	0.261232065	0.179240435	0.102310997	0.140186224	0.560358558	0.13946441	0.156908022	0.189845783	0.1425986	0.1147679	0.053647367	0.289446565	0.052171178	0.097649005	0.155878907	0.101777751	0.128980377	-0.033385572	0.222711234	0.130389243	0.197147181	0.101691799	0.117806363	0.199320087	0.092298928	0.089880716	0.05244874	0.018260369	0.006233429	-0.031731485	0.124395642	0.134165658	0.101072222	0.087094597	0.240312151	0.133995731	0.112832615	0.215351266	0.091196467	0.115044183	0.046087386	0.084669903	0.096024274	0.06565615	0.106993353	0.096330089	0.083952552	0.06342649	0.077551388	0.057948676	0.079587229	0.074278024	0.125692548	0.113466803	0.058894842	0.069446242	0.042364431	0.022591381	0.05268587	0	0.044177246	0.045580427	0.040464509	0.025243271	0	0	0	0.031700698	0	0.007505652	0.026501691	0.055435876	0.011570321	0	0	0.024920185	0	0	0	0	0	0	0	0	0	0	0	0	0
0	0	0	0	0	0	0	0	0	0	0	-0.027421047	0	-0.030843157	-0.113313202	-0.001051017	-0.027839198	-0.031744734	-0.039994511	-0.026230606	-0.029630751	-0.070683277	-0.051805701	-0.030925497	-0.048616277	-0.046951252	-0.023949542	0.024600375	-0.014297322	-0.026150651	-0.04222924	-0.064169168	-0.022336952	-0.179370322	-0.027054146	-0.089174522	-0.078181194	-0.0108652	-0.031949852	-0.036060857	-0.022923526	-0.049067195	-0.045414362	-0.001025174	-0.146102913	-0.029129251	-0.05164612	-0.077083707	-0.188908133	-0.157294332	-0.001420078	-0.0736017	-0.091204683	-0.116793237	-0.119121368	-0.058340923	-0.027510809	-0.131963324	0.082670145	-0.14949501	-0.194624322	0.015199654	-0.349110729	-0.203909443	-0.573314301	-0.177516106	-0.164928998	-0.393500225	-0.139708094	-0.52087206	-0.257750314	-0.162233412	-0.28058544	-0.244011836	-0.103439456	-0.356250044	-0.320841416	-0.285161863	-0.133126224	-0.008463805	-0.51262374	-0.200750337	-0.323414878	-0.182055232	-0.210446129	0.018635437	-0.007842613	0.005690793	-0.261877952	-0.087786737	-0.022919851	-0.274971865	-0.277949654	-0.343925229	-0.08675333	-0.395722364	0.093505711	0.304044211	-0.347940045	0.17380326	0.048187431	-0.47434825	0.007888208	-0.30745822	-0.348112756	-0.318518161	-0.356510698	0.205655567	-0.132297541	-0.2236097	-0.48186009	-0.301311235	-0.116725713	-0.235176699	-0.24724254	0.603601728	0.501875595	0.216369227	-0.214247044	0.189660993	0.007050431	-0.256418894	0.36109935	0.170507846	-0.171182473	-0.339486131	-0.234258633	0.186741543	0.295164502	-0.250106477	0.707219433	0.390823522	0.50220705	0.186895113	-0.069167165	-0.004394528	-0.116085726	-0.630630777	-0.061732528	0.322709494	0.331709278	-0.142352334	0.613508202	-0.52821639	0.386307951	0.293704397	-0.658235887	-0.597239221	0.271480721	0.110339659	-0.402035577	0.162467573	0.7053286	-0.562110769	-0.080749188	-0.047309497	-0.382845564	-0.215956165	0.124174856	0.049112878	0.015582947	-0.074599388	-0.327609178	0.567088844	0.414119449	-0.309876563	0.558578603	-0.509645983	0.834482792	-0.006583908	-0.510427378	-0.320006337	-0.383788844	0.16755473	0.017710595	0.335417485	0.478766369	-0.309936412	-0.458669841	-0.181029945	-0.477586509	-0.27051699	0.422596065	0.499235057	0.174092124	-0.121101895	0.403802037	0.129641415	0.006023487	0.404480792	-0.460410401	-0.02089756	0.395134213	-0.938840766	-0.576887489	-0.328584852	-0.233953574	-0.361471256	0.121191562	0.112627683	-0.322929098	-0.361595103	0.515186011	-0.30105485	0.501379658	0.172077283	-0.38438343	0.445898702	0.167816551	-0.587399467	0.33478523	0.506609999	0.437189022	0.096868476	-0.017948063	0.060154111	0.366216031	0.206805311	0.189816129	0.003351768	0.086817044	-0.208282296	0.420529321	-0.706333633	-0.168202466	0.200237385	-0.180941549	0.244558064	0.299873195	0.073482371	0.459344224	0.320187629	0.279249542	0.265987695	0.073972043	-0.268960539	0.478427736	0.233271173	0.399099132	-0.1118377	0.247776988	0.572686703	0.399674294	0.036791654	0.495162636	0.303538655	0.20651329	0.003825532	0.18180526	-0.144904515	0.004029604	0.273043437	0.074147265	0.098788954	0.268046578	0.386417027	0.213515244	0.137935197	-0.07800501	0.130632013	0.344985917	0.263991485	0.010373455	0.282367325	0.018342745	0.334484258	0.250665489	0.14429897	0.374289054	0.057558157	0.234290322	0.082643232	0.225588847	0.199620793	0.261938984	0.346962746	0.193121452	0.065698898	0.08372744	0.102411177	0.214814872	0.090907236	0.075173999	0.187475241	0.149545963	-0.006773094	0.051618107	0.229366073	0.220841432	0.16143015	0.152138868	0.085256037	0.098743384	0.064489124	0.180872607	0.098565049	0.124085962	0.105082297	0.11186016	0.167745851	0.067645973	0.015290364	0.067327354	0.085517295	-0.039473684	-0.015172923	0.096741068	0.060342687	0.086744332	0.063407364	0.163196603	0.141599691	0.073301091	0.174582214	0.086466926	0.092014666	0	0.062563581	0.075939993	0.030511682	0.07515378	0.077561273	0.054118598	0.043455054	0.062773448	0.057903382	0.057535325	0.054220116	0.08354143	0.089533076	0.050971312	0.036523307	0.049915557	0.012180533	0.043976074	0.023495746	0.019702944	0.028915848	0.028648943	0.016542631	0	0	0	0.020486664	0	0.011747897	0.016712004	0	0.016663703	0	0	0	0	0	0	0	0	0	0	0	0	0	0	0	0
0	0	0	0	0	0	0	0	0	0	0	-0.018280698	0	-0.020562104	-0.075542135	-0.000700678	-0.018559465	-0.021163156	-0.026663007	-0.01748707	-0.029336017	-0.047122185	-0.032990442	-0.020616998	-0.044331403	-0.030610635	-0.021216866	0.01611656	-0.011121871	-0.018350116	-0.025046506	-0.039316115	0.003258491	-0.11978728	-0.020947786	-0.056516948	-0.05230599	-0.007439166	-0.017600327	-0.024831572	-0.014983317	-0.035798814	-0.031418906	-0.005076176	-0.123656826	-0.02309431	-0.040100777	-0.054919342	-0.120521475	-0.117639147	-0.020620402	-0.056605909	-0.063853507	-0.085005769	-0.091588333	-0.051542961	-0.019288434	-0.097050603	0.044229371	-0.10974085	-0.116775205	-0.008641427	-0.313625437	-0.150896927	-0.439786464	-0.146630819	-0.130908864	-0.308659007	-0.155744158	-0.444408053	-0.184205214	-0.156215867	-0.23714946	-0.187300151	-0.104656597	-0.297577272	-0.268353788	-0.225419644	-0.115937676	-0.076556599	-0.451550814	-0.18395	-0.220413616	-0.134808923	-0.159151207	0.000267234	-0.01566751	-0.005778626	-0.224470825	-0.058345437	-0.077839607	-0.233189256	-0.243996123	-0.225293849	-0.155660632	-0.310560633	0.067936304	0.216535599	-0.247595926	0.094231709	0.063891859	-0.405317204	0.050780438	-0.271614199	-0.305659773	-0.296493206	-0.340914858	0.099960316	-0.461073849	-0.126206528	-0.368020912	-0.242000701	-0.042732672	-0.209201517	-0.254721029	0.511051757	0.403687572	0.104476226	-0.282282398	0.060414871	-0.064452276	-0.141402756	0.279539771	0.045528676	-0.282787624	-0.465854337	-0.191156072	0.135184226	0.240510354	-0.235152993	0.635974749	0.290645653	0.445477422	0.168103997	-0.225567613	-0.047547357	-0.047535049	-0.629097165	-0.080698905	0.271870442	0.475452852	-0.104798406	0.453624856	-0.432899438	0.230640373	0.201127947	-0.608082433	-0.838230793	0.155918832	0.09614072	-0.519104156	0.195248417	0.709867608	-0.234163893	-0.211241487	0.041198823	-0.601281992	-0.444457239	0.360692143	0.075127973	-0.032748443	-0.020913111	-0.454864344	0.648143867	0.489343014	-0.488713482	0.487240131	-0.617731107	0.809037113	-0.009168403	-0.454729739	-0.275678236	-0.293446102	0.119039615	0.106578726	0.344278594	0.465431329	-0.335730663	-0.353249222	-0.076167799	-0.385724133	-0.136768947	0.497167936	0.474307132	0.213460775	-0.041352959	0.302741745	0.067045273	-0.044238296	0.391016484	-0.318868694	0.115952318	0.375455826	-0.746895922	-0.451390496	-0.268825571	-0.179997431	-0.281817984	0.087167045	0.013363069	-0.257505334	-0.276249672	0.495903666	-0.282067118	0.448451038	0.221412991	-0.271941321	0.363704607	0.140914242	-0.462465263	0.312915847	0.418507547	0.386118994	0.102571811	-0.018472382	-0.033854998	0.374447598	0.197583167	0.198485425	0.009066375	0.227478317	-0.059757632	0.401108458	-0.436089752	-0.179406287	0.171647767	-0.119242969	0.263844916	0.339868008	0.130854908	0.40103871	0.290126631	0.284633848	0.275394657	0.248001509	-0.172356772	0.74965976	0.247346464	0.278776315	-0.012475439	0.261423977	0.456827502	0.336417298	0.123409165	0.449275563	0.297278091	0.181942138	0.014944974	0.03764915	-0.094773765	-0.008205232	0.28328062	-0.0802029	0.142005652	0.220002551	0.363694661	0.173920462	0.082908991	-0.009217992	0.16578599	0.24744231	0.229723075	0.015336702	0.31774406	0.062024061	0.211566562	0.250794115	0.131819721	0.374528701	0.145302642	0.20514087	0.09064161	0.203200842	0.180293646	0.212035354	0.231337809	0.136602573	0.098011843	0.057630826	0.112400236	0.066895346	0.074917224	0.117928392	0.160890687	0.145634498	0.132389747	0.034113296	0.163770194	0.153091884	0.082608491	0.134107192	0.077103447	0.097890373	0.023788465	0.132558844	0.073463455	0.058780387	0.023180945	0.070899338	0.130061008	0.039964548	0.046376025	0.006539294	0.092403141	-0.026315789	0.000487551	0.074149045	0.049387041	0.058004692	0.058101701	0.076406808	0.139553979	0.027446488	0.091794626	0.057708022	0.0556346	0.061904778	0.040811308	0.047953559	0.033356658	0.044686115	0.052014557	0.036327399	0.032493804	0.03981012	0.025526723	0.048669494	0.045693827	0.056301808	0.050765072	0.025053455	0.036529637	0.017926434	0	0.029653075	0.040809943	0	0.017976313	0.020127025	0.018899646	0	0	0	0.019028916	0	0	0.013358682	0	0	0	0	0	0	0	0	0	0	0	0	0	0	0	0	0	0
0	0	0	0	0	0	0	0	0	0	0	-0.009140349	0	-0.010281052	-0.037771067	-0.000350339	-0.009279733	-0.010581578	-0.013331504	-0.008743535	-0.014668009	-0.023561092	-0.028244401	-0.010308499	-0.022165702	-0.020194627	-0.010608433	0.008137667	-0.004621675	-0.00878626	-0.014305037	-0.026585026	0.00038815	-0.075726867	-0.008201874	-0.042204416	-0.031901261	-0.003557679	-0.010202489	-0.017112514	-0.007571023	-0.016256818	-0.015354564	0.000257626	-0.092156605	-0.010937446	-0.022137522	-0.028025155	-0.063391835	-0.082003527	-0.028193603	-0.038949758	-0.043959286	-0.048864082	-0.059132774	-0.03854479	-0.021972396	-0.065609206	0.021849262	-0.065029669	-0.067492389	-0.036451226	-0.194775802	-0.092639174	-0.304467849	-0.110328337	-0.094785887	-0.203517918	-0.185595097	-0.36581215	-0.101542471	-0.152441213	-0.24738074	-0.142671074	-0.096131169	-0.248520805	-0.23247175	-0.122014587	-0.104702458	-0.139179718	-0.374536954	-0.233820801	-0.108230727	-0.090533209	-0.114134669	-0.005937133	-0.002221918	-0.011854703	-0.15465395	-0.032327713	-0.013168459	-0.193296996	-0.170212298	-0.164652543	-0.091238227	-0.221650392	0.03818898	0.097366222	-0.120226147	0.05081556	0.058818416	-0.358091758	-0.022233728	-0.220777147	-0.248273751	-0.18184445	-0.272094316	0.000117967	-0.161737257	-0.247809952	-0.245383519	-0.185905253	-0.035606311	-0.17576484	-0.22213396	0.386467582	0.269881416	-0.000401889	-0.223290864	-0.084201156	-0.100417209	-0.150363124	0.178250087	0.013445327	-0.354148343	-0.34186156	-0.176172707	0.097281387	0.182574301	-0.269749556	0.508819914	0.159059389	0.36381138	0.157926388	-0.385118819	0.104261815	0.017807663	-0.615347349	-0.112321861	0.222989701	0.337975402	-0.074914792	0.337635572	-0.352943505	0.219123734	0.12639898	-0.587303651	-0.922991587	0.202701849	0.216795242	-0.706904616	0.227947756	0.721102419	-0.450791109	-0.397100051	0.014638272	-0.739412243	-0.620663687	0.055747604	0.069601732	-0.047916664	0.025636321	-0.667019454	0.84051424	0.52560368	-0.76781807	0.59673878	-0.842517749	0.766044927	-0.118460778	-0.358798667	-0.243019428	-0.234520334	0.195470183	0.126024439	0.361936481	0.42050297	-0.347617741	-0.297084851	-0.043730326	-0.272262574	-0.054624916	0.52238531	0.509867907	0.244406825	-0.049799809	0.25246611	-0.048261393	-0.026247886	0.381956682	-0.207575648	0.115543359	0.377833947	-0.624902465	-0.329019161	-0.230861969	-0.167571506	-0.230698454	0.059826123	-0.067896786	-0.190047946	-0.178158805	0.560321854	-0.198857085	0.444539264	0.161430214	-0.176383099	0.240809098	0.223247872	-0.307441544	0.289874698	0.387061814	0.344359059	0.059031792	-0.133864771	-0.151937473	0.383509141	0.232663473	0.159766981	-0.010539035	0.176205833	-0.116174384	0.414824916	-0.08296191	-0.205175133	0.21677226	-0.113610214	0.361691746	0.283220271	0.086141793	0.357650292	0.290161171	0.248842972	0.281589248	0.109637464	-0.097755302	0.655779087	0.177838613	0.310394599	0.076116937	0.214557318	0.377229481	0.322210698	-0.0408991	0.379787873	0.260910118	0.143850005	0.030878171	0.112701846	-0.050171052	0.041414773	0.258201239	0.040571037	0.054754271	0.193951966	0.392221152	0.147210853	0.03914815	0.018179549	0.184328904	0.17861907	0.150510772	0.056735905	0.370682291	0.073794701	0.215340583	0.232118628	0.120004244	0.315257152	0.107067655	0.145847563	0.106584285	0.163709666	0.175938194	0.168057751	0.129592228	0.09324696	0.066563216	0.02109378	0.102357365	0.129237379	0.079493495	0.052022649	0.207478953	0.09873646	0.109953658	0.077469131	0.188049605	0.085032129	0.082886942	0.078203747	0.027426452	0.075235497	0.005770853	0.090572411	0.062763842	0.096147803	0.040175993	0.061341063	0.099992128	0.027004784	0.024293342	0.070550404	0.022094253	-0.013157895	0.01176635	0.054192492	0.025118095	0.038656699	0.016930341	0.071272947	0.018749876	0.015902522	0.072068103	0.032673034	0.034997498	0.041470137	0.023770508	0.037346055	0.01042193	0.027996693	0.03191595	0.022473616	0.014419958	0.022447821	0.018171583	0.031761616	0.022379483	0.030679691	0.037918103	0.016132525	0.020315222	0.016340641	0	0.013897212	0	0	0	0	0	0	0	0	0	0	0	0	0	0	0	0	0	0	0	0	0	0	0	0	0	0	0	0	0	0
0	0	0	0	0	0	0	0	0	0	0	0	0	0	0	0	0	0	0	0	0	0	0	0	0	0	0	0	0	0	0	0	0	0	0	0	0	0	0	0	0	0	0	0	-0.060917299	-0.001304594	-0.005635768	-0.005218317	-0.005562596	-0.049104791	-0.040397266	-0.021692213	-0.021340114	-0.026942228	-0.026685579	-0.031317998	-0.024228614	-0.031594856	0.002995097	-0.031363153	0.004846157	-0.057594601	-0.095092215	-0.039547094	-0.153521953	-0.084180878	-0.045480156	-0.122675641	-0.196046632	-0.282467476	-0.05859644	-0.160950361	-0.190014236	-0.054941013	-0.095510585	-0.190671911	-0.187208287	-0.07957587	-0.075743483	-0.221122473	-0.312828693	-0.218698019	-0.008587559	-0.044629914	-0.069560497	-0.022049378	0.006612219	-0.015092244	-0.108058473	-0.034451523	0.03856223	-0.147362713	-0.104652597	-0.099677278	-0.080757587	-0.146968176	0.026770387	0.064882559	-0.018579424	0.000921818	0.083907293	-0.322885638	-0.036366196	-0.202077053	-0.238134268	-0.130599134	-0.189917316	-0.182687795	-0.079937624	-0.199850632	-0.162198085	-0.139714562	-0.127535286	-0.157082012	-0.232097388	0.256426138	0.226088223	0.01841874	-0.188733464	-0.237902239	-0.159862652	-0.119464942	0.104391678	-0.05563899	-0.415035091	-0.390213927	-0.145374273	0.075111194	0.096689992	-0.267998536	0.429175344	0.029376151	0.298390031	0.139232879	-0.552387376	0.195880982	0.06343133	-0.615430855	-0.13191736	0.149593668	0.330173147	-0.100968811	0.261606394	-0.253293154	0.244041834	-0.007191294	-0.52748279	-1	0.159920356	0.15755347	-1	0.255712381	0.676359566	-0.625198944	-0.540343055	0.110778158	-0.994210462	-0.724233405	0.237703543	0.074502693	-0.074426911	0.035262775	-0.969129696	0.88077272	0.67306402	-0.975907309	0.445968016	-0.825282516	0.651596136	-0.181681797	-0.270719434	-0.209500386	-0.185756167	0.233157123	0.206131201	0.373455199	0.50812675	-0.393085537	-0.220978743	0.145512601	-0.135661609	0.071227907	0.560675538	0.512801186	0.277426553	-0.174359363	0.3503022	-0.112405956	-0.077253454	0.352167809	-0.061953004	0.120638363	0.405283347	-0.599953303	-0.212069302	-0.149822252	-0.109093253	-0.117282631	0.05829705	-0.104396965	-0.067918471	-0.089147692	0.499148523	-0.04756403	0.42368151	0.140646496	-0.102783426	0.205372777	0.24413349	-0.087774593	0.342187159	0.284366445	0.327740822	0.163894679	-0.173493909	-0.24076395	0.385195462	0.220623179	0.258450865	-0.002490931	0.263903206	-0.091675048	0.392184665	0.204989027	-0.200803068	0.347119416	-0.136069241	0.544169055	0.262021837	0.024800662	0.338957129	0.172531532	0.187557869	0.270325588	0.071043235	0.01245905	0.630120431	0.084846237	0.281192942	0.143120352	0.190565473	0.305083862	0.262832199	0.266390875	0.421779289	0.214072383	0.117203995	0.025651938	0.044735433	0.019946354	0.063030323	0.278824888	0.09490712	0.015043394	0.1472238	0.429668009	0.121012887	-0.020438971	0.077315314	0.239018114	0.121981608	0.102130085	0.085566365	0.410734065	0.072446974	0.163664843	0.195299241	0.099009397	0.272139074	0.156288282	0.114622732	0.118156104	0.119025848	0.196240856	0.103981359	0.152464508	0.132030607	0.071849777	0.026311397	0.04824339	0.161075884	0.032692961	0.059988042	0.008580843	0.075585861	0.103481443	0.028116033	0.129974268	0.083735608	0.055323945	0.056487743	0.029175137	0.040734243	0.011115693	0.071808012	0.046438638	0.050407612	0.03730814	0.040416178	0.052778013	0	0.018275407	0.077156502	0.013161377	0	0	0.027907172	0.018031807	0.010920226	0.014929275	0.018523937	0.035765522	0.010469834	0.027403221	0.017920615	0.010888846	0	0	0.01038163	0	0	0.009961425	0	0	0	0	0	0	0	0	0	0	0	0	0	0	0	0	0	0	0	0	0	0	0	0	0	0	0	0	0	0	0	0	0	0	0	0	0	0	0	0	0	0	0
0	0	0	0	0	0	0	0	0	0	0	0	0	0	0	0	0	0	0	0	0	0	0	0	0	0	0	0	0	0	0	0	0	0	0	0	0	0	0	0	0	0	0	0	-0.045687974	-0.000978445	-0.004226826	-0.003913738	-0.004171947	-0.036828593	-0.03029795	-0.01626916	-0.016005086	-0.020206671	-0.023986287	-0.022792758	-0.018673051	-0.023895593	0.002151971	-0.026685403	-0.02814598	-0.042543406	-0.071319161	-0.04827293	-0.11543369	-0.063135659	-0.035910103	-0.070272109	-0.152619198	-0.208868382	-0.046580508	-0.121667085	-0.126083133	-0.051003237	-0.069363312	-0.153205071	-0.158302827	-0.032546832	-0.063406698	-0.168335844	-0.232327194	-0.128091146	-0.012271829	-0.038172452	-0.051588286	-0.0205389	0.003207774	-0.017980095	-0.098377414	-0.045041952	0.035853136	-0.115632871	-0.104110991	-0.071255957	-0.037824816	-0.113669357	0.028307294	0.02085236	-0.032362057	0.007475081	0.064907645	-0.224626948	-0.026681575	-0.150655697	-0.148360509	-0.098545009	-0.174853436	-0.122341254	-0.113955512	-0.202799799	-0.099709646	-0.15257629	-0.136007001	-0.138926299	-0.193625529	0.190029667	0.182131789	0.021060503	-0.177021951	-0.173138746	-0.146857514	-0.118106914	0.061563752	-0.04045845	-0.404814803	-0.317264131	-0.118819253	0.034571171	0.079352761	-0.133433329	0.369991438	-0.043531709	0.263185958	0.057668569	-0.481299354	0.222582323	0.056850277	-0.462859433	-0.099080028	0.132515592	0.28161906	-0.121343189	0.226490403	-0.190619869	0.177532614	0.019484856	-0.493919377	-0.770152129	0.034483242	0.146933861	-0.912030796	0.13908133	0.591398006	-0.34912881	-0.487396241	0.005888559	-0.871406331	-0.756976536	0.164131482	0.061746529	-0.04904065	0.042296916	-0.727135616	0.713674293	0.59327605	-0.798620616	0.448876594	-0.837599515	0.619018085	-0.099213943	-0.23352425	-0.176324171	-0.156580317	0.166727347	0.160951985	0.378258403	0.352046581	-0.367897214	-0.219720701	0.135199416	-0.095395162	0.073498669	0.537315095	0.469312516	0.250058599	-0.1606513	0.210987213	-0.088753106	-0.105479093	0.282633904	-0.020158124	0.111363116	0.353901498	-0.357403269	-0.134417689	-0.110702773	-0.119439899	-0.135736288	0.063350051	-0.051357255	-0.078542113	-0.077128058	0.363434431	-0.010496006	0.361635496	0.080940274	-0.076472886	0.219090555	0.233469227	-0.195429423	0.297180531	0.282341534	0.271849343	0.072066757	-0.129569026	-0.20393937	0.337098763	0.206533965	0.177679173	-0.0096264	0.200360439	0.000528642	0.358495988	0.16207892	-0.175161958	0.132822873	-0.152158762	0.462373041	0.234103873	0.011121568	0.281299627	0.082418832	0.195789877	0.230378055	0.091901402	0.038101595	0.469076664	0.165857008	0.269916939	0.158253079	0.068701945	0.285078525	0.222770705	0.080442297	0.353053281	0.132486324	0.110699763	0.023202874	0.051092645	0.008053582	0.043845615	0.207648141	0.012299377	0.033961899	0.126928986	0.177414241	0.109333857	0.002635591	0.063919783	0.167742941	0.188858552	0.087335967	0.019680831	0.408029517	0.058447013	0.146011235	0.157821422	0.083271244	0.230452638	0.074482258	0.088958762	0.099767525	0.083965348	0.109058411	0.089663687	0.113048227	0.07403598	0.01907413	0.005075563	0.0402755	0.033643819	0.026670214	0.047660673	0.098711975	0.083227512	0.046533555	0.048303952	0.094329801	0.058328872	0.051388535	0.048518344	0.02210357	0.050880942	0.019602928	0.055095279	0.04160484	0.034283478	0.020315295	0.028174919	0.042615959	0	0.035523727	0.031457183	0.014728218	0	0.008957284	0.021637956	0.011355872	0.009167007	0.011035776	0.022694235	0	0	0.020600356	0	0.009351604	0	0	0.007971019	0	0	0	0	0	0	0	0	0	0	0	0	0	0	0	0	0	0	0	0	0	0	0	0	0	0	0	0	0	0	0	0	0	0	0	0	0	0	0	0	0	0	0	0	0	0
0	0	0	0	0	0	0	0	0	0	0	0	0	0	0	0	0	0	0	0	0	0	0	0	0	0	0	0	0	0	0	0	0	0	0	0	0	0	0	0	0	0	0	0	-0.03045865	-0.000652297	-0.002817884	-0.002609159	-0.002781298	-0.024552395	-0.020198633	-0.010846107	-0.010670057	-0.013471114	-0.015990858	-0.015294892	-0.012675127	-0.016702229	0.001944296	-0.015990545	-0.018763987	-0.038464508	-0.047546108	-0.032181953	-0.102760994	-0.042090439	-0.034002081	-0.061337821	-0.099673508	-0.1398806	-0.032073186	-0.081057033	-0.08685082	-0.041483372	-0.047014799	-0.119877159	-0.130290146	-0.010520543	-0.055395588	-0.123047664	-0.166322799	-0.12570945	-0.011483864	-0.026986822	-0.040146619	-0.018044286	-0.005045019	-0.013451058	-0.078577055	-0.012284892	0.013877325	-0.083190476	-0.065475132	-0.059108931	-0.058161881	-0.082136759	-0.005777582	0.021143879	-0.026858891	-0.001899627	0.040974042	-0.153521559	-0.001002082	-0.102636867	-0.100467657	-0.079725177	-0.118249469	-0.081638901	-0.074065827	-0.137423196	-0.060624966	-0.084274761	-0.092566405	-0.095785494	-0.116528076	0.135083843	0.131800166	0.007937464	-0.121779176	-0.13641342	-0.072928171	-0.093763603	0.02072327	-0.034905316	-0.26164405	-0.269127593	-0.101795398	0.01531543	0.023072046	-0.135919532	0.231787861	-0.120826881	0.189983097	0.077840224	-0.422192292	0.135752999	0.049484871	-0.325077468	-0.077730305	0.112619894	0.23980591	-0.201172464	0.123347686	-0.134140666	0.11547754	-0.009899117	-0.435345144	-0.554663675	0.00756539	0.078435053	-0.808576841	0.107886385	0.440858362	-0.235655872	-0.465860482	-0.035020075	-0.872722592	-0.776416727	0.015358046	0.02884569	-0.045348275	0.038056059	-0.662991451	0.623442945	0.507079279	-0.618182068	0.491691579	-0.666734277	0.418252808	-0.004459844	-0.180538081	-0.153400359	-0.110067235	0.125459117	0.205102092	0.2598085	0.368881645	-0.394920457	-0.176204129	0.170302706	-0.115696677	0.056904432	0.463355603	0.374826032	0.232120506	-0.163987641	0.201300172	-0.083155542	-0.028442658	0.229752349	-0.031412066	0.065652927	0.359741317	-0.165781607	-0.060078989	-0.129632322	-0.037710325	-0.046260784	0.06106379	-0.037201367	-0.027321219	-0.028807843	0.330783688	-0.000709304	0.301148656	0.087970294	-0.033659676	0.239296744	0.159301095	-0.193148805	0.245955464	0.215500122	0.269294751	0.011903213	-0.101310881	-0.189361338	0.263717297	0.183860653	0.132385001	-0.019720187	0.176852385	-0.023352026	0.237137932	0.104209663	-0.072186014	0.183216726	-0.125277776	0.299423286	0.179040633	0.068889321	0.262337069	0.176581031	0.168759673	0.196073529	0.135974994	0.071557502	0.358320963	0.101219698	0.215061275	0.125035547	0.112643495	0.219012682	0.192645083	0.128787087	0.287561714	0.096154472	0.085556255	0.031346046	0.02442686	0.027702507	0.110371406	0.201316665	-0.027378142	0.036481393	0.096307999	0.151585952	0.091976109	0.003549535	0.004490235	0.093543116	0.215898342	0.065712242	0.087095872	0.286561518	0.040675171	0.076964294	0.11414825	0.078468416	0.187154177	0.09666923	0.068351405	0.081184859	0.064537598	0.075084113	0.075990659	0.101964901	0.036159153	0.035579042	0.010504958	0.023706082	0.059185837	0.021149727	0.071683731	0.032431646	0.048795274	0.015556911	0.052306993	0.057879391	0.039213331	0.046592584	0.023649705	0.012107842	0.028202509	0.003735325	0.042200577	0.019582791	0.031858927	0.007371836	0.023548807	0.031187917	0	0.009335686	0.01499094	0.007718188	0	0	0.015486781	0.008744717	0	0.009698003	0.015301736	0	0.007444231	0.012526047	0	0	0	0	0	0	0	0	0	0	0	0	0	0	0	0	0	0	0	0	0	0	0	0	0	0	0	0	0	0	0	0	0	0	0	0	0	0	0	0	0	0	0	0	0	0	0	0	0	0	0
0	0	0	0	0	0	0	0	0	0	0	0	0	0	0	0	0	0	0	0	0	0	0	0	0	0	0	0	0	0	0	0	0	0	0	0	0	0	0	0	0	0	0	0	-0.015229325	-0.000326148	-0.001408942	-0.001304579	-0.001390649	-0.012276198	-0.010099317	-0.005423053	-0.005335029	-0.006735557	-0.007995429	-0.011076295	-0.006155044	-0.012142842	0.00044226	-0.010172807	-0.009381993	-0.019232254	-0.023773054	-0.016090977	-0.051380497	-0.02104522	-0.017001041	-0.03066891	-0.050589638	-0.078218593	-0.017122927	-0.049571467	-0.061808431	-0.020626147	-0.029410819	-0.096528606	-0.102398347	-0.010077395	-0.044567856	-0.081019041	-0.087861774	-0.056955407	-0.013602351	-0.019512815	-0.025699544	-0.017061465	-0.012593922	-0.013924429	-0.047046894	-0.015667284	0.001141802	-0.055292223	-0.039593184	-0.032885684	-0.016633501	-0.054128483	-0.005417114	0.002476386	-0.022249595	-0.010153716	0.018310101	-0.106333449	-0.014553019	-0.055360472	-0.055532351	-0.044446388	-0.074396442	-0.07748321	-0.018108959	-0.083557048	-0.027617162	-0.044490952	-0.101599868	-0.077182957	-0.068499008	0.075913922	0.081461365	0.003881233	-0.067556751	-0.105798038	-0.055479214	-0.088081639	-0.016240198	-0.037892655	-0.152465751	-0.160520107	-0.080653225	-0.014402	-0.044263209	-0.066841475	0.094817057	-0.202494431	0.138758834	0.059599145	-0.350682608	0.127489159	0.074724869	-0.179670567	-0.048867622	0.087446042	0.157878538	-0.218095239	0.112718013	-0.080614634	0.098991017	-0.001871517	-0.404728193	-0.335823106	0.06398743	-0.00603208	-0.718528755	0.081382978	0.316059698	-0.029509538	-0.411666059	-0.167233203	-0.741663512	-0.795354404	-0.008894871	-0.011285038	-0.020552884	0.108622822	-0.529434754	0.499665648	0.399398148	-0.509889359	0.30306483	-0.685465307	0.320195186	0.126164806	-0.145957477	-0.135327562	-0.101796399	0.074212514	0.140145762	0.23257936	0.250662064	-0.398492662	-0.154623141	0.153171855	-0.103544396	0.061999006	0.377240802	0.289523913	0.204012011	-0.180195893	0.154137368	-0.040765943	-0.039351854	0.170853958	-0.003659863	0.029660366	0.183042803	0.030619451	0.058866288	-0.046303556	0.000802572	-0.040670177	0.115616167	0.009603873	-0.055201796	0.001979642	0.271620035	-0.008111906	0.242016278	0.035606854	0.003681932	0.25354391	0.163203918	-0.12924461	0.206084504	0.15826974	0.217747482	-0.041185475	-0.050899666	-0.162600654	0.191758661	0.130170464	0.106838409	-0.029524036	0.124789453	-0.020728888	0.17938391	0.127441413	-0.013456556	0.142293166	0.00087544	0.161278498	0.144504183	0.012463398	0.179140059	0.13408536	0.103639155	0.165823429	0.109436651	0.058720544	0.346422775	0.118435769	0.149712261	0.102229776	0.101740253	0.160617102	0.157312839	0.084650964	0.22285996	0.107117512	0.068991605	0.018441552	0.01208906	0.024469589	0.05666407	0.100687205	-0.005911333	0.029802176	0.075192907	0.174484457	0.07357753	0.017521959	0.039677338	0.091509164	0.118919604	0.047105015	0.039201649	0.260261797	0.030109287	0.064361927	0.077478003	0.064497924	0.144418292	0.066180678	0.054467335	0.057527257	0.051241124	0.07851078	0.055255667	0.042208356	0.057155427	0.039149297	0.026109799	0.008023617	0.007733084	0.018636034	0.023694202	0.023333762	0.031400129	0.045648381	0.038607969	0.037416431	0.032197356	0.017029101	0.02504724	0.010049147	0.0182618	0.007527274	0.02776316	0.016957557	0.019667002	0.014530181	0	0.018395432	0	0	0.008205047	0.006499968	0	0	0.008949618	0	0	0	0	0	0	0	0	0	0	0	0	0	0	0	0	0	0	0	0	0	0	0	0	0	0	0	0	0	0	0	0	0	0	0	0	0	0	0	0	0	0	0	0	0	0	0	0	0	0	0	0	0	0	0	0	0	0
0	0	0	0	0	0	0	0	0	0	0	0	0	0	0	0	0	0	0	0	0	0	0	0	0	0	0	0	0	0	0	0	0	0	0	0	0	0	0	0	0	0	0	0	0	0	0	0	0	0	0	0	0	0	0	0	0	0	0	0	0	0	0	0	0	0	0	0	0	0	0	0	0	-0.001071765	-0.001773517	-0.053627003	-0.077789254	0.017334522	-0.034559475	-0.041358058	-0.023868812	-0.015548866	-0.016677853	-0.0099238	-0.011055641	-0.01564904	-0.016942011	-0.012738164	-0.021317047	-0.003707061	-0.002046087	-0.026393054	-0.012547995	-0.01439782	-0.012741866	-0.024339235	-0.01411572	-0.011397559	-0.031514446	-0.020706969	-0.009300868	-0.028479313	-0.010545903	-0.009117148	-0.018522136	-0.020665218	-0.041518884	-0.054571056	0.007449623	-0.065192529	0.007074886	-0.005182603	-0.09139948	-0.047640343	-0.010540473	0.015511582	0.034384601	-0.013341777	-0.026620811	-0.054069372	-0.020672321	-0.069972873	-0.059542069	-0.026595864	-0.083637923	-0.101581608	-0.060276339	-0.042702852	-0.07848657	-0.044455463	0.041873871	-0.281775917	0.080110518	0.017668172	-0.290712775	0.008715604	0.070703408	-0.051592999	-0.017057322	0.051976449	0.107161592	-0.256400346	0.036864744	-0.029072942	0.017801703	-0.019796711	-0.365247568	-0.141729085	0.016452662	-0.008490095	-0.665710268	-0.004246733	0.193985206	0.113268261	-0.362960155	-0.229674705	-0.622996767	-0.805113835	-0.091368633	-0.027684885	-0.003079335	0.127550384	-0.38223213	0.416703938	0.332956348	-0.312399512	0.230253917	-0.676020644	0.132282462	0.112421979	-0.090595646	-0.116853836	-0.066385887	0.016326888	0.138568577	0.24238912	0.233654644	-0.401262507	-0.128121465	0.041323894	-0.092178805	0.058928388	0.319346026	0.245106281	0.179303151	-0.229268026	0.136501245	-0.008078267	-0.009744022	0.117345884	0.020560805	-0.025193031	0.199610114	0.031234834	0.063608766	-0.018694247	0.064722109	0.032796676	0.096438998	0.064941974	-0.056624697	0.032429785	0.224931968	0.060006515	0.16913756	0.004284236	0.052008254	0.270829286	0.087881098	-0.07335993	0.157948727	0.121672805	0.197181098	-0.035029172	0.01324085	-0.134716107	0.125622138	0.099716683	0.093283428	-0.04279422	0.116345974	0.008712508	0.101377004	0.092970911	0.045356932	0.03599271	0.019612664	0.091967037	0.091562273	-0.020986733	0.138735573	0.094246887	0.08192438	0.126969423	0.071576221	0.083285976	0.275845718	0.080178431	0.120252828	0.09662959	0.062466395	0.107867874	0.122097693	0.083801943	0.158432203	0.035101764	0.05245948	0.016712044	0.020762769	0.036229669	0.048890197	0.075886179	0.021568116	0.038495009	0.046641996	0.184646587	0.057704493	0.034454449	0.00821564	0.031129668	0.069570809	0.026260595	0.061065765	0.167843598	0.019034048	0.060587461	0.062281308	0.047443127	0.101651933	0.044273075	0.034174662	0.043323781	0.034571851	0.056325282	0.034094345	0.04152027	0.033663234	0.013285561	0.013032636	0.012177851	0.018277483	0.013322716	0.029557121	0	0.014173185	0	0.014126631	0.021438079	0.016813987	0.008937361	0.013088366	0	0.010299444	0	0.009271308	0.008837709	0	0	0	0.006996559	0	0	0	0	0	0	0	0	0	0	0	0	0	0	0	0	0	0	0	0	0	0	0	0	0	0	0	0	0	0	0	0	0	0	0	0	0	0	0	0	0	0	0	0	0	0	0	0	0	0	0	0	0	0	0	0	0	0	0	0	0	0	0	0	0
0	0	0	0	0	0	0	0	0	0	0	0	0	0	0	0	0	0	0	0	0	0	0	0	0	0	0	0	0	0	0	0	0	0	0	0	0	0	0	0	0	0	0	0	0	0	0	0	0	0	0	0	0	0	0	0	0	0	0	0	0	0	0	0	0	0	0	0	0	0	0	0	0	-0.000803824	-0.001330138	-0.040220252	-0.058341941	0.009824708	-0.025919606	-0.031018544	-0.017901609	-0.01166165	-0.01250839	-0.007405536	-0.008229555	-0.014505902	-0.013778894	-0.009221737	-0.015312873	-0.00156986	0.0010577	-0.020322974	-0.010243161	-0.012951827	-0.008246591	-0.017250491	-0.01362437	-0.008228189	-0.024637152	-0.013857042	-0.008097079	-0.02466474	-0.006261669	-0.007357191	-0.010847278	-0.016513536	-0.032923111	-0.041689936	-0.004249766	-0.049986732	0.003576545	-0.015583753	-0.074418842	-0.038710023	-0.013297304	0.007429747	0.025906443	-0.010593879	-0.018949081	-0.055043665	-0.029057024	-0.05480303	-0.050080469	-0.006721246	-0.05469023	-0.079061105	-0.050563994	-0.030095202	-0.067819996	-0.050586568	0.025968179	-0.221579551	0.056707345	0.010857395	-0.218118139	0.01739763	0.054583031	-0.047720251	-0.014551831	0.036147994	0.081499806	-0.203610978	0.027621113	-0.022382307	0.008773841	-0.0170624	-0.284412456	-0.139436334	-0.021592881	-0.020193961	-0.519866969	-0.022384916	0.142804856	0.106372838	-0.31133094	-0.166625814	-0.539542866	-0.673211658	-0.12092776	-0.016758971	-0.011754228	0.062544101	-0.304891232	0.288886255	0.26910774	-0.400661547	0.199540547	-0.504042793	0.083004116	0.189951661	-0.077311396	-0.094111911	-0.05515451	0.004731816	0.106226621	0.175168689	0.172656982	-0.309081366	-0.107645128	0.036963869	-0.05833166	0.04995562	0.251807747	0.185095437	0.149939421	-0.161931751	0.104955612	0.00873769	0.000826536	0.090257688	0.025031289	-0.022653597	0.181596089	0.13589562	0.061139553	-0.004578804	0.038117822	0.012117638	0.109073811	0.051027188	-0.028943667	0.033444929	0.194326031	0.03446659	0.150246476	-0.018165748	0.04124083	0.224896225	0.090844057	-0.047552521	0.14895307	0.104364743	0.146358313	-0.084243489	0.001373219	-0.090953964	0.097697903	0.075085998	0.075885962	-0.040173533	0.090383144	0.010055121	0.095720217	0.051215048	0.038827984	0.07662979	0.016422814	0.083019988	0.083248035	0.035719814	0.109613523	0.068789936	0.060986881	0.106894936	0.055016935	0.056649412	0.191698183	0.069095243	0.122339005	0.072465814	0.031992735	0.094417023	0.105730518	0.069711488	0.140198452	0.040300616	0.038822572	0.014824905	0.011802117	0.029450938	0.063932654	0.074958723	0.00923209	0.028120025	0.03502391	0.080900158	0.046799638	0.025798384	0.004188508	0.048662037	0.057531311	0.022551721	0.02839148	0.1416562	0.019486637	0.026736894	0.051193122	0.042108562	0.078315205	0.033793749	0.027401689	0.030696444	0.027226241	0.032266848	0.028233539	0.032000223	0.025383719	0.00784903	0.005340598	0.007241955	0.016075796	0.008864612	0.014303886	0	0.010336122	0	0.008404255	0.009721649	0.016850783	0	0.00797893	0	0.005870087	0	0.006878491	0.00463085	0.004919686	0	0	0	0	0	0	0	0	0	0	0	0	0	0	0	0	0	0	0	0	0	0	0	0	0	0	0	0	0	0	0	0	0	0	0	0	0	0	0	0	0	0	0	0	0	0	0	0	0	0	0	0	0	0	0	0	0	0	0	0	0	0	0	0	0	0	0	0
0	0	0	0	0	0	0	0	0	0	0	0	0	0	0	0	0	0	0	0	0	0	0	0	0	0	0	0	0	0	0	0	0	0	0	0	0	0	0	0	0	0	0	0	0	0	0	0	0	0	0	0	0	0	0	0	0	0	0	0	0	0	0	0	0	0	0	0	0	0	0	0	0	-0.000535883	-0.000886758	-0.026813502	-0.038894627	-0.003556145	-0.017279738	-0.020679029	-0.011934406	-0.007774433	-0.008338927	-0.006182377	-0.005288249	-0.009670601	-0.009003256	-0.008174495	-0.011930354	-0.000676818	-0.00149602	-0.013212263	-0.005825635	-0.007858228	-0.006007774	-0.011645358	-0.007964437	-0.006766909	-0.01447885	-0.009612709	-0.004097241	-0.016851133	-0.003602414	-0.005401079	-0.009111254	-0.011242461	-0.020868897	-0.02977455	-0.002544931	-0.03755159	-0.000607945	-0.015771099	-0.056381725	-0.029823618	-0.017322444	-0.001886935	0.01715306	-0.010811638	-0.02407626	-0.040876598	-0.018870007	-0.044122839	-0.044849735	-0.009965165	-0.045638534	-0.062791213	-0.044451719	-0.023065403	-0.054214382	-0.016597572	0.02000556	-0.163665752	0.040010143	0.006475905	-0.157083882	0.006974956	0.027214393	-0.033905735	-0.017373413	0.02769626	0.069326384	-0.157609963	0.014674554	-0.011295207	0.014751707	-0.017149478	-0.197711285	-0.120736156	-0.023347215	0.022892361	-0.391103863	-0.008551681	0.10048673	0.067103097	-0.267701138	-0.126829652	-0.386447976	-0.541831704	-0.106407213	-0.020638423	-0.033696448	-0.022529021	-0.230726154	0.260889286	0.180508321	-0.357753526	0.176594692	-0.367886333	0.152074402	0.109394472	-0.046524419	-0.071653868	-0.03788729	-0.004245701	0.080422817	0.126817546	0.133088843	-0.238105127	-0.086393538	0.021559371	-0.074144631	0.039659975	0.172709624	0.119585917	0.110202497	-0.130652185	0.076650168	0.002979577	-0.021781318	0.065009895	0.030936269	-0.030670688	0.122120865	0.016335248	0.05095604	-0.004383474	-0.00413968	0.009209685	0.076529104	0.029624708	-0.00612138	0.028317836	0.269983604	0.043534024	0.117625835	0.022190714	0.040623979	0.166977064	0.098447197	-0.063784769	0.120187466	0.071466695	0.117590844	-0.048283035	0.009944661	-0.06139206	0.080462652	0.053997076	0.045217047	-0.03250443	0.091092412	0.012116827	0.084712921	0.067515435	0.023911455	0.085892669	0.044245573	0.023652025	0.057196596	0.020144097	0.099815205	0.056829382	0.050668014	0.08550808	0.051563418	0.047160797	0.146051988	0.046724517	0.07884007	0.060899591	0.021354182	0.077737706	0.084992061	0.070952656	0.098089504	0.024543844	0.034570222	0.01301704	0.01884066	0.028368448	0.035589556	0.066033191	0.017697153	0.022776539	0.025249837	-0.00665042	0.036145547	0.016205177	0.004891855	0.049039084	0.027153088	0.017522524	0.016625642	0.110198099	0.004814645	0.01746053	0.031364848	0.02592335	0.062377458	0.014922091	0.019068354	0.021040028	0.019066554	0.018128146	0.018811787	0.029245549	0.022962305	0.009992813	0.005798593	0.006761631	0.008760912	0.007556434	0.010810847	0	0.010545445	0	0.004631186	0	0	0	0	0	0.004743706	0	0	0	0.004276962	0	0	0	0	0	0	0	0	0	0	0	0	0	0	0	0	0	0	0	0	0	0	0	0	0	0	0	0	0	0	0	0	0	0	0	0	0	0	0	0	0	0	0	0	0	0	0	0	0	0	0	0	0	0	0	0	0	0	0	0	0	0	0	0	0	0	0	0
0	0	0	0	0	0	0	0	0	0	0	0	0	0	0	0	0	0	0	0	0	0	0	0	0	0	0	0	0	0	0	0	0	0	0	0	0	0	0	0	0	0	0	0	0	0	0	0	0	0	0	0	0	0	0	0	0	0	0	0	0	0	0	0	0	0	0	0	0	0	0	0	0	-0.000267941	-0.000443379	-0.013406751	-0.019447314	-0.001778073	-0.008639869	-0.010339515	-0.005967203	-0.003887217	-0.004169463	-0.003091188	-0.004198065	-0.004835301	-0.004323045	-0.004087248	-0.005527214	-0.000985863	-0.0006134	-0.007155199	-0.003446688	-0.004250611	-0.003022549	-0.007236924	-0.003485253	-0.002344351	-0.007679451	-0.004958744	-0.00242194	-0.007304178	-0.002313598	-0.002536557	-0.005170701	-0.006258517	-0.010992473	-0.018009383	-0.003786332	-0.034969932	-0.011457857	-0.016444752	-0.034179012	-0.019126817	-0.019893154	-0.01034644	0.010413448	-0.012159448	-0.02549283	-0.035645049	-0.01729039	-0.024583013	-0.035596425	-0.00526345	-0.030016613	-0.040978932	-0.037879359	-0.013912652	-0.043450755	-0.021905819	0.009015976	-0.096975299	0.019202852	-0.006870012	-0.091242504	-0.00154168	0.007312477	-0.021110137	-0.018252988	0.004483209	0.043068818	-0.098750766	-0.00100259	-0.001476762	0.00375744	-0.013988312	-0.115671113	-0.095347575	-0.016984437	0.015650412	-0.229071141	-0.004324465	0.05326306	0.067009555	-0.22051863	-0.097853701	-0.26328077	-0.416745905	-0.125787456	-0.002638562	-0.047558483	-0.086490041	-0.174786378	0.206797206	0.093225572	-0.360608394	0.125910533	-0.258597134	0.088069955	0.066077452	-0.02798719	-0.041983644	-0.022687639	-0.021585486	0.06073861	0.106952567	0.092291645	-0.157171908	-0.064516133	0.028301387	-0.061508184	0.022498326	0.101666184	0.054145452	0.0798034	-0.076988623	0.05274111	0.011062295	-0.002999405	0.046472403	0.032115437	-0.032927514	0.088102954	0.047030125	0.05037038	-0.008977667	0.022688502	0.025462616	0.055998375	0.01362842	-0.017398622	0.022053348	0.131827174	0.017115154	0.087336822	0.024651516	0.038120295	0.112280138	0.077810848	0.006062939	0.095024793	0.060760542	0.067476586	-0.029046158	0.010804943	-0.023360692	0.056562755	0.044289122	0.034048576	-0.022687323	0.059128712	0.008657464	0.068930311	0.047731047	0.02051345	0.047708261	0.016245071	0.071055782	0.032441761	0.023983617	0.060908266	0.033155987	0.025463698	0.062329084	0.065891816	0.035891925	0.112575617	0.032016488	0.063787103	0.049618442	0.020446549	0.05295969	0.067551626	0.041714535	0.066082936	0.019101175	0.01980117	0.009878441	0.006787886	0.017481044	0.023412818	0.046400211	0.001750519	0.01854322	0.018857447	0.058929516	0.023629515	0.008847693	0.003063831	0.029122621	0.0242025	0.011566539	0.009203361	0.082453815	0.004006627	0.014994143	0.027241505	0.015926975	0.041769009	0.014575918	0.011688693	0.012866728	0.011348556	0.008562517	0.011252165	0.011019659	0.015907337	0.003109383	0	0	0	0	0.007614937	0	0.005773104	0	0	0	0	0	0	0	0	0	0	0	0	0	0	0	0	0	0	0	0	0	0	0	0	0	0	0	0	0	0	0	0	0	0	0	0	0	0	0	0	0	0	0	0	0	0	0	0	0	0	0	0	0	0	0	0	0	0	0	0	0	0	0	0	0	0	0	0	0	0	0	0	0	0	0	0	0	0	0	0
0	0	0	0	0	0	0	0	0	0	0	0	0	0	0	0	0	0	0	0	0	0	0	0	0	0	0	0	0	0	0	0	0	0	0	0	0	0	0	0	0	0	0	0	0	0	0	0	0	0	0	0	0	0	0	0	0	0	0	0	0	0	0	0	0	0	0	0	0	0	0	0	0	0	0	0	0	0	0	0	0	0	0	0	0	0	0	0	0	0	0	0	0	0	0	0	0	0	0	0	0	0	0	-0.000326008	-0.000615271	-0.001246261	-0.001509039	-0.005524691	-0.005422893	-0.028035894	-0.015116476	-0.02130666	-0.017860126	-0.010048707	-0.022803788	-0.019408493	0.001804999	-0.011676946	-0.018510998	-0.027461963	-0.016528444	-0.01182664	-0.02972544	-0.001388257	-0.013619195	-0.014768824	-0.030908777	-0.003689529	-0.028243871	-0.015728923	-0.00974964	-0.033766319	-0.000574173	-0.007041646	-0.024710115	-0.006021971	-0.017533974	-0.0097073	-0.021230489	-0.011333669	0.026967703	-0.05543862	-0.012684757	0.005256796	-0.004646808	-0.007642688	-0.037491136	-0.097146645	-0.016543703	-0.004800419	-0.085046139	0.001038657	0.014297752	0.04907887	-0.176876069	-0.055159503	-0.150849753	-0.276864916	-0.076685983	8.69E-05	-0.064098186	-0.163339526	-0.075169386	0.146790456	0.020259473	-0.381013932	0.081850279	-0.170712673	0.079340281	0.052685925	-0.009758056	-0.022058559	-0.005604097	-0.035477241	0.022837475	0.070272287	0.064343264	-0.073926008	-0.05231625	-0.004561223	-0.047667772	0.010264663	0.038527119	-0.010188073	0.043482605	-0.07723991	0.043246496	0.027131368	-0.011614295	0.020022223	0.03059243	-0.018610313	0.043088601	0.028484413	0.041071576	-0.002356211	0.021734093	0.016492471	0.022147397	-0.000470164	-0.011285545	0.009963631	0.081389276	0.02381857	0.050498018	0.028680085	0.036869388	0.064726469	0.057651195	0.007062909	0.075574819	0.03981853	0.027867145	-0.000855733	0.011778131	0.014012077	0.03051797	0.010265185	0.034329642	-0.00926034	0.045661511	0.008718811	0.056382327	0.037062241	0.006987596	0.027542025	0.028988163	0.055329037	0.025967225	0.026206101	0.034123505	0.028918007	0.021692631	0.03831081	0.049144256	0.018858019	0.097929722	0.019675213	0.045449883	0.036175201	0.019526556	0.040677758	0.048188572	0.023246002	0.048231195	0.017718048	0.011386101	0.009889961	0	0.014031939	0.02061724	0.026895163	0.009159895	0.010683955	0.009440538	0.021393249	0.010281423	0	0	0.014621297	0.023918296	0.006558069	0.006997407	0.050402842	0	0	0.011877997	0.005908322	0.021322164	0.008870465	0	0	0.004915137	0	0	0	0	0	0	0	0	0	0	0	0	0	0	0	0	0	0	0	0	0	0	0	0	0	0	0	0	0	0	0	0	0	0	0	0	0	0	0	0	0	0	0	0	0	0	0	0	0	0	0	0	0	0	0	0	0	0	0	0	0	0	0	0	0	0	0	0	0	0	0	0	0	0	0	0	0	0	0	0	0	0	0	0	0	0	0	0	0	0	0	0
0	0	0	0	0	0	0	0	0	0	0	0	0	0	0	0	0	0	0	0	0	0	0	0	0	0	0	0	0	0	0	0	0	0	0	0	0	0	0	0	0	0	0	0	0	0	0	0	0	0	0	0	0	0	0	0	0	0	0	0	0	0	0	0	0	0	0	0	0	0	0	0	0	0	0	0	0	0	0	0	0	0	0	0	0	0	0	0	0	0	0	0	0	0	0	0	0	0	0	0	0	0	0	-0.000244506	-0.000461453	-0.000934696	-0.00113178	-0.004143518	-0.004067169	-0.021026921	-0.011337357	-0.015979995	-0.013091119	-0.007485519	-0.017334986	-0.014174178	0.001757156	-0.008433246	-0.011006455	-0.020389244	-0.012479237	-0.008553254	-0.02173442	-0.00090302	-0.013563377	-0.011337602	-0.023765131	-0.003367078	-0.019606452	-0.006967725	-0.009325434	-0.028960264	-0.000944426	-0.007189138	-0.019008273	-0.001717523	-0.012162871	-0.007968806	-0.015547261	-0.007434798	0.015856198	-0.048316343	-0.008024425	0.001280913	-0.006315136	-0.004335611	-0.028865861	-0.073927342	-0.009045748	-0.001806344	-0.068558387	-0.007823267	0.001027317	0.040001033	-0.142459117	-0.046319027	-0.11908464	-0.217404837	-0.068712591	-0.003339791	-0.04965183	-0.122576731	-0.0637614	0.108097497	0.012561094	-0.281964474	0.057539727	-0.10969659	0.070690704	0.047472559	-0.008553001	-0.021165512	-0.002969002	-0.027132218	0.017744336	0.041643586	0.055413116	-0.059320436	-0.035548786	0.005321598	-0.03834305	0.008141327	0.027965883	-0.014708734	0.030953117	-0.072680066	0.032519841	0.017051229	-0.007990717	0.015139354	0.023001232	-0.015992296	0.041530179	0.014006581	0.027763981	0.001832741	0.013885806	0.012303098	0.031911976	-0.002939948	-0.001450033	0.015004337	0.042238976	0.025203676	0.03979054	0.022602273	0.031561449	0.056435946	0.056059987	0.002930519	0.065046858	0.028023785	0.029361953	0.014043408	0.023142776	0.015512553	0.0284758	0.019033968	0.02588661	-0.005248768	0.045527471	0.010504873	0.048553353	0.035314932	0.011132242	0.021986339	0.019441855	0.041320462	0.022187318	0.028570455	0.028392345	0.033964193	0.020023928	0.034786161	0.043659272	0.021778407	0.073443133	0.01995296	0.042266062	0.025759087	0.00843111	0.026895298	0.035555623	0.027104995	0.03579015	0.014618264	0.009289931	0.007511837	0	0.008817996	0.009543618	0.021789586	0.006376848	0.008955427	0.007023854	0.014244532	0.008127	0	0	0.012624377	0.018713218	0.005461159	0.00436577	0.039125478	0	0	0.007033483	0	0.016947601	0.006980358	0	0	0.00356814	0	0	0	0	0	0	0	0	0	0	0	0	0	0	0	0	0	0	0	0	0	0	0	0	0	0	0	0	0	0	0	0	0	0	0	0	0	0	0	0	0	0	0	0	0	0	0	0	0	0	0	0	0	0	0	0	0	0	0	0	0	0	0	0	0	0	0	0	0	0	0	0	0	0	0	0	0	0	0	0	0	0	0	0	0	0	0	0	0	0	0	0
0	0	0	0	0	0	0	0	0	0	0	0	0	0	0	0	0	0	0	0	0	0	0	0	0	0	0	0	0	0	0	0	0	0	0	0	0	0	0	0	0	0	0	0	0	0	0	0	0	0	0	0	0	0	0	0	0	0	0	0	0	0	0	0	0	0	0	0	0	0	0	0	0	0	0	0	0	0	0	0	0	0	0	0	0	0	0	0	0	0	0	0	0	0	0	0	0	0	0	0	0	0	0	-0.000163004	-0.000307636	-0.00062313	-0.00075452	-0.002762346	-0.002711446	-0.014017947	-0.007558238	-0.01065333	-0.008751771	-0.005319904	-0.011530467	-0.009494774	0.001108784	-0.005696195	-0.008163967	-0.013841271	-0.00731994	-0.00616423	-0.01431757	-0.000621054	-0.008254897	-0.00613228	-0.015474349	-0.002289046	-0.008852682	-0.004652693	-0.00493566	-0.017774364	0.000181977	-0.003651809	-0.01250578	0.000221954	-0.009864856	-0.004989391	-0.010890674	-0.004567981	0.009218059	-0.041614549	-0.00728486	-0.002833015	-0.006425912	-0.010435101	-0.025418119	-0.059852435	-0.012631807	-0.006974023	-0.054062858	-0.01511816	-0.014918999	0.017694692	-0.101791911	-0.037614828	-0.082666118	-0.158594936	-0.046959555	-0.009540806	-0.034711904	-0.091876638	-0.040614874	0.068945752	0.010795769	-0.191331936	0.040972841	-0.087467191	0.051702027	0.029768017	-0.007144781	-0.019425048	-0.005792534	-0.021206971	0.016516547	0.024904002	0.028242808	-0.047429784	-0.024298941	-0.001696236	-0.033159209	0.002722006	0.014707871	-0.006692741	0.020144195	-0.068499846	0.017962408	0.012060076	-0.01206864	0.008441665	0.018736108	-0.015514032	0.024737384	0.030198561	0.021280086	-0.00198465	0.011384722	0.01089837	0.011571718	0.000440777	-3.90E-05	0.011521938	0.057801104	0.015821872	0.031432077	0.018331871	0.025587025	0.049155699	0.056268756	0.003575859	0.053766868	0.024440361	0.029074101	0.00911359	0.006716965	0.016854194	0.023739933	0.015709147	0.018613108	0.000366333	0.0325444	0.010384263	0.038994857	0.030033049	0.010623753	0.014548205	0.026275568	0.026935601	0.017019931	0.020250136	0.022346066	0.020558245	0.011893062	0.025860049	0.017818521	0.011409115	0.055964937	0.012561117	0.027861484	0.020822227	0.014414945	0.024969313	0.024936958	0.013642096	0.023520843	0.008250847	0.008299636	0.005040688	0.00442766	0.003455612	0.006938401	0.015406296	0.005213933	0.005340355	0.004969809	0.01246469	0.005391652	0	0	0.007418371	0.008061719	0	0	0.025252942	0	0	0.004976719	0	0.010560472	0	0	0	0	0	0	0	0	0	0	0	0	0	0	0	0	0	0	0	0	0	0	0	0	0	0	0	0	0	0	0	0	0	0	0	0	0	0	0	0	0	0	0	0	0	0	0	0	0	0	0	0	0	0	0	0	0	0	0	0	0	0	0	0	0	0	0	0	0	0	0	0	0	0	0	0	0	0	0	0	0	0	0	0	0	0	0	0	0	0	0	0	0	0	0	0
0	0	0	0	0	0	0	0	0	0	0	0	0	0	0	0	0	0	0	0	0	0	0	0	0	0	0	0	0	0	0	0	0	0	0	0	0	0	0	0	0	0	0	0	0	0	0	0	0	0	0	0	0	0	0	0	0	0	0	0	0	0	0	0	0	0	0	0	0	0	0	0	0	0	0	0	0	0	0	0	0	0	0	0	0	0	0	0	0	0	0	0	0	0	0	0	0	0	0	0	0	0	0	-8.15E-05	-0.000153818	-0.000311565	-0.00037726	-0.001381173	-0.001355723	-0.007008974	-0.003779119	-0.005326665	-0.007910668	-0.004582773	-0.009162081	-0.006695349	-0.001551687	-0.005098699	-0.006125717	-0.009566923	-0.004205063	-0.005865185	-0.007429777	-0.000875364	-0.004403661	-0.003321646	-0.010098416	-0.0010733	-0.005697709	-0.001140076	-0.001144125	-0.008599408	-0.000160011	-0.00149972	-0.006373594	0.0001144	-0.004427191	-0.002689354	-0.005617692	-0.002831718	0.006743275	-0.032325776	-0.003923028	-0.00676258	-0.00247286	-0.010019214	-0.020620957	-0.040495254	-0.010428995	-0.009696259	-0.038969097	-0.022353282	-0.029710725	-0.00492351	-0.069818799	-0.031965017	-0.052752362	-0.097911745	-0.035921338	-0.013321671	-0.022608906	-0.057846189	-0.026750005	0.027060157	0.01195842	-0.102805928	0.013922823	-0.04468644	0.024118205	0.027250375	-0.00943511	-0.017938815	-0.008445173	-0.01576664	0.00453492	0.015666993	0.007899262	-0.035713113	-0.014781462	0.000555829	-0.027278779	0.002067092	0.007777251	-0.003981429	0.009381091	-0.076503575	0.013267158	0.007659833	-0.006885511	0.003244984	0.0111135	-0.006566696	0.011294691	0.011379861	0.010499572	-0.000912134	0.007381826	0.00930119	0.010299397	0.003742566	-0.001408933	0.0095845	0.026453413	0.011113203	0.019650854	0.011944258	0.021704911	0.039658102	0.039981122	-0.000675821	0.038281699	0.024514804	0.026043422	0.008993731	0.008299593	0.017415146	0.021443622	0.015398546	0.018135297	0.003283088	0.031075899	0.007684888	0.029297983	0.022209905	0.015052537	0.012779608	0.01702726	0.018876901	0.012231702	0.013618197	0.014266356	0.009288119	0.006624579	0.020295771	0.018875722	0.007082011	0.037002929	0.003079126	0.018007291	0.013075173	0	0.010883629	0.015662049	0.010300669	0.012988258	0.006750553	0	0.003138528	0	0	0.005925584	0.003805147	0	0	0	0	0	0	0	0	0.006585236	0	0	0.012992342	0	0	0	0	0.00530084	0	0	0	0	0	0	0	0	0	0	0	0	0	0	0	0	0	0	0	0	0	0	0	0	0	0	0	0	0	0	0	0	0	0	0	0	0	0	0	0	0	0	0	0	0	0	0	0	0	0	0	0	0	0	0	0	0	0	0	0	0	0	0	0	0	0	0	0	0	0	0	0	0	0	0	0	0	0	0	0	0	0	0	0	0	0	0	0	0	0	0	0	0	0	0	0
0	0	0	0	0	0	0	0	0	0	0	0	0	0	0	0	0	0	0	0	0	0	0	0	0	0	0	0	0	0	0	0	0	0	0	0	0	0	0	0	0	0	0	0	0	0	0	0	0	0	0	0	0	0	0	0	0	0	0	0	0	0	0	0	0	0	0	0	0	0	0	0	0	0	0	0	0	0	0	0	0	0	0	0	0	0	0	0	0	0	0	0	0	0	0	0	0	0	0	0	0	0	0	0	0	0	0	0	0	0	0	0	0	0	0	0	0	0	0	0	0	0	0	0	0	0	0	0	0	0	0	0	0	0	0	0	-0.00042772	-0.000382431	-0.000489131	-0.000637769	-0.000624283	-0.024794399	-0.0011319	-0.011067304	-0.005643815	-0.011084631	-0.01842469	-0.024376856	-0.011620629	-0.018903766	-0.019352914	-0.031691855	-0.043659899	-0.026674472	-0.033505277	-0.024049749	-0.015731386	-0.038037578	-0.02366101	-0.019363872	-0.009831779	-0.027336108	-0.004933291	-0.010396047	0.011190774	-0.023453302	-0.009910737	-0.009095027	0.005239987	0.01726705	-0.009558934	-0.017086504	-0.00962078	-0.008164579	0.000119438	-0.004891811	-0.004328518	-0.023144555	-0.005183943	-0.001588541	-0.020824507	-0.000766428	-0.000123555	-0.001068164	-0.000950435	-0.075405069	0.006715171	0.000908691	-0.008361284	-0.003547432	0.004862728	-0.00492006	-0.002160112	0.006848871	-0.004862613	0.001027015	0.005670588	0.002796107	0.006955385	0.003761585	0.004321389	0.00595409	0.014111308	0.009788265	0.008579176	0.006740318	0.016824126	0.03135736	0.030602903	0.002497259	0.026909717	0.019033057	0.023411341	0.012633182	0.007459301	0.017485633	0.018105521	0.014789009	0.010367856	0.008551578	0.02563596	0.008530765	0.018086195	0.014177637	0.010810264	0.009497013	0.008377402	0.023284362	0.008367379	0.006015934	0.008623592	0.006882845	0.003453347	0.014448125	0.013346985	0	0.022261668	0.003535817	0.007922924	0.005440368	0	0	0	0	0	0.004762995	0	0	0	0	0	0	0	0	0	0	0	0	0	0	0	0	0	0	0	0	0	0	0	0	0	0	0	0	0	0	0	0	0	0	0	0	0	0	0	0	0	0	0	0	0	0	0	0	0	0	0	0	0	0	0	0	0	0	0	0	0	0	0	0	0	0	0	0	0	0	0	0	0	0	0	0	0	0	0	0	0	0	0	0	0	0	0	0	0	0	0	0	0	0	0	0	0	0	0	0	0	0	0	0	0	0	0	0	0	0	0	0	0	0	0	0	0	0	0
0	0	0	0	0	0	0	0	0	0	0	0	0	0	0	0	0	0	0	0	0	0	0	0	0	0	0	0	0	0	0	0	0	0	0	0	0	0	0	0	0	0	0	0	0	0	0	0	0	0	0	0	0	0	0	0	0	0	0	0	0	0	0	0	0	0	0	0	0	0	0	0	0	0	0	0	0	0	0	0	0	0	0	0	0	0	0	0	0	0	0	0	0	0	0	0	0	0	0	0	0	0	0	0	0	0	0	0	0	0	0	0	0	0	0	0	0	0	0	0	0	0	0	0	0	0	0	0	0	0	0	0	0	0	0	0	-0.00032079	-0.000286824	-0.000366848	-0.000478327	-0.000468212	-0.018595799	-0.000848925	-0.008300478	-0.004232861	-0.007797219	-0.013818517	-0.018282642	-0.008715472	-0.014177825	-0.018775252	-0.031297717	-0.040268918	-0.016507251	-0.024885009	-0.017625826	-0.010583005	-0.028621424	-0.014967314	-0.014269933	-0.007287797	-0.019741378	-0.00443902	-0.008776153	0.005410542	-0.018413236	-0.008351877	-0.006044834	0.003486352	0.009073952	-0.006920964	-0.012770781	-0.006809536	-0.006691614	-0.001332047	-0.003422204	-0.006689622	-0.01759505	-0.003727267	-0.002492409	-0.015690597	-0.001099016	0.001150034	-0.001207949	-0.000453152	-0.05806599	0.004759985	0.001245792	-0.005928542	-0.003165613	0.002685011	-0.00314135	-0.003060517	0.005763985	0.000646803	-0.001050656	0.004300114	0.004722876	0.005375927	0.002665524	0.001891684	0.005119435	0.01080166	0.008062488	0.006709082	0.003588992	0.012493596	0.02290077	0.023593415	0.001615519	0.020717161	0.013456282	0.017360294	0.010407965	0.007505859	0.013411124	0.013678505	0.012166285	0.014157001	0.006043515	0.014177724	0.007499979	0.011355797	0.009838179	0.005837621	0.008230819	0.013895297	0.009339603	0.006223027	0.007371888	0.007750349	0.009988827	0.004058729	0.010689569	0.007378483	0	0.016146315	0	0.006103422	0.003918	0	0	0	0	0	0	0	0	0	0	0	0	0	0	0	0	0	0	0	0	0	0	0	0	0	0	0	0	0	0	0	0	0	0	0	0	0	0	0	0	0	0	0	0	0	0	0	0	0	0	0	0	0	0	0	0	0	0	0	0	0	0	0	0	0	0	0	0	0	0	0	0	0	0	0	0	0	0	0	0	0	0	0	0	0	0	0	0	0	0	0	0	0	0	0	0	0	0	0	0	0	0	0	0	0	0	0	0	0	0	0	0	0	0	0	0	0	0	0	0	0	0	0	0	0
0	0	0	0	0	0	0	0	0	0	0	0	0	0	0	0	0	0	0	0	0	0	0	0	0	0	0	0	0	0	0	0	0	0	0	0	0	0	0	0	0	0	0	0	0	0	0	0	0	0	0	0	0	0	0	0	0	0	0	0	0	0	0	0	0	0	0	0	0	0	0	0	0	0	0	0	0	0	0	0	0	0	0	0	0	0	0	0	0	0	0	0	0	0	0	0	0	0	0	0	0	0	0	0	0	0	0	0	0	0	0	0	0	0	0	0	0	0	0	0	0	0	0	0	0	0	0	0	0	0	0	0	0	0	0	0	-0.00021386	-0.000191216	-0.000244566	-0.000318884	-0.000312142	-0.012397199	-0.00056595	-0.005533652	-0.002821907	-0.008386098	-0.009212345	-0.012188428	-0.005810315	-0.009451883	-0.012516835	-0.020865144	-0.026845945	-0.009999216	-0.017053448	-0.012511926	-0.006277916	-0.025202769	-0.007824195	-0.009576565	-0.004829122	-0.013529007	-0.002746614	-0.005687883	0.00539191	-0.011006943	-0.005254589	-0.003418821	0.000607408	0.005695778	-0.004584249	-0.008472599	-0.004627088	-0.005082053	-0.000575853	-0.002041555	-0.003945595	-0.011776869	-0.002457561	-0.00049158	-0.010288316	-0.001007578	4.49E-05	-0.000786555	-0.000436565	-0.038172907	0.002489281	0.000498407	-0.003750518	-0.002886947	0.001318198	-0.001359062	-0.001061604	0.004984295	0.000655967	1.97E-05	0.001600344	0.002242512	0.00265183	0.001962717	0.001242549	0.003108507	0.012716288	0.003458867	0.004677631	0.000810966	0.008232357	0.015512558	0.015099526	0.00162631	0.013502458	0.008653949	0.012180775	0.002587784	0.002958308	0.008832099	0.008999594	0.006623435	0.006802053	0.003906674	0.010082968	0.005278421	0.00762155	0.00778378	0.004076351	0.010831455	0.006008821	0	0.004441728	0.003177752	0.006071698	0	0.002313062	0.006703502	0	0	0.009122325	0	0	0	0	0	0	0	0	0	0	0	0	0	0	0	0	0	0	0	0	0	0	0	0	0	0	0	0	0	0	0	0	0	0	0	0	0	0	0	0	0	0	0	0	0	0	0	0	0	0	0	0	0	0	0	0	0	0	0	0	0	0	0	0	0	0	0	0	0	0	0	0	0	0	0	0	0	0	0	0	0	0	0	0	0	0	0	0	0	0	0	0	0	0	0	0	0	0	0	0	0	0	0	0	0	0	0	0	0	0	0	0	0	0	0	0	0	0	0	0	0	0	0	0	0	0	0	0
0	0	0	0	0	0	0	0	0	0	0	0	0	0	0	0	0	0	0	0	0	0	0	0	0	0	0	0	0	0	0	0	0	0	0	0	0	0	0	0	0	0	0	0	0	0	0	0	0	0	0	0	0	0	0	0	0	0	0	0	0	0	0	0	0	0	0	0	0	0	0	0	0	0	0	0	0	0	0	0	0	0	0	0	0	0	0	0	0	0	0	0	0	0	0	0	0	0	0	0	0	0	0	0	0	0	0	0	0	0	0	0	0	0	0	0	0	0	0	0	0	0	0	0	0	0	0	0	0	0	0	0	0	0	0	0	-0.00010693	-9.56E-05	-0.000122283	-0.000159442	-0.000156071	-0.0061986	-0.000282975	-0.002766826	-0.001410954	-0.004193049	-0.004606172	-0.006094214	-0.002905157	-0.004725942	-0.006258417	-0.010432572	-0.013422973	-0.009164884	-0.012387309	-0.00970296	-0.005471968	-0.012601385	-0.009216185	-0.007880455	-0.005906531	-0.009612007	-0.003653488	-0.003160444	0.002188383	-0.009712242	-0.006623967	-0.007375485	-0.011222202	0.004072151	-0.004370546	-0.006714299	-0.004220256	-0.004339655	-0.000470087	-0.001513674	-0.006140185	-0.005724506	-0.001128025	-0.000283946	-0.005379231	-0.000423544	-0.000263857	-0.000260378	-0.000150072	-0.018945919	0.001664498	9.64E-05	-0.00199318	-0.001279721	0.001096926	-0.000440935	-0.000353966	0.002712712	0.00125241	0.000227077	0.000737478	0.00168849	0.001122285	0.001108898	0.000466385	0.001748854	0.00485014	0.0026705	0.002153393	0.00159831	0.003887022	0.007803151	0.00739515	0.000504184	0.006732077	0.004695152	0.005949668	0	0.001840938	0.004323344	0.004613512	0.004063956	0.003145554	0.002311645	0.005023058	0	0.005378389	0	0	0	0	0	0	0	0	0.003852634	0	0.00352655	0.003916646	0	0.005596169	0	0	0	0	0	0	0	0	0	0	0	0	0	0	0	0	0	0	0	0	0	0	0	0	0	0	0	0	0	0	0	0	0	0	0	0	0	0	0	0	0	0	0	0	0	0	0	0	0	0	0	0	0	0	0	0	0	0	0	0	0	0	0	0	0	0	0	0	0	0	0	0	0	0	0	0	0	0	0	0	0	0	0	0	0	0	0	0	0	0	0	0	0	0	0	0	0	0	0	0	0	0	0	0	0	0	0	0	0	0	0	0	0	0	0	0	0	0	0	0	0	0	0	0	0	0	0	0
0	0	0	0	0	0	0	0	0	0	0	0	0	0	0	0	0	0	0	0	0	0	0	0	0	0	0	0	0	0	0	0	0	0	0	0	0	0	0	0	0	0	0	0	0	0	0	0	0	0	0	0	0	0	0	0	0	0	0	0	0	0	0	0	0	0	0	0	0	0	0	0	0	0	0	0	0	0	0	0	0	0	0	0	0	0	0	0	0	0	0	0	0	0	0	0	0	0	0	0	0	0	0	0	0	0	0	0	0	0	0	0	0	0	0	0	0	0	0	0	0	0	0	0	0	0	0	0	0	0	0	0	0	0	0	0	0	0	0	0	0	0	0	0	0	0	0	0	0	0	0	0	0	0	0	0	0	0	0	0	0	0	0	0	0	0	0	0	0	0	0	0	0	0	0	0	0	0	0	0	0	0	0	0	0	0	0	0	0	0	0	0	0	0	0	0	0	0	0	0	0	0	0	0	0	0	0	0	0	0	0	0	0	0	0	0	0	0	0	0	0	0	0	0	0	0	0	0	0	0	0	0	0	0	0	0	0	0	0	0	0	0	0	0	0	0	0	0	0	0	0	0	0	0	0	0	0	0	0	0	0	0	0	0	0	0	0	0	0	0	0	0	0	0	0	0	0	0	0	0	0	0	0	0	0	0	0	0	0	0	0	0	0	0	0	0	0	0	0	0	0	0	0	0	0	0	0	0	0	0	0	0	0	0	0	0	0	0	0	0	0	0	0	0	0	0	0	0	0	0	0	0	0	0	0	0	0	0	0	0	0	0	0	0	0	0	0	0	0	0	0	0	0	0	0	0	0	0	0	0	0	0	0	0	0
0	0	0	0	0	0	0	0	0	0	0	0	0	0	0	0	0	0	0	0	0	0	0	0	0	0	0	0	0	0	0	0	0	0	0	0	0	0	0	0	0	0	0	0	0	0	0	0	0	0	0	0	0	0	0	0	0	0	0	0	0	0	0	0	0	0	0	0	0	0	0	0	0	0	0	0	0	0	0	0	0	0	0	0	0	0	0	0	0	0	0	0	0	0	0	0	0	0	0	0	0	0	0	0	0	0	0	0	0	0	0	0	0	0	0	0	0	0	0	0	0	0	0	0	0	0	0	0	0	0	0	0	0	0	0	0	0	0	0	0	0	0	0	0	0	0	0	0	0	0	0	0	0	0	0	0	0	0	0	0	0	0	0	0	0	0	0	0	0	0	0	0	0	0	0	0	0	0	0	0	0	0	0	0	0	0	0	0	0	0	0	0	0	0	0	0	0	0	0	0	0	0	0	0	0	0	0	0	0	0	0	0	0	0	0	0	0	0	0	0	0	0	0	0	0	0	0	0	0	0	0	0	0	0	0	0	0	0	0	0	0	0	0	0	0	0	0	0	0	0	0	0	0	0	0	0	0	0	0	0	0	0	0	0	0	0	0	0	0	0	0	0	0	0	0	0	0	0	0	0	0	0	0	0	0	0	0	0	0	0	0	0	0	0	0	0	0	0	0	0	0	0	0	0	0	0	0	0	0	0	0	0	0	0	0	0	0	0	0	0	0	0	0	0	0	0	0	0	0	0	0	0	0	0	0	0	0	0	0	0	0	0	0	0	0	0	0	0	0	0	0	0	0	0	0	0	0	0	0	0	0	0	0	0	0
0	0	0	0	0	0	0	0	0	0	0	0	0	0	0	0	0	0	0	0	0	0	0	0	0	0	0	0	0	0	0	0	0	0	0	0	0	0	0	0	0	0	0	0	0	0	0	0	0	0	0	0	0	0	0	0	0	0	0	0	0	0	0	0	0	0	0	0	0	0	0	0	0	0	0	0	0	0	0	0	0	0	0	0	0	0	0	0	0	0	0	0	0	0	0	0	0	0	0	0	0	0	0	0	0	0	0	0	0	0	0	0	0	0	0	0	0	0	0	0	0	0	0	0	0	0	0	0	0	0	0	0	0	0	0	0	0	0	0	0	0	0	0	0	0	0	0	0	0	0	0	0	0	0	0	0	0	0	0	0	0	0	0	0	0	0	0	0	0	0	0	0	0	0	0	0	0	0	0	0	0	0	0	0	0	0	0	0	0	0	0	0	0	0	0	0	0	0	0	0	0	0	0	0	0	0	0	0	0	0	0	0	0	0	0	0	0	0	0	0	0	0	0	0	0	0	0	0	0	0	0	0	0	0	0	0	0	0	0	0	0	0	0	0	0	0	0	0	0	0	0	0	0	0	0	0	0	0	0	0	0	0	0	0	0	0	0	0	0	0	0	0	0	0	0	0	0	0	0	0	0	0	0	0	0	0	0	0	0	0	0	0	0	0	0	0	0	0	0	0	0	0	0	0	0	0	0	0	0	0	0	0	0	0	0	0	0	0	0	0	0	0	0	0	0	0	0	0	0	0	0	0	0	0	0	0	0	0	0	0	0	0	0	0	0	0	0	0	0	0	0	0	0	0	0	0	0	0	0	0	0	0	0	0	0
0	0	0	0	0	0	0	0	0	0	0	0	0	0	0	0	0	0	0	0	0	0	0	0	0	0	0	0	0	0	0	0	0	0	0	0	0	0	0	0	0	0	0	0	0	0	0	0	0	0	0	0	0	0	0	0	0	0	0	0	0	0	0	0	0	0	0	0	0	0	0	0	0	0	0	0	0	0	0	0	0	0	0	0	0	0	0	0	0	0	0	0	0	0	0	0	0	0	0	0	0	0	0	0	0	0	0	0	0	0	0	0	0	0	0	0	0	0	0	0	0	0	0	0	0	0	0	0	0	0	0	0	0	0	0	0	0	0	0	0	0	0	0	0	0	0	0	0	0	0	0	0	0	0	0	0	0	0	0	0	0	0	0	0	0	0	0	0	0	0	0	0	0	0	0	0	0	0	0	0	0	0	0	0	0	0	0	0	0	0	0	0	0	0	0	0	0	0	0	0	0	0	0	0	0	0	0	0	0	0	0	0	0	0	0	0	0	0	0	0	0	0	0	0	0	0	0	0	0	0	0	0	0	0	0	0	0	0	0	0	0	0	0	0	0	0	0	0	0	0	0	0	0	0	0	0	0	0	0	0	0	0	0	0	0	0	0	0	0	0	0	0	0	0	0	0	0	0	0	0	0	0	0	0	0	0	0	0	0	0	0	0	0	0	0	0	0	0	0	0	0	0	0	0	0	0	0	0	0	0	0	0	0	0	0	0	0	0	0	0	0	0	0	0	0	0	0	0	0	0	0	0	0	0	0	0	0	0	0	0	0	0	0	0	0	0	0	0	0	0	0	0	0	0	0	0	0	0	0	0	0	0	0	0	0
0	0	0	0	0	0	0	0	0	0	0	0	0	0	0	0	0	0	0	0	0	0	0	0	0	0	0	0	0	0	0	0	0	0	0	0	0	0	0	0	0	0	0	0	0	0	0	0	0	0	0	0	0	0	0	0	0	0	0	0	0	0	0	0	0	0	0	0	0	0	0	0	0	0	0	0	0	0	0	0	0	0	0	0	0	0	0	0	0	0	0	0	0	0	0	0	0	0	0	0	0	0	0	0	0	0	0	0	0	0	0	0	0	0	0	0	0	0	0	0	0	0	0	0	0	0	0	0	0	0	0	0	0	0	0	0	0	0	0	0	0	0	0	0	0	0	0	0	0	0	0	0	0	0	0	0	0	0	0	0	0	0	0	0	0	0	0	0	0	0	0	0	0	0	0	0	0	0	0	0	0	0	0	0	0	0	0	0	0	0	0	0	0	0	0	0	0	0	0	0	0	0	0	0	0	0	0	0	0	0	0	0	0	0	0	0	0	0	0	0	0	0	0	0	0	0	0	0	0	0	0	0	0	0	0	0	0	0	0	0	0	0	0	0	0	0	0	0	0	0	0	0	0	0	0	0	0	0	0	0	0	0	0	0	0	0	0	0	0	0	0	0	0	0	0	0	0	0	0	0	0	0	0	0	0	0	0	0	0	0	0	0	0	0	0	0	0	0	0	0	0	0	0	0	0	0	0	0	0	0	0	0	0	0	0	0	0	0	0	0	0	0	0	0	0	0	0	0	0	0	0	0	0	0	0	0	0	0	0	0	0	0	0	0	0	0	0	0	0	0	0	0	0	0	0	0	0	0	0	0	0	0	0	0	0
0	0	0	0	0	0	0	0	0	0	0	0	0	0	0	0	0	0	0	0	0	0	0	0	0	0	0	0	0	0	0	0	0	0	0	0	0	0	0	0	0	0	0	0	0	0	0	0	0	0	0	0	0	0	0	0	0	0	0	0	0	0	0	0	0	0	0	0	0	0	0	0	0	0	0	0	0	0	0	0	0	0	0	0	0	0	0	0	0	0	0	0	0	0	0	0	0	0	0	0	0	0	0	0	0	0	0	0	0	0	0	0	0	0	0	0	0	0	0	0	0	0	0	0	0	0	0	0	0	0	0	0	0	0	0	0	0	0	0	0	0	0	0	0	0	0	0	0	0	0	0	0	0	0	0	0	0	0	0	0	0	0	0	0	0	0	0	0	0	0	0	0	0	0	0	0	0	0	0	0	0	0	0	0	0	0	0	0	0	0	0	0	0	0	0	0	0	0	0	0	0	0	0	0	0	0	0	0	0	0	0	0	0	0	0	0	0	0	0	0	0	0	0	0	0	0	0	0	0	0	0	0	0	0	0	0	0	0	0	0	0	0	0	0	0	0	0	0	0	0	0	0	0	0	0	0	0	0	0	0	0	0	0	0	0	0	0	0	0	0	0	0	0	0	0	0	0	0	0	0	0	0	0	0	0	0	0	0	0	0	0	0	0	0	0	0	0	0	0	0	0	0	0	0	0	0	0	0	0	0	0	0	0	0	0	0	0	0	0	0	0	0	0	0	0	0	0	0	0	0	0	0	0	0	0	0	0	0	0	0	0	0	0	0	0	0	0	0	0	0	0	0	0	0	0	0	0	0	0	0	0	0	0	0	0
0	0	0	0	0	0	0	0	0	0	0	0	0	0	0	0	0	0	0	0	0	0	0	0	0	0	0	0	0	0	0	0	0	0	0	0	0	0	0	0	0	0	0	0	0	0	0	0	0	0	0	0	0	0	0	0	0	0	0	0	0	0	0	0	0	0	0	0	0	0	0	0	0	0	0	0	0	0	0	0	0	0	0	0	0	0	0	0	0	0	0	0	0	0	0	0	0	0	0	0	0	0	0	0	0	0	0	0	0	0	0	0	0	0	0	0	0	0	0	0	0	0	0	0	0	0	0	0	0	0	0	0	0	0	0	0	0	0	0	0	0	0	0	0	0	0	0	0	0	0	0	0	0	0	0	0	0	0	0	0	0	0	0	0	0	0	0	0	0	0	0	0	0	0	0	0	0	0	0	0	0	0	0	0	0	0	0	0	0	0	0	0	0	0	0	0	0	0	0	0	0	0	0	0	0	0	0	0	0	0	0	0	0	0	0	0	0	0	0	0	0	0	0	0	0	0	0	0	0	0	0	0	0	0	0	0	0	0	0	0	0	0	0	0	0	0	0	0	0	0	0	0	0	0	0	0	0	0	0	0	0	0	0	0	0	0	0	0	0	0	0	0	0	0	0	0	0	0	0	0	0	0	0	0	0	0	0	0	0	0	0	0	0	0	0	0	0	0	0	0	0	0	0	0	0	0	0	0	0	0	0	0	0	0	0	0	0	0	0	0	0	0	0	0	0	0	0	0	0	0	0	0	0	0	0	0	0	0	0	0	0	0	0	0	0	0	0	0	0	0	0	0	0	0	0	0	0	0	0	0	0	0	0	0	0
0	0	0	0	0	0	0	0	0	0	0	0	0	0	0	0	0	0	0	0	0	0	0	0	0	0	0	0	0	0	0	0	0	0	0	0	0	0	0	0	0	0	0	0	0	0	0	0	0	0	0	0	0	0	0	0	0	0	0	0	0	0	0	0	0	0	0	0	0	0	0	0	0	0	0	0	0	0	0	0	0	0	0	0	0	0	0	0	0	0	0	0	0	0	0	0	0	0	0	0	0	0	0	0	0	0	0	0	0	0	0	0	0	0	0	0	0	0	0	0	0	0	0	0	0	0	0	0	0	0	0	0	0	0	0	0	0	0	0	0	0	0	0	0	0	0	0	0	0	0	0	0	0	0	0	0	0	0	0	0	0	0	0	0	0	0	0	0	0	0	0	0	0	0	0	0	0	0	0	0	0	0	0	0	0	0	0	0	0	0	0	0	0	0	0	0	0	0	0	0	0	0	0	0	0	0	0	0	0	0	0	0	0	0	0	0	0	0	0	0	0	0	0	0	0	0	0	0	0	0	0	0	0	0	0	0	0	0	0	0	0	0	0	0	0	0	0	0	0	0	0	0	0	0	0	0	0	0	0	0	0	0	0	0	0	0	0	0	0	0	0	0	0	0	0	0	0	0	0	0	0	0	0	0	0	0	0	0	0	0	0	0	0	0	0	0	0	0	0	0	0	0	0	0	0	0	0	0	0	0	0	0	0	0	0	0	0	0	0	0	0	0	0	0	0	0	0	0	0	0	0	0	0	0	0	0	0	0	0	0	0	0	0	0	0	0	0	0	0	0	0	0	0	0	0	0	0	0	0	0	0	0	0	0	0