62.48
62.48
103.42
103.42
122.1
122.1
52.75
52.75
33.5
33.5
18.34
18.34
-20.28
-20.28
-31.6
-31.6
-25.43
-25.43
-1.61
-1.61
6.53
6.53
-5.53
-5.53
-6.19
-6.19
-6.32
-6.32
-15.47
-15.47
-10.44
-10.44
-16.6
-16.6
4.89
4.89
68.04
68.04
104.64
104.64
134.83
134.83
140.98
140.98
153.37
153.37
161.53
161.53
164.23
164.23
167.48
167.48
170.5
170.5
158.64
158.64
154.77
154.77
156.51
156.51
151.61
151.61
183.28
183.28
201.56
201.56
213.65
213.65
219.76
219.76
220.55
220.55
219.77
219.77
219.12
219.12
197.28
197.28
200.03
200.03
196.89
196.89
182.92
182.92
188.57
188.57
177.9
177.9
161.76
161.76
166.0
166.0
156.51
156.51
151.35
151.35
172.68
172.68
182.34
182.34
169.78
169.78
157.01
157.01
133.02
133.02
121.77
121.77
83.76
83.76
69.64
69.64
57.45
57.45
25.6
25.6
43.53
43.53
43.81
43.81
68.74
68.74
68.24
68.24
80.81
80.81
76.88
76.88
70.17
70.17
105.88
105.88
81.62
81.62
115.21
115.21
108.64
108.64
106.71
106.71
120.92
120.92
121.94
121.94
104.38
104.38
103.84
103.84
119.61
119.61
126.89
126.89
119.69
119.69
119.37
119.37
150.91
150.91
160.23
160.23
133.95
133.95
183.02
183.02
201.73
201.73
208.51
208.51
215.98
215.98
210.68
210.68
184.8
184.8
174.92
174.92
171.02
171.02
168.99
168.99
150.49
150.49
126.43
126.43
122.79
122.79
107.08
107.08
152.8
152.8
132.44
132.44
112.51
112.51
158.35
158.35
158.16
158.16
140.73
140.73
136.5
136.5
125.59
125.59
153.82
153.82
124.13
124.13
159.91
159.91
123.8
123.8
179.19
179.19
177.27
177.27
177.49
177.49
173.32
173.32
145.24
145.24
126.93
126.93
128.66
128.66
180.15
180.15
128.02
128.02
156.28
156.28
135.43
135.43
145.65
145.65
133.53
133.53
158.26
158.26
148.36
148.36
151.35
151.35
154.76
154.76
146.29
146.29
162.59
162.59
164.83
164.83
164.05
164.05
163.01
163.01
150.58
150.58
164.93
164.93
169.08
169.08
169.1
169.1
168.21
168.21
163.71
163.71
139.52
139.52
155.48
155.48
138.85
138.85
135.48
135.48
130.16
130.16
83.54
83.54
95.97
95.97
80.06
80.06
63.83
63.83
18.45
18.45
8.92
8.92
10.11
10.11
-10.4
-10.4
-25.14
-25.14
-20.32
-20.32
-25.5
-25.5
-41.53
-41.53
-46.33
-46.33
-49.75
-49.75
-48.76
-48.76
2.92
2.92
23.68
23.68
24.03
24.03
53.18
53.18
62.97
62.97
103.48
103.48
98.1
98.1
97.02
97.02
83.82
83.82
78.75
78.75
79.75
79.75
80.24
80.24
91.12
91.12
97.82
97.82
87.37
87.37
88.41
88.41
108.82
108.82
117.86
117.86
114.45
114.45
119.9
119.9
101.38
101.38
87.47
87.47
93.41
93.41
134.31
134.31
152.65
152.65
160.55
160.55
154.17
154.17
136.63
136.63
157.21
157.21
140.09
140.09
124.81
124.81
126.35
126.35
144.99
144.99
140.08
140.08
109.92
109.92
66.97
66.97
75.79
75.79
61.3
61.3
62.26
62.26
101.94
101.94
109.41
109.41
116.05
116.05
121.8
121.8
123.02
123.02
108.21
108.21
94.42
94.42
85.69
85.69
97.6
97.6
108.16
108.16
143.06
143.06
140.94
140.94
141.51
141.51
134.99
134.99
154.14
154.14
135.06
135.06
107.11
107.11
140.64
140.64
132.68
132.68
129.28
129.28
127.5
127.5
135.95
135.95
117.99
117.99
107.38
107.38
100.01
100.01
131.85
131.85
108.88
108.88
118.5
118.5
114.92
114.92
108.79
108.79
107.91
107.91
111.36
111.36
126.04
126.04
135.89
135.89
132.81
132.81
131.36
131.36
139.9
139.9
117.19
117.19
138.87
138.87
111.96
111.96
114.79
114.79
110.0
110.0
93.88
93.88
111.89
111.89
80.57
80.57
136.29
136.29
94.89
94.89
87.15
87.15
132.58
132.58
111.77
111.77
83.4
83.4
100.4
100.4
98.63
98.63
98.91
98.91
82.77
82.77
97.59
97.59
75.56
75.56
64.1
64.1
66.69
66.69
82.28
82.28
124.84
124.84
92.5
92.5
146.1
146.1
120.83
120.83
141.68
141.68
140.87
140.87
129.66
129.66
113.06
113.06
124.7
124.7
133.01
133.01
131.89
131.89
114.11
114.11
114.19
114.19
146.75
146.75
149.92
149.92
152.69
152.69
136.39
136.39
109.38
109.38
136.16
136.16
154.1
154.1
164.05
164.05
167.47
167.47
163.78
163.78
156.98
156.98
136.55
136.55
139.38
139.38
143.95
143.95
131.65
131.65
109.61
109.61
117.98
117.98
85.12
85.12
83.47
83.47
72.92
72.92
71.31
71.31
20.32
20.32
3.22
3.22
2.87
2.87
0.29
0.29
-13.26
-13.26
-12.7
-12.7
-16.07
-16.07
-17.83
-17.83
-24.08
-24.08
-21.06
-21.06
39.87
39.87
43.6
43.6
84.32
84.32
35.84
35.84
56.9
56.9
64.44
64.44
108.71
108.71
103.68
103.68
140.63
140.63
151.27
151.27
158.02
158.02
162.8
162.8
162.26
162.26
158.95
158.95
151.84
151.84
128.13
128.13
118.9
118.9
101.33
101.33
91.03
91.03
109.62
109.62
101.82
101.82
33.29
33.29
31.41
31.41
76.86
76.86
109.28
109.28
127.9
127.9
133.73
133.73
126.31
126.31
105.64
105.64
88.37
88.37
0.3
0.3
22.66
22.66
-9.84
-9.84
63.68
63.68
36.42
36.42
18.67
18.67
6.87
6.87
27.15
27.15
23.62
23.62
27.83
27.83
43.34
43.34
20.7
20.7
19.21
19.21
59.0
59.0
47.43
47.43
25.26
25.26
36.26
36.26
43.73
43.73
30.39
30.39
7.33
7.33
6.73
6.73
18.69
18.69
32.82
32.82
61.33
61.33
80.75
80.75
34.31
34.31
101.91
101.91
42.89
42.89
99.3
99.3
41.8
41.8
84.51
84.51
76.84
76.84
91.56
91.56
88.47
88.47
122.28
122.28
139.92
139.92
146.41
146.41
146.15
146.15
143.16
143.16
172.37
172.37
161.67
161.67
172.97
172.97
183.78
183.78
192.22
192.22
196.23
196.23
199.29
199.29
192.22
192.22
173.94
173.94
172.55
172.55
156.79
156.79
160.86
160.86
168.35
168.35
148.65
148.65
157.98
157.98
104.62
104.62
80.38
80.38
52.75
52.75
50.47
50.47
57.24
57.24
47.53
47.53
34.09
34.09
37.69
37.69
33.84
33.84
27.45
27.45
19.59
19.59
46.38
46.38
33.84
33.84
59.46
59.46
65.91
65.91
117.47
117.47
156.34
156.34
144.27
144.27
167.45
167.45
163.71
163.71
174.37
174.37
195.76
195.76
181.44
181.44
190.76
190.76
182.98
182.98
172.0
172.0
169.8
169.8
167.66
167.66
162.36
162.36
151.07
151.07
147.25
147.25
157.95
157.95
161.85
161.85
149.73
149.73
160.47
160.47
173.89
173.89
192.37
192.37
181.47
181.47
169.46
169.46
169.18
169.18
160.37
160.37
181.04
181.04
171.24
171.24
172.86
172.86
161.45
161.45
140.22
140.22
104.4
104.4
138.96
138.96
91.49
91.49
119.94
119.94
110.53
110.53
104.51
104.51
149.06
149.06
136.43
136.43
120.63
120.63
101.7
101.7
99.08
99.08
96.65
96.65
94.18
94.18
110.68
110.68
104.2
104.2
125.22
125.22
105.34
105.34
120.61
120.61
146.46
146.46
167.67
167.67
208.2
208.2
180.23
180.23
179.4
179.4
164.59
164.59
156.64
156.64
162.26
162.26
144.42
144.42
124.16
124.16
148.8
148.8
154.33
154.33
151.43
151.43
151.71
151.71
151.48
151.48
139.4
139.4
135.57
135.57
149.39
149.39
136.76
136.76
121.36
121.36
151.49
151.49
165.5
165.5
160.35
160.35
160.33
160.33
148.88
148.88
137.17
137.17
116.49
116.49
113.45
113.45
52.43
52.43
68.13
68.13
42.38
42.38
36.01
36.01
20.96
20.96
-6.43
-6.43
-12.99
-12.99
41.33
41.33
73.89
73.89
-8.82
-8.82
-12.47
-12.47
3.43
3.43
-9.9
-9.9
-11.06
-11.06
-10.7
-10.7
1.61
1.61
13.32
13.32
96.37
96.37
117.4
117.4
85.67
85.67
174.87
174.87
98.41
98.41
162.78
162.78
101.63
101.63
130.83
130.83
125.78
125.78
128.07
128.07
116.94
116.94
82.69
82.69
54.93
54.93
50.29
50.29
91.59
91.59
110.68
110.68
127.54
127.54
133.37
133.37
138.85
138.85
142.93
142.93
130.01
130.01
137.55
137.55
150.76
150.76
166.46
166.46
179.85
179.85
186.41
186.41
185.92
185.92
170.31
170.31
172.67
172.67
163.16
163.16
143.15
143.15
152.35
152.35
140.25
140.25
85.04
85.04
83.16
83.16
50.28
50.28
41.14
41.14
26.32
26.32
16.99
16.99
24.87
24.87
18.31
18.31
17.14
17.14
14.67
14.67
13.18
13.18
9.65
9.65
7.53
7.53
15.77
15.77
13.81
13.81
51.91
51.91
75.2
75.2
62.79
62.79
154.12
154.12
158.69
158.69
180.96
180.96
186.51
186.51
192.02
192.02
189.83
189.83
184.67
184.67
175.83
175.83
160.8
160.8
143.72
143.72
142.79
142.79
143.44
143.44
139.72
139.72
115.28
115.28
97.53
97.53
105.29
105.29
117.46
117.46
101.55
101.55
120.64
120.64
114.9
114.9
149.9
149.9
176.96
176.96
178.93
178.93
174.85
174.85
173.18
173.18
159.27
159.27
155.24
155.24
156.46
156.46
146.23
146.23
114.3
114.3
55.88
55.88
94.61
94.61
47.68
47.68
112.93
112.93
55.99
55.99
80.98
80.98
44.25
44.25
43.62
43.62
14.26
14.26
16.24
16.24
25.25
25.25
12.19
12.19
10.7
10.7
42.58
42.58
39.93
39.93
48.16
48.16
104.92
104.92
54.18
54.18
102.21
102.21
80.95
80.95
140.21
140.21
155.85
155.85
163.85
163.85
175.85
175.85
177.26
177.26
173.95
173.95
163.89
163.89
153.38
153.38
160.74
160.74
165.78
165.78
167.85
167.85
167.86
167.86
161.71
161.71
168.49
168.49
165.07
165.07
154.98
154.98
161.65
161.65
152.92
152.92
171.78
171.78
197.02
197.02
200.75
200.75
198.5
198.5
195.27
195.27
191.75
191.75
188.55
188.55
188.11
188.11
187.93
187.93
156.66
156.66
142.49
142.49
156.76
156.76
138.23
138.23
155.48
155.48
156.63
156.63
154.18
154.18
148.07
148.07
135.14
135.14
116.67
116.67
106.36
106.36
58.21
58.21
40.44
40.44
-3.45
-3.45
41.47
41.47
7.44
7.44
25.37
25.37
55.84
55.84
70.54
70.54
105.66
105.66
79.77
79.77
107.62
107.62
52.71
52.71
102.53
102.53
145.89
145.89
133.38
133.38
147.22
147.22
140.69
140.69
105.31
105.31
117.8
117.8
101.59
101.59
85.68
85.68
57.78
57.78
30.97
30.97
31.36
31.36
24.71
24.71
45.77
45.77
72.19
72.19
61.65
61.65
124.33
124.33
148.99
148.99
156.11
156.11
153.52
153.52
148.63
148.63
141.94
141.94
132.36
132.36
129.47
129.47
108.22
108.22
92.57
92.57
29.1
29.1
37.98
37.98
23.03
23.03
81.13
81.13
44.49
44.49
16.46
16.46
23.94
23.94
11.41
11.41
0.25
0.25
1.24
1.24
4.84
4.84
35.1
35.1
24.17
24.17
21.75
21.75
14.27
14.27
17.79
17.79
23.21
23.21
9.31
9.31
24.25
24.25
4.12
4.12
12.81
12.81
18.95
18.95
65.55
65.55
102.43
102.43
139.45
139.45
140.36
140.36
141.46
141.46
115.25
115.25
124.58
124.58
133.42
133.42
145.09
145.09
158.2
158.2
139.02
139.02
109.97
109.97
104.7
104.7
83.79
83.79
102.2
102.2
129.64
129.64
175.38
175.38
229.81
229.81
236.19
236.19
236.3
236.3
235.62
235.62
235.99
235.99
230.72
230.72
223.31
223.31
206.93
206.93
204.42
204.42
202.69
202.69
175.94
175.94
173.99
173.99
175.85
175.85
174.71
174.71
187.64
187.64
192.75
192.75
190.23
190.23
170.27
170.27
164.58
164.58
132.48
132.48
136.48
136.48
132.76
132.76
107.33
107.33
83.9
83.9
147.05
147.05
131.63
131.63
126.08
126.08
99.82
99.82
106.51
106.51
126.96
126.96
121.64
121.64
135.31
135.31
165.32
165.32
158.26
158.26
149.38
149.38
135.06
135.06
156.88
156.88
143.96
143.96
145.9
145.9
144.88
144.88
142.85
142.85
127.96
127.96
125.3
125.3
123.88
123.88
104.84
104.84
108.97
108.97
122.77
122.77
147.95
147.95
123.43
123.43
128.83
128.83
127.81
127.81
133.51
133.51
130.01
130.01
126.91
126.91
123.98
123.98
131.84
131.84
145.08
145.08
135.85
135.85
124.94
124.94
121.14
121.14
134.72
134.72
126.77
126.77
119.85
119.85
129.95
129.95
148.47
148.47
135.44
135.44
111.53
111.53
112.86
112.86
137.78
137.78
116.72
116.72
139.02
139.02
129.19
129.19
133.39
133.39
137.11
137.11
168.03
168.03
175.2
175.2
181.25
181.25
215.57
215.57
209.15
209.15
207.51
207.51
192.62
192.62
191.36
191.36
203.13
203.13
190.8
190.8
141.52
141.52
124.46
124.46
134.13
134.13
122.46
122.46
126.65
126.65
122.98
122.98
151.19
151.19
144.29
144.29
169.8
169.8
175.7
175.7
170.48
170.48
187.69
187.69
162.05
162.05
154.45
154.45
170.37
170.37
155.69
155.69
140.12
140.12
138.32
138.32
131.53
131.53
128.28
128.28
146.29
146.29
146.34
146.34
138.94
138.94
134.66
134.66
135.69
135.69
122.1
122.1
108.99
108.99
131.25
131.25
145.97
145.97
128.26
128.26
141.21
141.21
130.69
130.69
133.55
133.55
116.93
116.93
130.66
130.66
118.44
118.44
159.51
159.51
153.42
153.42
159.32
159.32
150.6
150.6
166.94
166.94
178.67
178.67
170.21
170.21
184.04
184.04
185.06
185.06
180.54
180.54
182.7
182.7
169.78
169.78
151.34
151.34
151.3
151.3
150.35
150.35
145.99
145.99
144.47
144.47
142.6
142.6
148.51
148.51
161.43
161.43
170.22
170.22
175.82
175.82
169.52
169.52
187.22
187.22
187.85
187.85
189.32
189.32
187.23
187.23
180.55
180.55
171.2
171.2
175.82
175.82
173.55
173.55
171.79
171.79
167.16
167.16
157.81
157.81
153.52
153.52
149.16
149.16
149.2
149.2
153.16
153.16
164.71
164.71
169.42
169.42
158.12
158.12
153.92
153.92
144.07
144.07
152.6
152.6
157.17
157.17
155.48
155.48
170.53
170.53
167.46
167.46
172.49
172.49
163.5
163.5
169.47
169.47
182.38
182.38
215.39
215.39
244.12
244.12
242.16
242.16
247.84
247.84
241.05
241.05
239.75
239.75
232.33
232.33
215.71
215.71
173.63
173.63
171.33
171.33
185.41
185.41
173.57
173.57
179.64
179.64
174.47
174.47
181.65
181.65
184.65
184.65
190.19
190.19
206.48
206.48
212.91
212.91
216.14
216.14
216.09
216.09
220.47
220.47
209.8
209.8
200.17
200.17
183.21
183.21
173.48
173.48
166.41
166.41
161.13
161.13
156.7
156.7
148.45
148.45
147.68
147.68
138.02
138.02
119.01
119.01
119.44
119.44
132.12
132.12
149.64
149.64
151.97
151.97
136.81
136.81
128.66
128.66
123.87
123.87
115.61
115.61
119.03
119.03
125.37
125.37
120.32
120.32
143.96
143.96
130.6
130.6
137.87
137.87
161.96
161.96
185.88
185.88
213.02
213.02
184.27
184.27
208.42
208.42
210.75
210.75
204.36
204.36
196.82
196.82
195.44
195.44
188.22
188.22
182.19
182.19
176.12
176.12
174.89
174.89
176.45
176.45
173.37
173.37
178.58
178.58
182.46
182.46
160.86
160.86
184.29
184.29
171.94
171.94
197.64
197.64
174.27
174.27
184.27
184.27
197.86
197.86
188.88
188.88
160.82
160.82
158.22
158.22
179.81
179.81
161.66
161.66
152.52
152.52
144.18
144.18
143.65
143.65
148.67
148.67
146.0
146.0
141.6
141.6
133.61
133.61
144.09
144.09
146.14
146.14
139.03
139.03
133.57
133.57
122.03
122.03
123.22
123.22
112.5
112.5
117.78
117.78
110.99
110.99
136.74
136.74
141.81
141.81
133.05
133.05
125.31
125.31
139.76
139.76
140.75
140.75
149.07
149.07
167.26
167.26
149.75
149.75
156.28
156.28
158.58
158.58
143.4
143.4
155.17
155.17
152.44
152.44
136.64
136.64
133.46
133.46
139.09
139.09
133.67
133.67
130.93
130.93
134.92
134.92
129.05
129.05
135.5
135.5
142.62
142.62
176.18
176.18
195.48
195.48
200.65
200.65
199.82
199.82
185.55
185.55
178.22
178.22
146.14
146.14
153.71
153.71
126.76
126.76
157.94
157.94
148.92
148.92
147.07
147.07
145.87
145.87
140.15
140.15
159.16
159.16
148.22
148.22
164.39
164.39
158.79
158.79
151.14
151.14
143.95
143.95
128.35
128.35
144.01
144.01
133.73
133.73
131.99
131.99
126.73
126.73
105.88
105.88
118.02
118.02
148.15
148.15
105.73
105.73
110.22
110.22
111.21
111.21
134.86
134.86
152.58
152.58
133.53
133.53
146.98
146.98
142.75
142.75
149.88
149.88
141.87
141.87
142.02
142.02
148.03
148.03
158.59
158.59
154.43
154.43
145.82
145.82
155.03
155.03
156.14
156.14
142.94
142.94
163.45
163.45
169.54
169.54
197.92
197.92
205.13
205.13
215.0
215.0
216.33
216.33
204.43
204.43
195.43
195.43
179.35
179.35
175.13
175.13
172.01
172.01
164.18
164.18
139.34
139.34
151.42
151.42
151.36
151.36
154.88
154.88
132.17
132.17
136.68
136.68
154.24
154.24
146.9
146.9
137.5
137.5
142.86
142.86
140.55
140.55
137.57
137.57
137.04
137.04
145.76
145.76
137.22
137.22
144.75
144.75
138.27
138.27
160.29
160.29
136.11
136.11
184.44
184.44
226.62
226.62
219.97
219.97
235.07
235.07
205.49
205.49
203.93
203.93
211.55
211.55
201.15
201.15
184.87
184.87
184.39
184.39
198.18
198.18
191.66
191.66
177.35
177.35
178.32
178.32
198.76
198.76
210.73
210.73
190.23
190.23
201.58
201.58
201.06
201.06
234.28
234.28
214.29
214.29
214.26
214.26
213.17
213.17
212.4
212.4
197.55
197.55
177.55
177.55
176.14
176.14
159.9
159.9
156.72
156.72
141.98
141.98
141.73
141.73
140.5
140.5
125.05
125.05
122.32
122.32
119.95
119.95
124.86
124.86
124.71
124.71
123.36
123.36
125.24
125.24
121.39
121.39
121.87
121.87
121.08
121.08
123.24
123.24
119.92
119.92
150.48
150.48
133.23
133.23
132.06
132.06
149.97
149.97
155.64
155.64
206.76
206.76
171.36
171.36
187.83
187.83
179.29
179.29
180.53
180.53
177.07
177.07
164.28
164.28
172.64
172.64
161.08
161.08
175.64
175.64
169.01
169.01
167.83
167.83
167.06
167.06
173.67
173.67
176.21
176.21
182.06
182.06
187.42
187.42
189.13
189.13
208.6
208.6
189.76
189.76
191.53
191.53
212.57
212.57
218.49
218.49
176.36
176.36
165.18
165.18
185.58
185.58
150.57
150.57
157.18
157.18
145.74
145.74
146.57
146.57
139.56
139.56
116.21
116.21
109.28
109.28
117.83
117.83
143.05
143.05
129.8
129.8
110.64
110.64
109.14
109.14
108.34
108.34
110.82
110.82
103.49
103.49
115.51
115.51
129.67
129.67
133.19
133.19
134.56
134.56
158.27
158.27
137.45
137.45
186.07
186.07
194.13
194.13
199.73
199.73
186.25
186.25
156.8
156.8
154.29
154.29
177.13
177.13
176.25
176.25
176.92
176.92
172.23
172.23
180.72
180.72
186.37
186.37
194.14
194.14
196.94
196.94
192.69
192.69
180.14
180.14
190.5
190.5
202.46
202.46
205.46
205.46
219.88
219.88
237.66
237.66
239.69
239.69
215.4
215.4
198.6
198.6
184.47
184.47
186.87
186.87
166.51
166.51
166.35
166.35
168.08
168.08
154.9
154.9
152.62
152.62
149.27
149.27
132.86
132.86
138.74
138.74
138.71
138.71
146.34
146.34
140.15
140.15
131.74
131.74
128.22
128.22
129.05
129.05
135.32
135.32
131.44
131.44
126.55
126.55
126.36
126.36
164.06
164.06
167.2
167.2
188.25
188.25
188.88
188.88
189.1
189.1
203.93
203.93
194.7
194.7
199.39
199.39
183.21
183.21
181.86
181.86
181.65
181.65
182.63
182.63
165.23
165.23
159.04
159.04
159.03
159.03
154.51
154.51
150.94
150.94
149.1
149.1
165.58
165.58
175.56
175.56
160.09
160.09
186.96
186.96
164.28
164.28
206.51
206.51
189.96
189.96
206.19
206.19
199.59
199.59
188.15
188.15
194.78
194.78
179.62
179.62
181.27
181.27
157.15
157.15
156.14
156.14
136.92
136.92
137.54
137.54
138.13
138.13
103.61
103.61
113.06
113.06
144.71
144.71
170.86
170.86
149.38
149.38
138.96
138.96
131.93
131.93
128.46
128.46
130.63
130.63
123.62
123.62
135.33
135.33
129.88
129.88
136.35
136.35
131.82
131.82
151.13
151.13
137.21
137.21
133.8
133.8
188.93
188.93
165.39
165.39
179.15
179.15
181.09
181.09
179.04
179.04
169.96
169.96
164.56
164.56
166.23
166.23
152.9
152.9
156.43
156.43
155.71
155.71
171.34
171.34
155.07
155.07
160.1
160.1
158.28
158.28
153.87
153.87
159.55
159.55
151.51
151.51
167.21
167.21
165.69
165.69
166.69
166.69
175.65
175.65
171.96
171.96
169.43
169.43
142.58
142.58
155.69
155.69
136.51
136.51
154.09
154.09
138.94
138.94
153.21
153.21
137.99
137.99
130.59
130.59
139.74
139.74
130.28
130.28
140.97
140.97
133.14
133.14
133.13
133.13
132.32
132.32
134.89
134.89
115.73
115.73
0.0
0.0
0.0
0.0
115.3
115.3
142.4
142.4
0.0
0.0
0.0
0.0
0.0
0.0
0.0
0.0
0.0
0.0
115.76
115.76
130.44
130.44
112.81
112.81
124.68
124.68
139.59
139.59
141.66
141.66
140.16
140.16
142.32
142.32
143.74
143.74
144.59
144.59
139.72
139.72
144.79
144.79
151.33
151.33
145.65
145.65
154.49
154.49
165.79
165.79
146.66
146.66
173.85
173.85
172.13
172.13
168.28
168.28
175.09
175.09
145.24
145.24
181.58
181.58
130.46
130.46
161.46
161.46
129.28
129.28
149.11
149.11
145.34
145.34
146.48
146.48
146.8
146.8
127.82
127.82
140.51
140.51
124.05
124.05
132.95
132.95
131.53
131.53
124.33
124.33
116.56
116.56
118.34
118.34
105.14
105.14
105.3
105.3
98.78
98.78
91.92
91.92
103.52
103.52
94.49
94.49
99.65
99.65
92.11
92.11
108.57
108.57
122.48
122.48
116.78
116.78
123.02
123.02
134.52
134.52
146.18
146.18
141.65
141.65
141.96
141.96
148.12
148.12
137.15
137.15
107.71
107.71
95.54
95.54
107.47
107.47
89.66
89.66
97.47
97.47
107.16
107.16
94.24
94.24
105.16
105.16
95.19
95.19
128.27
128.27
130.85
130.85
143.16
143.16
152.5
152.5
141.92
141.92
150.71
150.71
142.36
142.36
137.84
137.84
131.48
131.48
135.52
135.52
109.27
109.27
135.94
135.94
124.33
124.33
105.08
105.08
86.21
86.21
96.94
96.94
132.26
132.26
118.92
118.92
115.81
115.81
110.48
110.48
91.86
91.86
108.62
108.62
108.11
108.11
113.33
113.33
121.86
121.86
127.27
127.27
138.61
138.61
159.41
159.41
141.04
141.04
155.2
155.2
172.47
172.47
164.03
164.03
188.0
188.0
170.15
170.15
170.75
170.75
152.22
152.22
146.44
146.44
117.45
117.45
115.6
115.6
120.65
120.65
120.36
120.36
127.08
127.08
135.05
135.05
135.12
135.12
140.77
140.77
152.56
152.56
175.0
175.0
157.36
157.36
180.93
180.93
194.48
194.48
194.18
194.18
207.9
207.9
188.69
188.69
172.84
172.84
160.08
160.08
178.91
178.91
149.69
149.69
142.95
142.95
134.26
134.26
136.88
136.88
133.73
133.73
145.68
145.68
137.64
137.64
139.14
139.14
137.88
137.88
121.15
121.15
79.4
79.4
97.48
97.48
82.53
82.53
77.35
77.35
69.28
69.28
73.95
73.95
64.22
64.22
76.03
76.03
116.75
116.75
139.73
139.73
137.33
137.33
133.65
133.65
153.34
153.34
148.0
148.0
157.87
157.87
144.86
144.86
130.35
130.35
135.52
135.52
137.83
137.83
135.4
135.4
132.54
132.54
121.0
121.0
123.31
123.31
119.25
119.25
118.63
118.63
115.2
115.2
114.73
114.73
120.89
120.89
119.14
119.14
126.37
126.37
139.01
139.01
165.1
165.1
177.37
177.37
170.81
170.81
153.05
153.05
152.53
152.53
139.41
139.41
142.27
142.27
131.35
131.35
133.6
133.6
123.19
123.19
138.0
138.0
118.01
118.01
130.96
130.96
60.02
60.02
82.44
82.44
103.34
103.34
104.11
104.11
83.1
83.1
88.02
88.02
89.62
89.62
54.08
54.08
48.06
48.06
58.5
58.5
60.8
60.8
84.89
84.89
109.52
109.52
115.79
115.79
149.03
149.03
146.32
146.32
165.66
165.66
149.23
149.23
156.47
156.47
152.39
152.39
151.65
151.65
147.42
147.42
133.55
133.55
99.12
99.12
100.85
100.85
131.75
131.75
138.83
138.83
130.94
130.94
134.93
134.93
139.11
139.11
139.4
139.4
129.76
129.76
143.13
143.13
150.24
150.24
170.92
170.92
162.16
162.16
179.02
179.02
173.69
173.69
156.99
156.99
167.37
167.37
135.78
135.78
120.33
120.33
130.48
130.48
148.58
148.58
130.2
130.2
121.13
121.13
95.74
95.74
82.98
82.98
54.46
54.46
80.87
80.87
97.43
97.43
105.92
105.92
77.78
77.78
72.8
72.8
72.62
72.62
87.4
87.4
79.65
79.65
95.84
95.84
93.61
93.61
104.42
104.42
119.67
119.67
135.2
135.2
151.65
151.65
164.7
164.7
177.01
177.01
157.94
157.94
148.22
148.22
141.21
141.21
120.12
120.12
121.71
121.71
131.01
131.01
143.2
143.2
130.8
130.8
133.49
133.49
129.86
129.86
139.21
139.21
136.6
136.6
143.17
143.17
142.21
142.21
138.62
138.62
143.3
143.3
145.0
145.0
158.9
158.9
157.34
157.34
159.76
159.76
154.9
154.9
144.76
144.76
146.65
146.65
145.66
145.66
143.14
143.14
141.55
141.55
134.51
134.51
103.52
103.52
130.0
130.0
85.86
85.86
97.55
97.55
45.02
45.02
104.79
104.79
130.19
130.19
103.78
103.78
82.68
82.68
87.81
87.81
92.49
92.49
106.77
106.77
99.66
99.66
66.9
66.9
58.33
58.33
85.39
85.39
136.64
136.64
112.32
112.32
107.85
107.85
82.41
82.41
140.03
140.03
130.93
130.93
163.03
163.03
146.7
146.7
152.77
152.77
145.27
145.27
148.91
148.91
144.03
144.03
140.05
140.05
143.05
143.05
136.95
136.95
135.53
135.53
132.53
132.53
122.45
122.45
134.99
134.99
146.68
146.68
143.68
143.68
159.46
159.46
171.47
171.47
178.39
178.39
179.06
179.06
184.63
184.63
177.49
177.49
181.24
181.24
172.24
172.24
170.89
170.89
169.33
169.33
170.35
170.35
171.67
171.67
165.17
165.17
154.77
154.77
148.83
148.83
162.18
162.18
175.1
175.1
183.36
183.36
172.23
172.23
174.22
174.22
175.9
175.9
172.99
172.99
140.73
140.73
126.16
126.16
129.21
129.21
122.02
122.02
123.79
123.79
121.61
121.61
143.39
143.39
130.09
130.09
145.96
145.96
153.94
153.94
138.72
138.72
170.62
170.62
168.17
168.17
168.19
168.19
171.91
171.91
173.67
173.67
176.52
176.52
175.86
175.86
164.91
164.91
151.65
151.65
126.79
126.79
129.16
129.16
134.34
134.34
131.67
131.67
133.64
133.64
135.21
135.21
137.23
137.23
157.72
157.72
144.36
144.36
154.33
154.33
164.85
164.85
150.68
150.68
131.62
131.62
125.79
125.79
128.09
128.09
142.29
142.29
144.73
144.73
134.22
134.22
117.07
117.07
110.7
110.7
116.73
116.73
91.87
91.87
101.08
101.08
113.08
113.08
87.18
87.18
74.24
74.24
83.95
83.95
77.14
77.14
79.3
79.3
79.41
79.41
81.47
81.47
84.74
84.74
42.09
42.09
46.61
46.61
90.48
90.48
101.29
101.29
58.48
58.48
115.46
115.46
111.13
111.13
129.58
129.58
127.89
127.89
130.81
130.81
140.33
140.33
147.04
147.04
145.8
145.8
150.18
150.18
157.18
157.18
142.67
142.67
141.43
141.43
145.63
145.63
119.55
119.55
121.34
121.34
120.5
120.5
126.83
126.83
127.84
127.84
163.13
163.13
173.48
173.48
181.47
181.47
193.59
193.59
188.97
188.97
184.4
184.4
165.1
165.1
170.43
170.43
154.26
154.26
172.76
172.76
154.12
154.12
141.98
141.98
147.7
147.7
161.16
161.16
142.73
142.73
97.73
97.73
129.57
129.57
155.77
155.77
135.09
135.09
148.79
148.79
136.34
136.34
150.59
150.59
139.28
139.28
145.51
145.51
116.07
116.07
173.48
173.48
153.38
153.38
173.86
173.86
173.13
173.13
184.1
184.1
199.54
199.54
191.13
191.13
187.85
187.85
166.16
166.16
149.33
149.33
157.04
157.04
131.53
131.53
123.92
123.92
121.83
121.83
120.99
120.99
117.57
117.57
118.95
118.95
118.55
118.55
121.36
121.36
126.3
126.3
134.98
134.98
187.88
187.88
147.92
147.92
176.66
176.66
182.09
182.09
190.6
190.6
186.74
186.74
196.43
196.43
178.95
178.95
165.57
165.57
187.05
187.05
153.74
153.74
168.49
168.49
154.8
154.8
139.3
139.3
136.8
136.8
137.18
137.18
153.63
153.63
141.19
141.19
158.99
158.99
154.71
154.71
146.83
146.83
142.45
142.45
139.7
139.7
141.7
141.7
143.51
143.51
167.64
167.64
156.89
156.89
173.05
173.05
187.6
187.6
185.33
185.33
220.22
220.22
225.86
225.86
264.65
264.65
227.88
227.88
217.95
217.95
215.66
215.66
207.57
207.57
167.43
167.43
147.27
147.27
141.72
141.72
140.31
140.31
130.93
130.93
126.26
126.26
131.22
131.22
128.02
128.02
128.67
128.67
133.08
133.08
138.77
138.77
156.68
156.68
196.99
196.99
219.69
219.69
220.57
220.57
225.82
225.82
226.22
226.22
208.72
208.72
190.59
190.59
175.18
175.18
182.7
182.7
162.66
162.66
172.51
172.51
135.1
135.1
150.54
150.54
145.08
145.08
121.74
121.74
127.35
127.35
133.36
133.36
142.15
142.15
150.29
150.29
127.51
127.51
126.11
126.11
119.25
119.25
130.01
130.01
118.62
118.62
135.63
135.63
120.54
120.54
143.18
143.18
125.32
125.32
170.34
170.34
195.44
195.44
179.0
179.0
198.64
198.64
179.95
179.95
174.51
174.51
169.45
169.45
142.2
142.2
161.96
161.96
140.99
140.99
124.91
124.91
122.16
122.16
120.15
120.15
116.16
116.16
121.45
121.45
116.29
116.29
117.33
117.33
115.72
115.72
121.11
121.11
133.15
133.15
155.08
155.08
162.97
162.97
155.5
155.5
172.32
172.32
164.05
164.05
165.53
165.53
163.82
163.82
164.08
164.08
166.75
166.75
156.71
156.71
153.74
153.74
158.11
158.11
154.95
154.95
141.23
141.23
125.1
125.1
130.97
130.97
122.39
122.39
130.3
130.3
128.7
128.7
130.18
130.18
135.09
135.09
142.33
142.33
144.52
144.52
140.72
140.72
151.91
151.91
144.23
144.23
159.88
159.88
134.41
134.41
159.13
159.13
165.09
165.09
197.53
197.53
214.6
214.6
210.37
210.37
213.97
213.97
190.4
190.4
189.44
189.44
187.86
187.86
178.99
178.99
143.5
143.5
132.78
132.78
123.06
123.06
120.16
120.16
125.89
125.89
135.22
135.22
124.07
124.07
117.77
117.77
149.15
149.15
157.32
157.32
146.2
146.2
177.35
177.35
188.1
188.1
207.32
207.32
207.44
207.44
206.3
206.3
189.51
189.51
184.26
184.26
180.73
180.73
172.2
172.2
168.29
168.29
150.56
150.56
153.86
153.86
151.91
151.91
129.17
129.17
112.24
112.24
115.32
115.32
118.06
118.06
120.47
120.47
116.75
116.75
128.23
128.23
117.91
117.91
117.07
117.07
119.87
119.87
138.37
138.37
140.39
140.39
144.46
144.46
119.44
119.44
152.3
152.3
166.56
166.56
170.34
170.34
185.0
185.0
181.22
181.22
179.24
179.24
157.16
157.16
144.85
144.85
151.51
151.51
151.11
151.11
135.55
135.55
132.21
132.21
125.37
125.37
128.06
128.06
131.34
131.34
127.96
127.96
128.87
128.87
126.96
126.96
147.31
147.31
140.89
140.89
131.64
131.64
146.31
146.31
152.46
152.46
163.25
163.25
150.08
150.08
137.86
137.86
148.92
148.92
129.62
129.62
140.88
140.88
127.42
127.42
139.99
139.99
143.26
143.26
147.95
147.95
149.8
149.8
107.27
107.27
80.95
80.95
78.25
78.25
118.46
118.46
102.05
102.05
90.83
90.83
102.43
102.43
106.39
106.39
82.43
82.43
95.22
95.22
114.53
114.53
115.8
115.8
131.9
131.9
137.39
137.39
146.34
146.34
119.05
119.05
133.45
133.45
115.65
115.65
117.7
117.7
152.53
152.53
130.95
130.95
156.7
156.7
148.79
148.79
160.67
160.67
167.38
167.38
172.18
172.18
174.27
174.27
174.59
174.59
157.12
157.12
146.84
146.84
141.39
141.39
150.84
150.84
165.63
165.63
172.53
172.53
179.36
179.36
189.39
189.39
200.16
200.16
209.45
209.45
209.17
209.17
203.55
203.55
188.34
188.34
181.54
181.54
179.66
179.66
154.03
154.03
170.92
170.92
140.5
140.5
137.68
137.68
134.71
134.71
121.4
121.4
129.85
129.85
132.47
132.47
150.67
150.67
134.9
134.9
124.27
124.27
126.24
126.24
126.96
126.96
139.73
139.73
128.44
128.44
121.24
121.24
119.43
119.43
120.93
120.93
125.82
125.82
142.64
142.64
142.66
142.66
143.93
143.93
135.01
135.01
135.07
135.07
155.43
155.43
131.97
131.97
143.84
143.84
154.71
154.71
156.07
156.07
167.1
167.1
171.92
171.92
167.59
167.59
162.28
162.28
158.51
158.51
157.64
157.64
156.66
156.66
154.1
154.1
159.28
159.28
150.9
150.9
155.46
155.46
175.83
175.83
187.88
187.88
194.17
194.17
191.52
191.52
177.5
177.5
172.51
172.51
138.26
138.26
165.95
165.95
132.6
132.6
140.34
140.34
140.98
140.98
141.25
141.25
121.61
121.61
104.05
104.05
96.63
96.63
108.9
108.9
123.28
123.28
116.16
116.16
110.89
110.89
109.94
109.94
107.69
107.69
113.23
113.23
110.68
110.68
121.94
121.94
101.8
101.8
132.54
132.54
135.98
135.98
165.26
165.26
185.42
185.42
168.94
168.94
188.09
188.09
162.01
162.01
179.13
179.13
180.36
180.36
165.47
165.47
142.08
142.08
145.19
145.19
150.87
150.87
125.26
125.26
123.63
123.63
123.11
123.11
127.16
127.16
123.97
123.97
125.51
125.51
124.41
124.41
142.29
142.29
148.13
148.13
148.41
148.41
166.92
166.92
174.65
174.65
188.06
188.06
180.39
180.39
167.07
167.07
160.96
160.96
137.11
137.11
145.66
145.66
150.74
150.74
157.68
157.68
144.49
144.49
139.3
139.3
128.05
128.05
133.23
133.23
143.4
143.4
123.74
123.74
140.07
140.07
143.77
143.77
128.57
128.57
126.75
126.75
125.11
125.11
133.16
133.16
121.22
121.22
133.83
133.83
134.06
134.06
157.27
157.27
160.81
160.81
173.42
173.42
170.13
170.13
167.4
167.4
186.16
186.16
156.83
156.83
166.32
166.32
164.7
164.7
159.24
159.24
155.11
155.11
153.06
153.06
141.95
141.95
133.83
133.83
130.79
130.79
133.4
133.4
142.08
142.08
129.03
129.03
133.52
133.52
131.05
131.05
156.2
156.2
156.57
156.57
164.44
164.44
190.38
190.38
172.14
172.14
188.27
188.27
184.86
184.86
184.88
184.88
173.19
173.19
152.51
152.51
153.35
153.35
147.05
147.05
137.78
137.78
145.47
145.47
144.93
144.93
142.25
142.25
136.13
136.13
135.8
135.8
125.02
125.02
131.94
131.94
134.41
134.41
124.59
124.59
128.6
128.6
117.8
117.8
128.94
128.94
129.19
129.19
144.6
144.6
133.63
133.63
159.99
159.99
161.16
161.16
165.73
165.73
167.95
167.95
165.39
165.39
179.58
179.58
149.98
149.98
164.18
164.18
152.36
152.36
147.15
147.15
152.28
152.28
149.6
149.6
143.6
143.6
141.47
141.47
130.44
130.44
126.42
126.42
133.6
133.6
129.8
129.8
130.98
130.98
126.01
126.01
135.04
135.04
151.18
151.18
155.15
155.15
164.92
164.92
157.63
157.63
169.61
169.61
164.99
164.99
166.72
166.72
173.27
173.27
168.61
168.61
164.91
164.91
162.8
162.8
158.71
158.71
151.76
151.76
161.64
161.64
154.4
154.4
112.93
112.93
110.69
110.69
115.33
115.33
126.51
126.51
119.24
119.24
115.2
115.2
112.9
112.9
115.81
115.81
117.12
117.12
119.63
119.63
124.91
124.91
118.54
118.54
126.89
126.89
128.4
128.4
146.46
146.46
155.2
155.2
158.31
158.31
178.0
178.0
141.79
141.79
142.9
142.9
128.39
128.39
128.47
128.47
141.0
141.0
137.11
137.11
129.41
129.41
124.2
124.2
118.65
118.65
115.1
115.1
117.9
117.9
120.65
120.65
121.88
121.88
121.51
121.51
124.17
124.17
123.28
123.28
121.52
121.52
123.07
123.07
126.59
126.59
128.99
128.99
128.65
128.65
125.05
125.05
122.27
122.27
123.35
123.35
116.96
116.96
113.6
113.6
116.21
116.21
109.08
109.08
111.89
111.89
90.89
90.89
104.23
104.23
46.92
46.92
76.18
76.18
96.75
96.75
81.02
81.02
56.85
56.85
83.66
83.66
62.07
62.07
82.89
82.89
52.51
52.51
60.22
60.22
53.8
53.8
60.64
60.64
94.72
94.72
76.71
76.71
113.18
113.18
123.56
123.56
138.73
138.73
107.3
107.3
120.52
120.52
112.89
112.89
113.41
113.41
96.85
96.85
85.84
85.84
81.69
81.69
88.15
88.15
81.98
81.98
78.49
78.49
79.77
79.77
84.17
84.17
88.08
88.08
97.75
97.75
104.6
104.6
105.81
105.81
104.6
104.6
131.25
131.25
112.01
112.01
141.88
141.88
146.07
146.07
143.78
143.78
155.05
155.05
155.01
155.01
155.56
155.56
150.4
150.4
147.03
147.03
128.13
128.13
126.44
126.44
124.33
124.33
122.46
122.46
127.54
127.54
119.99
119.99
103.72
103.72
112.24
112.24
76.52
76.52
80.47
80.47
70.71
70.71
64.96
64.96
45.14
45.14
51.37
51.37
49.3
49.3
78.21
78.21
86.84
86.84
76.76
76.76
99.79
99.79
60.68
60.68
95.4
95.4
59.65
59.65
99.36
99.36
65.67
65.67
77.6
77.6
86.94
86.94
97.64
97.64
112.79
112.79
109.67
109.67
115.46
115.46
117.86
117.86
120.1
120.1
119.94
119.94
113.0
113.0
109.9
109.9
134.66
134.66
138.87
138.87
153.41
153.41
165.8
165.8
171.07
171.07
179.3
179.3
176.97
176.97
158.23
158.23
156.11
156.11
137.61
137.61
115.57
115.57
122.54
122.54
123.31
123.31
124.11
124.11
132.57
132.57
126.97
126.97
117.33
117.33
95.17
95.17
87.61
87.61
105.39
105.39
106.38
106.38
100.82
100.82
94.63
94.63
89.84
89.84
103.51
103.51
104.87
104.87
102.67
102.67
102.92
102.92
98.26
98.26
105.56
105.56
122.64
122.64
129.96
129.96
139.93
139.93
141.56
141.56
137.7
137.7
138.46
138.46
144.22
144.22
137.51
137.51
132.17
132.17
116.74
116.74
103.47
103.47
88.98
88.98
84.46
84.46
76.15
76.15
100.96
100.96
89.57
89.57
80.7
80.7
82.29
82.29
102.88
102.88
121.15
121.15
122.57
122.57
135.39
135.39
141.45
141.45
158.44
158.44
155.58
155.58
130.51
130.51
146.25
146.25
118.8
118.8
119.17
119.17
102.48
102.48
104.8
104.8
84.2
84.2
93.7
93.7
59.74
59.74
105.02
105.02
81.35
81.35
86.57
86.57
109.11
109.11
108.73
108.73
99.63
99.63
87.04
87.04
76.69
76.69
55.59
55.59
47.77
47.77
46.33
46.33
51.28
51.28
63.82
63.82
72.36
72.36
83.69
83.69
117.94
117.94
92.72
92.72
136.36
136.36
113.27
113.27
119.71
119.71
116.63
116.63
109.64
109.64
114.36
114.36
102.6
102.6
92.26
92.26
91.61
91.61
93.73
93.73
91.93
91.93
91.23
91.23
90.87
90.87
106.73
106.73
99.6
99.6
105.09
105.09
108.95
108.95
112.61
112.61
129.57
129.57
119.98
119.98
152.07
152.07
142.26
142.26
144.92
144.92
142.35
142.35
134.09
134.09
141.71
141.71
116.58
116.58
153.53
153.53
129.66
129.66
131.48
131.48
125.65
125.65
156.66
156.66
141.05
141.05
133.17
133.17
165.92
165.92
152.12
152.12
151.88
151.88
144.66
144.66
135.26
135.26
139.39
139.39
140.08
140.08
144.38
144.38
133.56
133.56
162.84
162.84
152.83
152.83
165.65
165.65
171.65
171.65
162.59
162.59
180.08
180.08
175.51
175.51
179.59
179.59
176.63
176.63
175.96
175.96
170.42
170.42
160.86
160.86
141.74
141.74
138.13
138.13
149.94
149.94
141.63
141.63
134.58
134.58
132.4
132.4
132.89
132.89
132.88
132.88
142.63
142.63
147.76
147.76
154.68
154.68
165.42
165.42
171.49
171.49
177.39
177.39
179.55
179.55
177.49
177.49
168.25
168.25
164.42
164.42
161.7
161.7
142.43
142.43
144.8
144.8
142.55
142.55
148.41
148.41
131.84
131.84
111.08
111.08
112.11
112.11
110.79
110.79
119.53
119.53
126.87
126.87
107.95
107.95
109.09
109.09
109.12
109.12
130.1
130.1
133.89
133.89
134.52
134.52
130.72
130.72
148.77
148.77
170.21
170.21
159.81
159.81
164.1
164.1
150.68
150.68
168.55
168.55
146.18
146.18
161.56
161.56
151.96
151.96
140.32
140.32
139.61
139.61
134.25
134.25
125.54
125.54
119.6
119.6
123.16
123.16
123.05
123.05
134.5
134.5
125.25
125.25
127.65
127.65
125.79
125.79
134.56
134.56
146.69
146.69
136.2
136.2
157.28
157.28
162.16
162.16
173.95
173.95
165.6
165.6
162.71
162.71
161.2
161.2
151.69
151.69
149.9
149.9
136.43
136.43
147.95
147.95
138.15
138.15
132.44
132.44
133.24
133.24
128.59
128.59
121.58
121.58
118.95
118.95
114.3
114.3
108.78
108.78
100.57
100.57
109.88
109.88
114.28
114.28
105.86
105.86
109.01
109.01
112.84
112.84
105.44
105.44
141.07
141.07
146.52
146.52
133.72
133.72
134.72
134.72
123.63
123.63
156.74
156.74
143.17
143.17
156.57
156.57
150.32
150.32
135.87
135.87
138.08
138.08
128.92
128.92
141.03
141.03
150.6
150.6
144.46
144.46
147.55
147.55
146.61
146.61
148.99
148.99
136.94
136.94
133.7
133.7
148.38
148.38
162.41
162.41
138.06
138.06
153.41
153.41
143.47
143.47
160.39
160.39
161.52
161.52
162.91
162.91
167.9
167.9
153.66
153.66
148.54
148.54
134.16
134.16
140.97
140.97
128.88
128.88
142.72
142.72
129.13
129.13
113.26
113.26
106.51
106.51
105.02
105.02
105.76
105.76
121.38
121.38
110.88
110.88
103.88
103.88
99.99
99.99
129.71
129.71
120.15
120.15
108.27
108.27
102.08
102.08
121.06
121.06
105.14
105.14
126.82
126.82
135.53
135.53
129.89
129.89
146.17
146.17
135.98
135.98
148.55
148.55
137.92
137.92
137.05
137.05
141.77
141.77
130.89
130.89
116.34
116.34
112.3
112.3
114.03
114.03
114.63
114.63
112.24
112.24
110.04
110.04
91.49
91.49
95.34
95.34
116.75
116.75
124.55
124.55
124.71
124.71
127.07
127.07
133.39
133.39
150.5
150.5
149.65
149.65
148.51
148.51
162.22
162.22
158.63
158.63
162.32
162.32
154.99
154.99
134.69
134.69
123.89
123.89
142.64
142.64
141.6
141.6
126.94
126.94
134.89
134.89
127.79
127.79
137.13
137.13
133.71
133.71
127.84
127.84
132.29
132.29
127.73
127.73
117.5
117.5
106.88
106.88
118.73
118.73
113.03
113.03
105.97
105.97
115.77
115.77
107.12
107.12
127.81
127.81
120.38
120.38
137.35
137.35
123.54
123.54
149.22
149.22
131.75
131.75
134.72
134.72
142.74
142.74
140.35
140.35
132.5
132.5
117.53
117.53
110.64
110.64
119.97
119.97
119.58
119.58
117.02
117.02
112.89
112.89
117.35
117.35
126.08
126.08
141.22
141.22
142.99
142.99
158.82
158.82
144.72
144.72
170.08
170.08
177.45
177.45
178.41
178.41
187.07
187.07
178.63
178.63
173.17
173.17
147.56
147.56
160.38
160.38
150.69
150.69
130.29
130.29
140.38
140.38
137.8
137.8
129.29
129.29
101.85
101.85
120.92
120.92
110.35
110.35
105.86
105.86
99.63
99.63
98.62
98.62
100.21
100.21
100.08
100.08
100.48
100.48
100.0
100.0
110.4
110.4
110.0
110.0
113.5
113.5
120.28
120.28
119.5
119.5
120.29
120.29
121.46
121.46
128.62
128.62
123.51
123.51
115.57
115.57
110.03
110.03
104.34
104.34
107.72
107.72
119.12
119.12
128.61
128.61
131.58
131.58
144.5
144.5
140.78
140.78
135.55
135.55
128.91
128.91
124.03
124.03
126.34
126.34
131.05
131.05
148.05
148.05
151.17
151.17
163.6
163.6
167.65
167.65
164.79
164.79
139.11
139.11
118.85
118.85
143.73
143.73
120.63
120.63
122.18
122.18
116.69
116.69
118.41
118.41
115.79
115.79
119.77
119.77
103.02
103.02
100.55
100.55
109.26
109.26
100.54
100.54
96.18
96.18
110.82
110.82
107.94
107.94
112.15
112.15
114.26
114.26
132.58
132.58
119.0
119.0
136.29
136.29
131.73
131.73
136.51
136.51
146.17
146.17
167.11
167.11
179.76
179.76
166.9
166.9
175.92
175.92
164.33
164.33
160.08
160.08
164.82
164.82
162.27
162.27
140.1
140.1
136.81
136.81
152.64
152.64
154.4
154.4
155.15
155.15
148.67
148.67
152.46
152.46
147.45
147.45
158.45
158.45
155.04
155.04
147.12
147.12
164.15
164.15
168.0
168.0
164.05
164.05
155.59
155.59
144.27
144.27
149.06
149.06
140.48
140.48
152.74
152.74
123.52
123.52
141.58
141.58
115.92
115.92
126.96
126.96
120.75
120.75
118.03
118.03
113.28
113.28
125.05
125.05
123.25
123.25
124.15
124.15
122.41
122.41
124.2
124.2
124.05
124.05
125.07
125.07
117.38
117.38
119.84
119.84
109.04
109.04
124.19
124.19
115.74
115.74
140.92
140.92
173.48
173.48
147.51
147.51
172.86
172.86
160.81
160.81
158.56
158.56
146.99
146.99
139.29
139.29
144.28
144.28
141.79
141.79
126.31
126.31
121.18
121.18
128.63
128.63
122.31
122.31
123.02
123.02
118.19
118.19
130.26
130.26
131.17
131.17
132.92
132.92
131.71
131.71
145.42
145.42
161.37
161.37
159.9
159.9
170.34
170.34
162.27
162.27
156.36
156.36
160.23
160.23
142.62
142.62
140.09
140.09
140.03
140.03
141.92
141.92
126.92
126.92
123.15
123.15
116.49
116.49
111.35
111.35
107.96
107.96
99.0
99.0
109.68
109.68
111.22
111.22
107.85
107.85
110.89
110.89
115.49
115.49
112.65
112.65
105.38
105.38
113.22
113.22
113.37
113.37
126.03
126.03
128.9
128.9
130.75
130.75
129.76
129.76
123.21
123.21
147.35
147.35
123.73
123.73
138.87
138.87
124.04
124.04
120.93
120.93
116.65
116.65
116.41
116.41
113.23
113.23
118.85
118.85
117.76
117.76
128.49
128.49
126.18
126.18
119.63
119.63
120.62
120.62
121.48
121.48
130.94
130.94
139.33
139.33
146.34
146.34
153.51
153.51
159.6
159.6
174.78
174.78
162.27
162.27
154.81
154.81
148.95
148.95
140.48
140.48
146.51
146.51
126.39
126.39
135.47
135.47
120.54
120.54
119.68
119.68
119.16
119.16
108.04
108.04
107.76
107.76
107.0
107.0
118.73
118.73
120.37
120.37
113.97
113.97
116.4
116.4
114.75
114.75
108.0
108.0
104.89
104.89
113.27
113.27
110.19
110.19
135.16
135.16
134.81
134.81
139.05
139.05
155.73
155.73
159.94
159.94
183.21
183.21
168.78
168.78
159.46
159.46
166.76
166.76
153.11
153.11
138.8
138.8
132.2
132.2
126.73
126.73
123.32
123.32
119.51
119.51
117.89
117.89
119.27
119.27
117.79
117.79
116.91
116.91
116.62
116.62
125.35
125.35
129.73
129.73
139.82
139.82
175.97
175.97
154.4
154.4
171.49
171.49
179.77
179.77
176.82
176.82
149.63
149.63
138.72
138.72
161.05
161.05
130.57
130.57
131.25
131.25
121.97
121.97
134.27
134.27
121.19
121.19
119.11
119.11
114.82
114.82
108.71
108.71
114.36
114.36
111.64
111.64
110.66
110.66
117.2
117.2
114.68
114.68
116.72
116.72
114.23
114.23
126.38
126.38
114.59
114.59
123.96
123.96
129.75
129.75
164.97
164.97
179.23
179.23
170.28
170.28
184.37
184.37
174.52
174.52
180.44
180.44
167.21
167.21
166.78
166.78
157.91
157.91
156.83
156.83
147.56
147.56
153.02
153.02
159.71
159.71
156.29
156.29
154.41
154.41
147.07
147.07
142.93
142.93
135.15
135.15
153.41
153.41
148.96
148.96
160.88
160.88
171.59
171.59
175.44
175.44
181.0
181.0
184.79
184.79
180.0
180.0
174.71
174.71
156.89
156.89
167.97
167.97
135.1
135.1
158.71
158.71
130.24
130.24
136.69
136.69
134.82
134.82
130.71
130.71
132.97
132.97
134.79
134.79
145.97
145.97
134.0
134.0
126.58
126.58
128.89
128.89
122.64
122.64
115.11
115.11
110.9
110.9
120.63
120.63
113.5
113.5
111.24
111.24
107.76
107.76
112.95
112.95
120.83
120.83
96.53
96.53
115.21
115.21
129.65
129.65
154.14
154.14
123.28
123.28
147.72
147.72
135.81
135.81
132.51
132.51
130.38
130.38
139.11
139.11
134.5
134.5
140.67
140.67
143.43
143.43
137.68
137.68
138.35
138.35
130.88
130.88
146.15
146.15
154.35
154.35
155.11
155.11
164.85
164.85
185.99
185.99
193.32
193.32
195.17
195.17
193.37
193.37
178.51
178.51
172.15
172.15
164.62
164.62
151.64
151.64
153.35
153.35
136.16
136.16
132.84
132.84
133.15
133.15
120.03
120.03
122.98
122.98
118.15
118.15
141.38
141.38
137.51
137.51
131.56
131.56
127.97
127.97
120.81
120.81
115.18
115.18
111.78
111.78
119.25
119.25
121.32
121.32
125.88
125.88
128.76
128.76
116.91
116.91
120.16
120.16
130.61
130.61
134.98
134.98
124.13
124.13
137.92
137.92
122.66
122.66
132.66
132.66
123.12
123.12
126.93
126.93
125.96
125.96
127.25
127.25
127.33
127.33
125.78
125.78
126.51
126.51
126.24
126.24
129.46
129.46
131.28
131.28
146.77
146.77
144.58
144.58
150.69
150.69
173.17
173.17
192.33
192.33
194.59
194.59
208.92
208.92
204.71
204.71
209.15
209.15
198.48
198.48
179.9
179.9
154.15
154.15
150.73
150.73
141.68
141.68
145.9
145.9
136.74
136.74
123.05
123.05
116.6
116.6
112.85
112.85
117.55
117.55
125.76
125.76
125.92
125.92
133.31
133.31
121.73
121.73
113.53
113.53
111.28
111.28
115.96
115.96
109.48
109.48
128.2
128.2
120.39
120.39
146.58
146.58
158.14
158.14
145.47
145.47
155.85
155.85
148.57
148.57
150.24
150.24
147.31
147.31
135.88
135.88
135.03
135.03
130.41
130.41
112.08
112.08
110.16
110.16
116.12
116.12
114.27
114.27
111.48
111.48
109.24
109.24
110.66
110.66
110.52
110.52
131.01
131.01
127.46
127.46
126.18
126.18
135.7
135.7
145.27
145.27
151.8
151.8
156.1
156.1
157.51
157.51
161.83
161.83
159.07
159.07
164.0
164.0
143.88
143.88
143.02
143.02
127.33
127.33
127.2
127.2
113.6
113.6
122.79
122.79
140.49
140.49
118.81
118.81
134.28
134.28
124.58
124.58
112.81
112.81
121.9
121.9
122.43
122.43
121.92
121.92
132.37
132.37
154.2
154.2
140.52
140.52
153.22
153.22
145.05
145.05
153.56
153.56
167.77
167.77
185.72
185.72
198.48
198.48
188.69
188.69
190.99
190.99
174.43
174.43
165.36
165.36
158.36
158.36
153.88
153.88
122.59
122.59
117.21
117.21
118.59
118.59
126.57
126.57
123.5
123.5
118.48
118.48
118.71
118.71
124.35
124.35
129.56
129.56
130.73
130.73
133.78
133.78
193.25
193.25
212.24
212.24
304.34
304.34
501.49
501.49
580.38
580.38
225.88
225.88
207.41
207.41
194.11
194.11
184.6
184.6
164.45
164.45
138.65
138.65
141.56
141.56
144.19
144.19
127.73
127.73
125.99
125.99
122.29
122.29
127.63
127.63
133.07
133.07
120.87
120.87
117.34
117.34
116.38
116.38
110.98
110.98
107.7
107.7
111.56
111.56
106.04
106.04
127.79
127.79
123.18
123.18
120.74
120.74
123.22
123.22
128.65
128.65
147.95
147.95
146.08
146.08
152.37
152.37
159.43
159.43
156.41
156.41
136.73
136.73
139.04
139.04
120.56
120.56
119.0
119.0
118.57
118.57
120.76
120.76
131.54
131.54
124.2
124.2
126.8
126.8
129.12
129.12
143.8
143.8
146.14
146.14
138.64
138.64
153.25
153.25
162.53
162.53
167.06
167.06
171.64
171.64
174.36
174.36
139.4
139.4
131.45
131.45
133.26
133.26
125.44
125.44
126.67
126.67
116.97
116.97
117.24
117.24
119.86
119.86
134.74
134.74
125.62
125.62
121.8
121.8
127.26
127.26
128.11
128.11
121.48
121.48
115.02
115.02
120.3
120.3
116.56
116.56
109.68
109.68
106.95
106.95
105.15
105.15
141.29
141.29
130.75
130.75
154.13
154.13
152.5
152.5
146.78
146.78
180.81
180.81
167.45
167.45
168.49
168.49
161.74
161.74
163.77
163.77
150.82
150.82
156.03
156.03
145.07
145.07
134.55
134.55
125.81
125.81
119.65
119.65
123.78
123.78
117.87
117.87
128.43
128.43
119.72
119.72
136.88
136.88
132.8
132.8
141.32
141.32
143.85
143.85
162.37
162.37
164.65
164.65
162.38
162.38
156.87
156.87
144.69
144.69
155.56
155.56
134.01
134.01
141.47
141.47
134.5
134.5
123.93
123.93
120.03
120.03
110.85
110.85
131.13
131.13
113.09
113.09
95.27
95.27
109.05
109.05
112.75
112.75
106.73
106.73
99.36
99.36
100.5
100.5
119.69
119.69
116.37
116.37
121.9
121.9
120.11
120.11
129.92
129.92
126.32
126.32
136.08
136.08
110.98
110.98
110.17
110.17
130.3
130.3
116.67
116.67
126.58
126.58
122.83
122.83
130.85
130.85
131.96
131.96
136.13
136.13
126.37
126.37
120.53
120.53
118.58
118.58
115.53
115.53
119.6
119.6
113.34
113.34
114.44
114.44
113.68
113.68
121.71
121.71
125.39
125.39
125.93
125.93
146.02
146.02
149.47
149.47
159.48
159.48
172.02
172.02
174.13
174.13
183.03
183.03
184.24
184.24
188.75
188.75
176.29
176.29
152.58
152.58
140.75
140.75
137.98
137.98
143.23
143.23
142.7
142.7
158.85
158.85
141.76
141.76
152.12
152.12
147.25
147.25
120.22
120.22
126.49
126.49
139.03
139.03
124.96
124.96
130.87
130.87
145.26
145.26
128.79
128.79
144.15
144.15
137.13
137.13
155.13
155.13
149.63
149.63
161.78
161.78
165.84
165.84
162.86
162.86
172.31
172.31
168.2
168.2
161.7
161.7
165.26
165.26
145.83
145.83
131.19
131.19
127.82
127.82
124.82
124.82
123.28
123.28
122.14
122.14
125.88
125.88
134.86
134.86
125.6
125.6
124.07
124.07
124.27
124.27
123.58
123.58
136.38
136.38
159.34
159.34
164.82
164.82
177.18
177.18
166.11
166.11
141.63
141.63
122.32
122.32
121.93
121.93
122.56
122.56
125.52
125.52
122.18
122.18
123.87
123.87
111.0
111.0
87.82
87.82
84.04
84.04
84.01
84.01
91.74
91.74
98.2
98.2
85.9
85.9
76.05
76.05
68.62
68.62
70.31
70.31
62.68
62.68
63.93
63.93
70.34
70.34
67.44
67.44
63.94
63.94
71.42
71.42
96.52
96.52
63.08
63.08
67.48
67.48
70.53
70.53
84.88
84.88
67.72
67.72
66.18
66.18
67.67
67.67
70.63
70.63
71.02
71.02
72.35
72.35
61.36
61.36
69.12
69.12
69.5
69.5
80.9
80.9
104.28
104.28
98.72
98.72
91.94
91.94
108.24
108.24
110.57
110.57
125.86
125.86
142.06
142.06
148.49
148.49
151.1
151.1
153.27
153.27
159.61
159.61
152.78
152.78
150.68
150.68
147.37
147.37
139.61
139.61
102.26
102.26
91.2
91.2
66.51
66.51
45.35
45.35
21.21
21.21
25.54
25.54
35.66
35.66
14.04
14.04
3.78
3.78
12.64
12.64
6.02
6.02
3.35
3.35
-2.96
-2.96
1.79
1.79
-0.05
-0.05
16.18
16.18
52.48
52.48
29.71
29.71
55.4
55.4
52.66
52.66
69.19
69.19
87.18
87.18
101.93
101.93
120.46
120.46
122.17
122.17
103.5
103.5
97.63
97.63
111.16
111.16
104.7
104.7
103.78
103.78
114.41
114.41
118.25
118.25
117.52
117.52
116.88
116.88
112.38
112.38
69.88
69.88
70.38
70.38
116.26
116.26
133.04
133.04
156.15
156.15
169.34
169.34
175.64
175.64
173.43
173.43
177.49
177.49
170.22
170.22
167.52
167.52
168.2
168.2
155.73
155.73
148.95
148.95
146.73
146.73
145.67
145.67
156.13
156.13
161.73
161.73
161.12
161.12
163.86
163.86
171.26
171.26
164.62
164.62
155.94
155.94
154.25
154.25
159.27
159.27
155.08
155.08
155.34
155.34
158.07
158.07
152.6
152.6
153.12
153.12
167.79
167.79
172.44
172.44
199.56
199.56
198.73
198.73
206.85
206.85
211.63
211.63
199.38
199.38
189.79
189.79
182.07
182.07
172.62
172.62
141.69
141.69
139.77
139.77
148.53
148.53
135.71
135.71
121.08
121.08
118.09
118.09
118.73
118.73
118.92
118.92
130.27
130.27
136.53
136.53
141.72
141.72
155.41
155.41
157.77
157.77
168.97
168.97
188.72
188.72
195.53
195.53
183.83
183.83
170.2
170.2
164.06
164.06
157.94
157.94
151.98
151.98
147.34
147.34
141.42
141.42
128.83
128.83
126.5
126.5
0.0
0.0
156.6
156.6
178.04
178.04
139.89
139.89
132.63
132.63
132.94
132.94
126.22
126.22
109.15
109.15
105.79
105.79
118.34
118.34
113.08
113.08
149.75
149.75
153.89
153.89
168.13
168.13
167.45
167.45
149.37
149.37
159.85
159.85
148.28
148.28
153.59
153.59
154.0
154.0
143.2
143.2
132.22
132.22
126.39
126.39
113.82
113.82
114.8
114.8
114.3
114.3
109.85
109.85
107.03
107.03
109.7
109.7
110.24
110.24
106.27
106.27
119.89
119.89
121.24
121.24
127.47
127.47
131.15
131.15
166.28
166.28
168.34
168.34
169.77
169.77
169.3
169.3
147.67
147.67
118.28
118.28
117.87
117.87
129.95
129.95
126.6
126.6
117.11
117.11
102.28
102.28
95.66
95.66
120.15
120.15
108.69
108.69
113.66
113.66
130.53
130.53
114.66
114.66
96.04
96.04
100.07
100.07
97.98
97.98
90.98
90.98
81.96
81.96
87.11
87.11
85.53
85.53
106.01
106.01
114.55
114.55
114.35
114.35
132.04
132.04
95.45
95.45
119.75
119.75
100.9
100.9
102.81
102.81
102.53
102.53
100.82
100.82
85.17
85.17
81.96
81.96
91.86
91.86
95.48
95.48
97.71
97.71
96.5
96.5
97.67
97.67
95.47
95.47
106.72
106.72
105.87
105.87
131.78
131.78
126.01
126.01
124.68
124.68
133.32
133.32
142.59
142.59
141.59
141.59
153.1
153.1
152.53
152.53
143.9
143.9
127.03
127.03
119.04
119.04
113.7
113.7
130.36
130.36
137.52
137.52
130.46
130.46
106.48
106.48
120.26
120.26
115.3
115.3
113.12
113.12
120.72
120.72
113.06
113.06
105.52
105.52
105.08
105.08
120.0
120.0
123.53
123.53
130.72
130.72
129.02
129.02
130.17
130.17
149.05
149.05
146.37
146.37
163.94
163.94
172.13
172.13
139.25
139.25
160.15
160.15
153.95
153.95
151.64
151.64
151.72
151.72
141.36
141.36
138.55
138.55
137.94
137.94
144.45
144.45
130.6
130.6
119.37
119.37
123.03
123.03
111.42
111.42
110.23
110.23
114.98
114.98
107.64
107.64
116.74
116.74
133.73
133.73
124.73
124.73
148.32
148.32
151.14
151.14
155.4
155.4
166.8
166.8
169.99
169.99
161.78
161.78
155.31
155.31
148.7
148.7
135.63
135.63
131.31
131.31
131.01
131.01
122.92
122.92
114.03
114.03
103.26
103.26
101.6
101.6
98.61
98.61
118.6
118.6
121.28
121.28
106.73
106.73
103.78
103.78
102.57
102.57
109.7
109.7
107.17
107.17
100.21
100.21
96.42
96.42
111.56
111.56
112.68
112.68
115.51
115.51
106.25
106.25
95.38
95.38
100.73
100.73
96.65
96.65
101.59
101.59
119.64
119.64
112.26
112.26
99.6
99.6
96.61
96.61
95.55
95.55
89.99
89.99
87.85
87.85
87.16
87.16
83.12
83.12
77.4
77.4
76.13
76.13
73.95
73.95
92.3
92.3
93.66
93.66
98.07
98.07
99.59
99.59
109.99
109.99
117.19
117.19
121.41
121.41
126.94
126.94
121.28
121.28
129.29
129.29
123.4
123.4
113.6
113.6
105.49
105.49
108.84
108.84
108.3
108.3
106.23
106.23
129.31
129.31
111.41
111.41
107.62
107.62
108.52
108.52
115.53
115.53
107.08
107.08
108.61
108.61
103.43
103.43
100.54
100.54
89.88
89.88
94.29
94.29
93.48
93.48
88.69
88.69
93.02
93.02
96.22
96.22
89.9
89.9
85.65
85.65
113.97
113.97
124.72
124.72
138.7
138.7
153.0
153.0
153.74
153.74
152.22
152.22
152.74
152.74
162.43
162.43
168.34
168.34
151.89
151.89
139.81
139.81
142.3
142.3
133.72
133.72
128.74
128.74
125.92
125.92
120.25
120.25
108.87
108.87
122.98
122.98
131.87
131.87
128.39
128.39
121.71
121.71
174.42
174.42
162.32
162.32
116.75
116.75
113.48
113.48
112.29
112.29
109.08
109.08
124.29
124.29
114.04
114.04
124.27
124.27
132.35
132.35
113.24
113.24
115.62
115.62
106.59
106.59
126.33
126.33
135.21
135.21
123.33
123.33
113.87
113.87
103.36
103.36
126.04
126.04
113.21
113.21
117.9
117.9
109.05
109.05
130.43
130.43
132.58
132.58
138.19
138.19
145.47
145.47
154.9
154.9
171.87
171.87
141.68
141.68
159.91
159.91
153.4
153.4
149.48
149.48
137.9
137.9
136.23
136.23
139.95
139.95
141.88
141.88
137.78
137.78
133.21
133.21
124.9
124.9
120.21
120.21
127.75
127.75
124.08
124.08
147.23
147.23
152.24
152.24
143.13
143.13
151.79
151.79
174.56
174.56
178.51
178.51
174.2
174.2
175.91
175.91
157.18
157.18
150.2
150.2
139.93
139.93
131.16
131.16
118.16
118.16
123.14
123.14
118.81
118.81
114.93
114.93
109.29
109.29
119.97
119.97
99.0
99.0
104.22
104.22
116.06
116.06
92.09
92.09
79.43
79.43
86.56
86.56
129.99
129.99
111.8
111.8
117.9
117.9
108.96
108.96
143.51
143.51
148.16
148.16
112.65
112.65
145.41
145.41
113.64
113.64
146.32
146.32
127.25
127.25
128.42
128.42
102.76
102.76
93.22
93.22
92.11
92.11
106.75
106.75
113.0
113.0
96.53
96.53
105.72
105.72
108.37
108.37
96.23
96.23
71.98
71.98
82.05
82.05
86.76
86.76
75.72
75.72
74.09
74.09
82.32
82.32
114.19
114.19
114.14
114.14
124.0
124.0
127.36
127.36
131.96
131.96
127.22
127.22
110.71
110.71
108.57
108.57
106.74
106.74
115.74
115.74
87.46
87.46
99.21
99.21
53.33
53.33
110.22
110.22
72.9
72.9
81.77
81.77
96.2
96.2
99.57
99.57
93.32
93.32
70.87
70.87
62.81
62.81
88.81
88.81
51.17
51.17
70.91
70.91
73.73
73.73
81.27
81.27
93.13
93.13
88.51
88.51
129.69
129.69
69.16
69.16
121.07
121.07
94.59
94.59
88.07
88.07
78.94
78.94
47.29
47.29
45.7
45.7
36.08
36.08
27.83
27.83
28.17
28.17
37.69
37.69
63.68
63.68
67.87
67.87
68.27
68.27
73.37
73.37
72.89
72.89
65.84
65.84
63.03
63.03
80.99
80.99
100.61
100.61
109.26
109.26
117.88
117.88
116.86
116.86
124.19
124.19
117.07
117.07
115.9
115.9
107.82
107.82
97.65
97.65
102.86
102.86
99.32
99.32
92.31
92.31
60.04
60.04
46.03
46.03
32.97
32.97
28.28
28.28
28.64
28.64
19.7
19.7
8.18
8.18
4.2
4.2
-13.15
-13.15
1.13
1.13
4.07
4.07
55.41
55.41
70.29
70.29
53.41
53.41
50.03
50.03
70.91
70.91
104.09
104.09
90.63
90.63
111.62
111.62
105.08
105.08
84.18
84.18
79.71
79.71
61.75
61.75
81.14
81.14
70.43
70.43
72.09
72.09
66.68
66.68
71.82
71.82
76.22
76.22
84.58
84.58
85.06
85.06
85.91
85.91
90.92
90.92
96.92
96.92
104.23
104.23
121.43
121.43
127.4
127.4
132.08
132.08
136.03
136.03
138.11
138.11
146.28
146.28
140.83
140.83
121.84
121.84
129.07
129.07
111.88
111.88
122.06
122.06
114.18
114.18
106.44
106.44
87.71
87.71
81.41
81.41
45.79
45.79
28.57
28.57
23.5
23.5
33.56
33.56
6.23
6.23
17.87
17.87
14.02
14.02
13.25
13.25
10.44
10.44
17.82
17.82
17.55
17.55
32.26
32.26
38.78
38.78
52.13
52.13
80.26
80.26
83.93
83.93
97.87
97.87
82.03
82.03
64.73
64.73
75.05
75.05
52.75
52.75
33.55
33.55
27.3
27.3
26.38
26.38
26.0
26.0
28.22
28.22
20.13
20.13
19.66
19.66
19.72
19.72
37.25
37.25
45.04
45.04
19.27
19.27
16.77
16.77
51.97
51.97
92.62
92.62
114.68
114.68
128.24
128.24
119.65
119.65
128.35
128.35
123.63
123.63
113.09
113.09
104.31
104.31
93.83
93.83
98.02
98.02
84.03
84.03
70.96
70.96
54.09
54.09
-2.19
-2.19
-17.92
-17.92
10.68
10.68
17.28
17.28
2.64
2.64
-8.87
-8.87
-2.01
-2.01
-14.05
-14.05
-8.84
-8.84
-22.89
-22.89
-19.95
-19.95
-27.27
-27.27
-19.52
-19.52
-24.51
-24.51
-26.99
-26.99
-10.26
-10.26
-21.84
-21.84
-7.65
-7.65
-9.95
-9.95
14.11
14.11
-1.0
-1.0
-3.16
-3.16
-12.26
-12.26
-19.4
-19.4
-3.17
-3.17
7.61
7.61
12.66
12.66
40.35
40.35
25.62
25.62
29.85
29.85
35.99
35.99
35.88
35.88
47.44
47.44
67.93
67.93
82.82
82.82
85.59
85.59
104.08
104.08
121.48
121.48
131.41
131.41
143.47
143.47
157.75
157.75
154.27
154.27
132.76
132.76
130.97
130.97
132.36
132.36
125.77
125.77
130.59
130.59
128.48
128.48
125.9
125.9
109.26
109.26
119.46
119.46
129.28
129.28
100.34
100.34
107.26
107.26
134.03
134.03
131.51
131.51
102.51
102.51
72.67
72.67
95.52
95.52
94.04
94.04
102.56
102.56
102.42
102.42
119.19
119.19
121.84
121.84
97.11
97.11
109.71
109.71
107.49
107.49
104.6
104.6
113.63
113.63
131.41
131.41
138.57
138.57
145.97
145.97
146.02
146.02
149.89
149.89
146.06
146.06
140.33
140.33
134.98
134.98
139.33
139.33
115.46
115.46
127.18
127.18
130.07
130.07
128.05
128.05
145.24
145.24
153.4
153.4
141.64
141.64
150.85
150.85
158.27
158.27
163.51
163.51
167.1
167.1
161.13
161.13
142.14
142.14
118.33
118.33
107.93
107.93
104.66
104.66
96.65
96.65
130.96
130.96
126.12
126.12
117.76
117.76
113.54
113.54
105.08
105.08
97.66
97.66
94.22
94.22
102.92
102.92
98.43
98.43
99.22
99.22
90.38
90.38
121.72
121.72
99.36
99.36
163.05
163.05
161.55
161.55
168.18
168.18
179.09
179.09
145.93
145.93
149.46
149.46
112.47
112.47
113.35
113.35
118.92
118.92
107.62
107.62
87.43
87.43
90.42
90.42
91.43
91.43
111.28
111.28
103.12
103.12
96.62
96.62
96.99
96.99
97.02
97.02
87.03
87.03
84.36
84.36
80.49
80.49
88.67
88.67
109.47
109.47
121.6
121.6
154.51
154.51
156.83
156.83
163.05
163.05
164.77
164.77
151.73
151.73
147.05
147.05
133.62
133.62
101.3
101.3
103.42
103.42
109.72
109.72
127.12
127.12
127.96
127.96
96.54
96.54
82.93
82.93
98.96
98.96
98.07
98.07
95.68
95.68
96.98
96.98
99.99
99.99
95.2
95.2
93.29
93.29
91.31
91.31
112.77
112.77
116.86
116.86
130.39
130.39
141.01
141.01
123.0
123.0
158.66
158.66
143.82
143.82
153.72
153.72
128.02
128.02
107.65
107.65
124.65
124.65
129.71
129.71
118.03
118.03
129.44
129.44
134.05
134.05
134.21
134.21
124.0
124.0
123.61
123.61
120.01
120.01
108.81
108.81
102.34
102.34
117.32
117.32
128.11
128.11
132.54
132.54
144.97
144.97
140.14
140.14
154.23
154.23
156.79
156.79
138.98
138.98
138.98
138.98
135.67
135.67
121.53
121.53
123.54
123.54
120.78
120.78
117.96
117.96
114.67
114.67
94.77
94.77
103.72
103.72
104.73
104.73
93.64
93.64
92.12
92.12
122.97
122.97
120.64
120.64
113.44
113.44
126.92
126.92
136.17
136.17
134.85
134.85
134.56
134.56
146.29
146.29
125.89
125.89
130.37
130.37
154.67
154.67
116.39
116.39
140.09
140.09
142.14
142.14
140.38
140.38
127.39
127.39
124.06
124.06
127.17
127.17
116.27
116.27
125.39
125.39
133.27
133.27
132.73
132.73
131.05
131.05
117.61
117.61
106.99
106.99
109.27
109.27
102.19
102.19
106.17
106.17
100.87
100.87
100.7
100.7
100.13
100.13
106.07
106.07
112.73
112.73
124.87
124.87
128.29
128.29
128.09
128.09
135.46
135.46
128.21
128.21
125.06
125.06
124.42
124.42
113.5
113.5
110.94
110.94
114.09
114.09
105.78
105.78
112.3
112.3
136.83
136.83
126.96
126.96
107.99
107.99
110.37
110.37
108.13
108.13
104.17
104.17
106.13
106.13
101.58
101.58
96.59
96.59
88.33
88.33
93.52
93.52
90.54
90.54
115.04
115.04
114.46
114.46
108.16
108.16
128.77
128.77
129.28
129.28
130.17
130.17
131.57
131.57
129.08
129.08
131.46
131.46
129.5
129.5
132.2
132.2
123.99
123.99
112.42
112.42
103.96
103.96
92.45
92.45
83.18
83.18
89.27
89.27
91.37
91.37
80.47
80.47
91.94
91.94
99.58
99.58
102.34
102.34
103.33
103.33
103.78
103.78
107.13
107.13
105.67
105.67
114.41
114.41
118.94
118.94
127.65
127.65
124.9
124.9
116.51
116.51
113.1
113.1
129.15
129.15
110.05
110.05
116.94
116.94
110.75
110.75
90.46
90.46
99.43
99.43
104.21
104.21
117.6
117.6
118.36
118.36
95.97
95.97
91.31
91.31
84.02
84.02
92.88
92.88
80.7
80.7
99.75
99.75
96.17
96.17
106.11
106.11
86.47
86.47
89.04
89.04
99.96
99.96
94.88
94.88
108.57
108.57
110.54
110.54
114.75
114.75
113.35
113.35
115.86
115.86
119.88
119.88
118.88
118.88
119.24
119.24
116.81
116.81
120.65
120.65
122.34
122.34
106.67
106.67
97.97
97.97
94.85
94.85
101.7
101.7
101.59
101.59
97.54
97.54
102.43
102.43
105.7
105.7
119.49
119.49
121.09
121.09
117.56
117.56
121.24
121.24
119.86
119.86
102.47
102.47
103.4
103.4
107.42
107.42
108.75
108.75
105.24
105.24
113.98
113.98
69.04
69.04
59.53
59.53
22.3
22.3
46.6
46.6
53.74
53.74
39.86
39.86
40.67
40.67
43.2
43.2
43.87
43.87
45.53
45.53
41.89
41.89
43.02
43.02
45.29
45.29
47.68
47.68
84.41
84.41
95.3
95.3
104.36
104.36
94.84
94.84
107.73
107.73
115.75
115.75
116.16
116.16
117.71
117.71
118.59
118.59
134.05
134.05
130.74
130.74
138.63
138.63
138.32
138.32
136.87
136.87
122.33
122.33
108.5
108.5
104.16
104.16
93.78
93.78
97.66
97.66
115.0
115.0
122.58
122.58
125.49
125.49
142.72
142.72
142.05
142.05
145.19
145.19
145.23
145.23
144.08
144.08
151.9
151.9
135.88
135.88
126.1
126.1
119.0
119.0
120.36
120.36
119.28
119.28
142.83
142.83
135.59
135.59
133.19
133.19
132.37
132.37
120.86
120.86
120.43
120.43
124.99
124.99
112.65
112.65
105.71
105.71
109.33
109.33
106.08
106.08
100.72
100.72
99.3
99.3
104.31
104.31
113.98
113.98
113.14
113.14
98.96
98.96
108.78
108.78
119.38
119.38
133.89
133.89
144.76
144.76
147.2
147.2
148.58
148.58
146.72
146.72
145.7
145.7
146.86
146.86
155.68
155.68
154.56
154.56
128.36
128.36
115.92
115.92
116.78
116.78
113.57
113.57
106.53
106.53
112.85
112.85
114.25
114.25
124.17
124.17
127.77
127.77
138.85
138.85
147.54
147.54
149.25
149.25
162.42
162.42
165.79
165.79
166.32
166.32
151.1
151.1
143.62
143.62
131.91
131.91
125.94
125.94
125.56
125.56
143.61
143.61
120.6
120.6
128.26
128.26
123.85
123.85
111.65
111.65
126.83
126.83
108.14
108.14
104.05
104.05
109.52
109.52
97.42
97.42
122.43
122.43
98.19
98.19
117.61
117.61
119.34
119.34
159.07
159.07
172.24
172.24
157.69
157.69
176.31
176.31
173.27
173.27
174.5
174.5
147.91
147.91
118.61
118.61
121.69
121.69
114.44
114.44
117.56
117.56
112.79
112.79
101.58
101.58
107.9
107.9
95.0
95.0
88.07
88.07
94.26
94.26
92.05
92.05
86.98
86.98
90.96
90.96
86.96
86.96
88.4
88.4
102.91
102.91
111.79
111.79
125.24
125.24
133.3
133.3
139.43
139.43
143.08
143.08
133.5
133.5
125.67
125.67
129.94
129.94
105.93
105.93
108.86
108.86
105.04
105.04
101.08
101.08
90.29
90.29
91.53
91.53
93.05
93.05
89.12
89.12
101.4
101.4
104.56
104.56
95.68
95.68
92.24
92.24
86.02
86.02
93.85
93.85
91.69
91.69
102.0
102.0
98.62
98.62
133.03
133.03
156.06
156.06
171.64
171.64
193.11
193.11
143.89
143.89
140.67
140.67
134.11
134.11
118.53
118.53
95.82
95.82
103.84
103.84
96.93
96.93
98.2
98.2
99.9
99.9
87.04
87.04
81.91
81.91
78.39
78.39
80.55
80.55
80.35
80.35
87.68
87.68
89.79
89.79
93.78
93.78
90.08
90.08
104.27
104.27
105.75
105.75
113.98
113.98
117.67
117.67
137.74
137.74
135.83
135.83
121.92
121.92
117.33
117.33
117.12
117.12
103.81
103.81
98.37
98.37
96.28
96.28
90.62
90.62
86.42
86.42
89.06
89.06
87.33
87.33
89.15
89.15
91.68
91.68
83.46
83.46
84.4
84.4
95.51
95.51
90.9
90.9
89.87
89.87
92.99
92.99
88.55
88.55
86.68
86.68
95.63
95.63
125.67
125.67
140.08
140.08
170.18
170.18
125.72
125.72
134.23
134.23
103.82
103.82
106.76
106.76
106.64
106.64
103.84
103.84
91.96
91.96
92.17
92.17
92.36
92.36
91.99
91.99
92.54
92.54
92.84
92.84
91.36
91.36
92.0
92.0
92.1
92.1
95.91
95.91
97.17
97.17
99.84
99.84
136.06
136.06
146.44
146.44
165.56
165.56
161.51
161.51
154.63
154.63
159.9
159.9
151.2
151.2
143.24
143.24
147.38
147.38
135.86
135.86
133.94
133.94
133.03
133.03
117.56
117.56
114.9
114.9
133.62
133.62
123.73
123.73
114.41
114.41
106.27
106.27
105.33
105.33
98.67
98.67
98.67
98.67
95.14
95.14
95.43
95.43
100.28
100.28
116.84
116.84
113.6
113.6
129.84
129.84
142.29
142.29
114.74
114.74
152.37
152.37
128.56
128.56
136.19
136.19
118.23
118.23
104.2
104.2
110.29
110.29
108.4
108.4
86.18
86.18
85.59
85.59
83.89
83.89
69.15
69.15
90.79
90.79
79.27
79.27
67.33
67.33
66.4
66.4
54.93
54.93
63.06
63.06
76.4
76.4
84.29
84.29
108.22
108.22
115.32
115.32
111.48
111.48
124.25
124.25
116.36
116.36
130.13
130.13
133.0
133.0
131.34
131.34
130.72
130.72
119.76
119.76
133.22
133.22
108.21
108.21
120.78
120.78
113.5
113.5
119.44
119.44
109.27
109.27
108.16
108.16
115.47
115.47
104.0
104.0
107.3
107.3
105.21
105.21
100.61
100.61
103.56
103.56
103.1
103.1
106.02
106.02
110.13
110.13
115.06
115.06
111.58
111.58
133.87
133.87
143.76
143.76
134.45
134.45
129.93
129.93
105.15
105.15
99.42
99.42
100.71
100.71
101.01
101.01
85.29
85.29
83.79
83.79
95.12
95.12
92.76
92.76
88.24
88.24
85.84
85.84
85.95
85.95
83.56
83.56
85.24
85.24
87.21
87.21
82.94
82.94
79.99
79.99
88.89
88.89
102.06
102.06
97.71
97.71
105.63
105.63
99.31
99.31
107.5
107.5
116.87
116.87
113.35
113.35
104.31
104.31
97.26
97.26
109.65
109.65
97.96
97.96
93.14
93.14
97.12
97.12
108.46
108.46
98.86
98.86
98.35
98.35
107.6
107.6
105.15
105.15
96.15
96.15
96.15
96.15
94.94
94.94
101.95
101.95
100.37
100.37
97.18
97.18
108.53
108.53
105.36
105.36
124.66
124.66
114.39
114.39
133.78
133.78
118.85
118.85
126.56
126.56
130.07
130.07
129.21
129.21
111.43
111.43
108.19
108.19
86.86
86.86
84.07
84.07
86.94
86.94
85.11
85.11
81.84
81.84
81.33
81.33
85.66
85.66
84.47
84.47
97.93
97.93
100.28
100.28
88.74
88.74
106.16
106.16
111.65
111.65
130.52
130.52
132.51
132.51
131.74
131.74
125.89
125.89
136.6
136.6
148.43
148.43
137.39
137.39
132.72
132.72
121.6
121.6
141.13
141.13
119.2
119.2
95.63
95.63
102.99
102.99
104.29
104.29
105.13
105.13
94.63
94.63
87.32
87.32
89.58
89.58
86.47
86.47
85.12
85.12
77.78
77.78
90.93
90.93
89.58
89.58
89.95
89.95
89.48
89.48
88.93
88.93
101.42
101.42
72.77
72.77
95.63
95.63
92.21
92.21
93.6
93.6
75.63
75.63
81.27
81.27
67.12
67.12
57.9
57.9
51.65
51.65
48.08
48.08
45.97
45.97
43.48
43.48
37.39
37.39
29.09
29.09
39.21
39.21
34.51
34.51
27.18
27.18
34.59
34.59
56.37
56.37
54.28
54.28
89.46
89.46
85.72
85.72
87.3
87.3
80.78
80.78
93.15
93.15
83.34
83.34
78.5
78.5
82.4
82.4
98.25
98.25
83.05
83.05
89.57
89.57
80.5
80.5
84.5
84.5
62.29
62.29
58.06
58.06
38.01
38.01
36.79
36.79
44.8
44.8
46.25
46.25
45.32
45.32
44.19
44.19
41.49
41.49
41.12
41.12
42.18
42.18
39.84
39.84
48.35
48.35
38.17
38.17
40.14
40.14
-11.82
-11.82
30.09
30.09
2.05
2.05
16.5
16.5
6.19
6.19
9.39
9.39
8.42
8.42
6.62
6.62
1.96
1.96
9.56
9.56
15.02
15.02
-6.71
-6.71
-33.33
-33.33
-48.63
-48.63
-46.86
-46.86
-53.01
-53.01
-59.12
-59.12
-55.69
-55.69
-46.19
-46.19
-22.71
-22.71
-2.43
-2.43
7.77
7.77
27.45
27.45
35.86
35.86
51.85
51.85
52.95
52.95
61.65
61.65
60.91
60.91
55.24
55.24
39.72
39.72
29.65
29.65
22.72
22.72
-7.82
-7.82
-14.79
-14.79
-11.16
-11.16
-13.46
-13.46
-13.14
-13.14
-7.19
-7.19
-10.55
-10.55
-11.94
-11.94
4.92
4.92
4.0
4.0
21.05
21.05
36.13
36.13
79.63
79.63
87.18
87.18
100.94
100.94
122.69
122.69
119.91
119.91
141.53
141.53
118.56
118.56
124.85
124.85
98.27
98.27
91.96
91.96
79.51
79.51
83.0
83.0
86.21
86.21
86.74
86.74
82.67
82.67
85.8
85.8
90.22
90.22
88.49
88.49
84.37
84.37
89.44
89.44
71.79
71.79
63.58
63.58
94.35
94.35
94.51
94.51
113.36
113.36
107.68
107.68
109.46
109.46
95.97
95.97
99.63
99.63
96.91
96.91
104.2
104.2
104.9
104.9
98.26
98.26
96.21
96.21
92.37
92.37
90.48
90.48
104.46
104.46
125.17
125.17
140.06
140.06
132.3
132.3
96.56
96.56
106.83
106.83
103.92
103.92
91.04
91.04
73.01
73.01
73.24
73.24
92.33
92.33
98.41
98.41
88.16
88.16
85.53
85.53
101.58
101.58
121.68
121.68
114.89
114.89
134.53
134.53
121.02
121.02
122.33
122.33
122.88
122.88
121.06
121.06
118.35
118.35
115.75
115.75
95.42
95.42
103.4
103.4
96.0
96.0
97.65
97.65
89.15
89.15
90.87
90.87
91.81
91.81
84.65
84.65
82.66
82.66
87.01
87.01
102.95
102.95
94.6
94.6
127.41
127.41
130.5
130.5
135.65
135.65
134.88
134.88
128.06
128.06
132.7
132.7
131.35
131.35
129.78
129.78
125.29
125.29
115.57
115.57
111.06
111.06
110.55
110.55
94.12
94.12
76.06
76.06
78.4
78.4
52.42
52.42
74.24
74.24
87.39
87.39
96.46
96.46
94.03
94.03
88.05
88.05
79.51
79.51
97.44
97.44
90.44
90.44
103.13
103.13
88.97
88.97
111.1
111.1
113.3
113.3
108.87
108.87
140.25
140.25
114.81
114.81
111.4
111.4
96.18
96.18
94.89
94.89
90.75
90.75
89.04
89.04
86.63
86.63
88.0
88.0
86.13
86.13
84.61
84.61
81.83
81.83
80.84
80.84
88.29
88.29
88.98
88.98
86.95
86.95
83.89
83.89
82.86
82.86
76.85
76.85
89.54
89.54
92.53
92.53
101.83
101.83
109.29
109.29
126.73
126.73
129.14
129.14
109.13
109.13
114.69
114.69
123.84
123.84
111.77
111.77
127.41
127.41
110.64
110.64
114.36
114.36
82.61
82.61
99.87
99.87
90.44
90.44
81.59
81.59
104.82
104.82
101.3
101.3
103.84
103.84
93.16
93.16
82.95
82.95
93.14
93.14
76.53
76.53
107.46
107.46
93.58
93.58
112.24
112.24
148.99
148.99
104.94
104.94
140.32
140.32
114.36
114.36
119.77
119.77
105.61
105.61
93.89
93.89
92.69
92.69
94.2
94.2
99.94
99.94
97.25
97.25
84.13
84.13
86.17
86.17
90.08
90.08
83.48
83.48
84.97
84.97
83.46
83.46
96.62
96.62
96.34
96.34
91.57
91.57
92.01
92.01
94.75
94.75
95.19
95.19
97.13
97.13
105.25
105.25
124.12
124.12
117.83
117.83
114.3
114.3
114.53
114.53
122.91
122.91
107.04
107.04
113.81
113.81
109.51
109.51
102.06
102.06
111.34
111.34
123.38
123.38
114.39
114.39
106.4
106.4
121.88
121.88
115.81
115.81
99.17
99.17
90.75
90.75
92.76
92.76
101.16
101.16
94.42
94.42
89.05
89.05
93.27
93.27
86.41
86.41
95.15
95.15
87.12
87.12
95.88
95.88
86.34
86.34
106.83
106.83
107.11
107.11
108.16
108.16
100.09
100.09
96.33
96.33
92.95
92.95
85.73
85.73
86.29
86.29
84.87
84.87
84.14
84.14
83.72
83.72
89.7
89.7
89.76
89.76
80.99
80.99
80.36
80.36
80.8
80.8
84.36
84.36
85.61
85.61
82.54
82.54
86.77
86.77
101.57
101.57
115.08
115.08
104.6
104.6
97.48
97.48
97.58
97.58
106.16
106.16
88.01
88.01
94.42
94.42
89.46
89.46
78.62
78.62
75.91
75.91
82.15
82.15
80.42
80.42
83.99
83.99
87.61
87.61
76.59
76.59
67.95
67.95
87.3
87.3
91.39
91.39
89.27
89.27
91.93
91.93
90.08
90.08
93.8
93.8
82.99
82.99
84.95
84.95
75.01
75.01
93.26
93.26
83.59
83.59
96.35
96.35
87.45
87.45
99.02
99.02
104.68
104.68
107.49
107.49
83.63
83.63
89.29
89.29
87.98
87.98
87.04
87.04
99.32
99.32
104.44
104.44
94.41
94.41
94.32
94.32
104.06
104.06
97.98
97.98
99.85
99.85
101.73
101.73
125.18
125.18
127.8
127.8
130.53
130.53
133.88
133.88
137.91
137.91
136.25
136.25
132.21
132.21
131.63
131.63
133.58
133.58
124.4
124.4
127.28
127.28
105.49
105.49
129.46
129.46
108.88
108.88
112.19
112.19
107.18
107.18
103.98
103.98
115.22
115.22
112.37
112.37
106.09
106.09
113.04
113.04
97.83
97.83
125.9
125.9
101.69
101.69
105.23
105.23
104.1
104.1
151.94
151.94
164.91
164.91
185.14
185.14
202.69
202.69
142.21
142.21
154.84
154.84
143.05
143.05
134.92
134.92
125.97
125.97
114.18
114.18
117.61
117.61
111.56
111.56
103.48
103.48
106.33
106.33
106.65
106.65
105.68
105.68
109.01
109.01
107.47
107.47
113.48
113.48
121.62
121.62
109.44
109.44
124.93
124.93
126.79
126.79
134.27
134.27
132.01
132.01
127.17
127.17
132.57
132.57
127.58
127.58
135.18
135.18
130.28
130.28
130.18
130.18
108.32
108.32
120.07
120.07
111.43
111.43
106.34
106.34
107.03
107.03
104.8
104.8
104.95
104.95
106.02
106.02
108.54
108.54
110.39
110.39
105.04
105.04
107.39
107.39
98.43
98.43
106.26
106.26
89.56
89.56
122.72
122.72
111.75
111.75
120.33
120.33
137.36
137.36
120.49
120.49
133.32
133.32
127.32
127.32
122.42
122.42
119.35
119.35
112.15
112.15
105.79
105.79
110.36
110.36
101.7
101.7
97.36
97.36
97.24
97.24
98.34
98.34
93.34
93.34
87.29
87.29
94.63
94.63
94.57
94.57
98.03
98.03
99.55
99.55
96.89
96.89
98.08
98.08
109.16
109.16
105.81
105.81
113.05
113.05
120.71
120.71
116.28
116.28
115.67
115.67
119.0
119.0
120.49
120.49
116.88
116.88
109.08
109.08
103.02
103.02
106.05
106.05
92.12
92.12
81.96
81.96
80.66
80.66
76.46
76.46
76.24
76.24
84.36
84.36
88.07
88.07
85.94
85.94
87.66
87.66
86.72
86.72
100.09
100.09
86.85
86.85
118.77
118.77
108.33
108.33
119.78
119.78
135.2
135.2
119.91
119.91
141.56
141.56
133.51
133.51
134.19
134.19
117.83
117.83
116.84
116.84
101.19
101.19
96.2
96.2
96.1
96.1
101.96
101.96
100.23
100.23
91.31
91.31
68.75
68.75
55.92
55.92
69.68
69.68
63.29
63.29
49.15
49.15
50.35
50.35
68.23
68.23
79.23
79.23
75.24
75.24
66.51
66.51
91.09
91.09
95.84
95.84
114.12
114.12
117.2
117.2
116.16
116.16
119.29
119.29
112.52
112.52
102.73
102.73
102.89
102.89
95.04
95.04
85.39
85.39
84.67
84.67
91.87
91.87
85.74
85.74
82.7
82.7
98.59
98.59
94.09
94.09
79.02
79.02
73.37
73.37
71.08
71.08
88.12
88.12
74.79
74.79
103.76
103.76
89.36
89.36
98.61
98.61
131.92
131.92
133.4
133.4
148.64
148.64
135.8
135.8
111.93
111.93
104.94
104.94
99.99
99.99
105.06
105.06
96.17
96.17
91.66
91.66
82.32
82.32
84.06
84.06
81.35
81.35
79.31
79.31
76.94
76.94
76.41
76.41
75.87
75.87
71.68
71.68
79.63
79.63
77.48
77.48
90.65
90.65
123.68
123.68
124.15
124.15
122.59
122.59
134.23
134.23
134.52
134.52
139.54
139.54
140.53
140.53
141.73
141.73
134.02
134.02
124.7
124.7
131.84
131.84
104.49
104.49
90.7
90.7
84.97
84.97
86.92
86.92
92.65
92.65
79.63
79.63
82.36
82.36
96.81
96.81
102.27
102.27
126.08
126.08
108.9
108.9
115.37
115.37
101.03
101.03
118.65
118.65
107.35
107.35
114.37
114.37
142.43
142.43
129.15
129.15
155.92
155.92
125.04
125.04
118.15
118.15
121.66
121.66
109.25
109.25
80.75
80.75
81.16
81.16
89.59
89.59
98.63
98.63
103.72
103.72
93.93
93.93
91.21
91.21
87.75
87.75
83.25
83.25
85.35
85.35
93.44
93.44
88.64
88.64
92.49
92.49
91.44
91.44
112.86
112.86
104.1
104.1
123.24
123.24
126.5
126.5
113.42
113.42
120.57
120.57
121.02
121.02
122.94
122.94
121.01
121.01
111.8
111.8
117.27
117.27
105.9
105.9
107.2
107.2
99.3
99.3
93.95
93.95
86.17
86.17
90.32
90.32
97.0
97.0
96.92
96.92
90.54
90.54
100.35
100.35
92.03
92.03
93.37
93.37
84.37
84.37
86.35
86.35
88.01
88.01
81.57
81.57
87.98
87.98
76.72
76.72
92.76
92.76
98.88
98.88
101.19
101.19
102.12
102.12
101.28
101.28
93.83
93.83
83.54
83.54
75.65
75.65
76.1
76.1
76.78
76.78
75.61
75.61
78.18
78.18
79.61
79.61
84.05
84.05
92.58
92.58
109.03
109.03
110.03
110.03
101.22
101.22
109.26
109.26
123.91
123.91
123.68
123.68
121.94
121.94
122.98
122.98
130.41
130.41
132.02
132.02
124.13
124.13
116.62
116.62
130.8
130.8
110.51
110.51
106.81
106.81
108.91
108.91
112.83
112.83
123.78
123.78
113.6
113.6
116.53
116.53
108.61
108.61
115.74
115.74
112.0
112.0
106.67
106.67
93.37
93.37
85.31
85.31
91.64
91.64
86.77
86.77
74.18
74.18
77.53
77.53
86.57
86.57
84.32
84.32
82.13
82.13
83.94
83.94
90.09
90.09
86.7
86.7
94.52
94.52
99.42
99.42
105.68
105.68
104.26
104.26
113.3
113.3
109.79
109.79
116.88
116.88
115.94
115.94
116.05
116.05
112.9
112.9
110.92
110.92
109.05
109.05
95.79
95.79
93.47
93.47
86.65
86.65
78.38
78.38
80.24
80.24
80.25
80.25
96.34
96.34
91.49
91.49
105.42
105.42
99.08
99.08
101.98
101.98
94.97
94.97
94.07
94.07
87.29
87.29
84.61
84.61
82.68
82.68
70.64
70.64
72.45
72.45
79.36
79.36
76.27
76.27
68.84
68.84
75.64
75.64
70.63
70.63
70.21
70.21
80.1
80.1
76.01
76.01
84.34
84.34
81.65
81.65
99.23
99.23
95.85
95.85
99.01
99.01
109.77
109.77
87.1
87.1
120.72
120.72
112.09
112.09
108.9
108.9
96.33
96.33
87.91
87.91
89.81
89.81
90.61
90.61
81.39
81.39
82.75
82.75
86.23
86.23
88.88
88.88
87.09
87.09
87.01
87.01
88.51
88.51
88.39
88.39
97.16
97.16
96.71
96.71
93.05
93.05
91.52
91.52
103.95
103.95
105.55
105.55
113.69
113.69
114.62
114.62
113.04
113.04
111.57
111.57
118.51
118.51
112.21
112.21
114.66
114.66
101.97
101.97
99.87
99.87
93.2
93.2
79.42
79.42
77.27
77.27
75.89
75.89
76.64
76.64
76.16
76.16
81.88
81.88
85.78
85.78
91.23
91.23
92.04
92.04
88.44
88.44
93.48
93.48
87.78
87.78
104.47
104.47
99.13
99.13
98.71
98.71
128.03
128.03
105.07
105.07
123.1
123.1
114.49
114.49
98.63
98.63
92.3
92.3
85.08
85.08
88.76
88.76
87.33
87.33
84.33
84.33
87.85
87.85
81.58
81.58
80.75
80.75
77.87
77.87
77.15
77.15
76.78
76.78
75.87
75.87
76.58
76.58
80.92
80.92
79.17
79.17
82.73
82.73
88.67
88.67
99.04
99.04
97.23
97.23
100.27
100.27
118.87
118.87
119.82
119.82
110.74
110.74
117.49
117.49
120.03
120.03
107.29
107.29
115.56
115.56
96.87
96.87
101.87
101.87
77.9
77.9
82.66
82.66
97.91
97.91
81.49
81.49
92.01
92.01
82.6
82.6
78.71
78.71
85.52
85.52
81.27
81.27
91.13
91.13
85.5
85.5
109.67
109.67
123.81
123.81
112.51
112.51
146.35
146.35
127.07
127.07
146.17
146.17
125.0
125.0
118.2
118.2
117.94
117.94
105.44
105.44
101.43
101.43
97.61
97.61
91.43
91.43
87.79
87.79
90.07
90.07
88.0
88.0
90.34
90.34
88.71
88.71
88.47
88.47
87.41
87.41
90.4
90.4
93.0
93.0
95.25
95.25
105.57
105.57
109.96
109.96
112.55
112.55
119.27
119.27
116.4
116.4
126.43
126.43
123.01
123.01
123.05
123.05
119.98
119.98
121.91
121.91
110.98
110.98
111.27
111.27
104.8
104.8
96.38
96.38
81.59
81.59
83.86
83.86
81.45
81.45
87.91
87.91
95.03
95.03
85.54
85.54
81.93
81.93
81.73
81.73
82.96
82.96
80.76
80.76
79.65
79.65
85.52
85.52
85.32
85.32
93.51
93.51
117.88
117.88
85.37
85.37
99.16
99.16
92.21
92.21
92.93
92.93
86.38
86.38
93.38
93.38
90.03
90.03
85.73
85.73
85.06
85.06
82.21
82.21
82.68
82.68
79.96
79.96
80.52
80.52
76.88
76.88
75.26
75.26
73.17
73.17
76.4
76.4
77.72
77.72
84.25
84.25
82.91
82.91
90.79
90.79
97.24
97.24
109.68
109.68
108.8
108.8
118.91
118.91
117.69
117.69
120.95
120.95
118.24
118.24
114.89
114.89
103.25
103.25
104.51
104.51
103.07
103.07
97.02
97.02
108.38
108.38
101.42
101.42
106.62
106.62
93.27
93.27
99.19
99.19
91.0
91.0
95.93
95.93
100.44
100.44
107.69
107.69
100.37
100.37
111.51
111.51
141.58
141.58
113.52
113.52
107.99
107.99
137.06
137.06
136.4
136.4
157.0
157.0
153.15
153.15
154.98
154.98
159.09
159.09
159.03
159.03
151.5
151.5
150.52
150.52
139.78
139.78
143.82
143.82
144.0
144.0
141.85
141.85
140.35
140.35
135.49
135.49
130.79
130.79
125.46
125.46
116.55
116.55
118.96
118.96
128.69
128.69
132.48
132.48
128.02
128.02
129.14
129.14
130.76
130.76
132.76
132.76
117.58
117.58
116.61
116.61
119.09
119.09
117.91
117.91
108.53
108.53
106.46
106.46
108.95
108.95
100.15
100.15
91.55
91.55
86.8
86.8
99.27
99.27
93.86
93.86
88.73
88.73
94.11
94.11
100.59
100.59
93.17
93.17
87.48
87.48
85.77
85.77
90.83
90.83
90.01
90.01
90.97
90.97
94.02
94.02
94.03
94.03
105.51
105.51
91.56
91.56
108.75
108.75
108.3
108.3
109.26
109.26
115.22
115.22
110.12
110.12
104.21
104.21
98.12
98.12
98.21
98.21
95.26
95.26
87.91
87.91
85.02
85.02
83.15
83.15
81.5
81.5
79.84
79.84
80.37
80.37
83.71
83.71
87.04
87.04
84.15
84.15
85.05
85.05
97.43
97.43
102.34
102.34
112.73
112.73
106.57
106.57
114.52
114.52
108.57
108.57
117.54
117.54
107.69
107.69
100.59
100.59
88.44
88.44
99.07
99.07
96.16
96.16
89.56
89.56
102.67
102.67
92.1
92.1
90.4
90.4
90.59
90.59
94.39
94.39
92.36
92.36
83.76
83.76
80.54
80.54
80.5
80.5
83.27
83.27
77.28
77.28
76.09
76.09
76.12
76.12
80.53
80.53
81.14
81.14
80.19
80.19
83.26
83.26
81.86
81.86
88.39
88.39
107.92
107.92
107.88
107.88
106.39
106.39
105.17
105.17
112.21
112.21
107.01
107.01
108.24
108.24
115.85
115.85
111.43
111.43
97.45
97.45
93.58
93.58
90.42
90.42
83.89
83.89
84.62
84.62
82.63
82.63
84.51
84.51
87.89
87.89
88.66
88.66
95.48
95.48
96.1
96.1
104.8
104.8
104.25
104.25
103.84
103.84
99.13
99.13
96.5
96.5
91.14
91.14
98.55
98.55
99.64
99.64
69.52
69.52
73.13
73.13
74.06
74.06
76.09
76.09
73.22
73.22
77.81
77.81
78.02
78.02
78.73
78.73
81.88
81.88
79.91
79.91
76.99
76.99
75.4
75.4
78.61
78.61
77.73
77.73
83.46
83.46
82.19
82.19
77.83
77.83
86.91
86.91
85.72
85.72
87.96
87.96
93.97
93.97
92.25
92.25
89.56
89.56
87.74
87.74
85.0
85.0
84.97
84.97
88.47
88.47
86.93
86.93
81.5
81.5
78.63
78.63
85.4
85.4
91.49
91.49
84.49
84.49
87.32
87.32
91.37
91.37
91.5
91.5
96.52
96.52
103.61
103.61
107.16
107.16
111.8
111.8
117.47
117.47
116.42
116.42
117.19
117.19
119.73
119.73
116.68
116.68
106.67
106.67
113.01
113.01
96.26
96.26
104.96
104.96
104.73
104.73
88.64
88.64
91.39
91.39
85.39
85.39
91.55
91.55
88.15
88.15
82.46
82.46
77.2
77.2
77.04
77.04
81.08
81.08
76.91
76.91
93.18
93.18
91.47
91.47
88.27
88.27
110.84
110.84
104.01
104.01
130.53
130.53
119.9
119.9
119.34
119.34
123.97
123.97
118.8
118.8
126.36
126.36
122.41
122.41
110.13
110.13
106.97
106.97
104.27
104.27
95.71
95.71
85.79
85.79
84.55
84.55
81.33
81.33
77.65
77.65
77.68
77.68
78.7
78.7
79.28
79.28
80.88
80.88
91.69
91.69
108.29
108.29
102.99
102.99
103.53
103.53
117.92
117.92
108.97
108.97
113.38
113.38
112.81
112.81
112.18
112.18
90.49
90.49
103.96
103.96
93.57
93.57
96.28
96.28
86.53
86.53
85.93
85.93
75.57
75.57
75.6
75.6
83.08
83.08
79.45
79.45
77.72
77.72
85.6
85.6
96.24
96.24
96.62
96.62
90.92
90.92
101.91
101.91
116.61
116.61
106.22
106.22
121.36
121.36
105.29
105.29
120.1
120.1
102.36
102.36
97.85
97.85
90.66
90.66
85.58
85.58
93.4
93.4
94.71
94.71
80.61
80.61
81.64
81.64
77.36
77.36
74.13
74.13
72.47
72.47
71.38
71.38
71.6
71.6
70.36
70.36
67.77
67.77
67.65
67.65
66.87
66.87
70.16
70.16
79.94
79.94
76.76
76.76
78.61
78.61
78.68
78.68
97.74
97.74
87.06
87.06
96.89
96.89
94.32
94.32
90.26
90.26
83.18
83.18
78.79
78.79
84.56
84.56
67.2
67.2
55.8
55.8
58.01
58.01
48.68
48.68
47.19
47.19
60.84
60.84
54.54
54.54
51.22
51.22
43.25
43.25
36.3
36.3
59.79
59.79
57.77
57.77
88.39
88.39
88.68
88.68
93.89
93.89
105.71
105.71
81.57
81.57
100.52
100.52
81.67
81.67
75.11
75.11
60.79
60.79
60.57
60.57
69.92
69.92
64.01
64.01
43.71
43.71
40.27
40.27
36.64
36.64
35.3
35.3
31.49
31.49
30.68
30.68
43.05
43.05
47.22
47.22
53.35
53.35
63.8
63.8
59.92
59.92
61.17
61.17
75.95
75.95
74.25
74.25
76.46
76.46
80.26
80.26
87.32
87.32
84.82
84.82
83.28
83.28
88.81
88.81
87.66
87.66
79.62
79.62
78.12
78.12
82.5
82.5
75.61
75.61
71.64
71.64
77.65
77.65
77.81
77.81
78.13
78.13
78.65
78.65
68.93
68.93
69.5
69.5
66.81
66.81
67.65
67.65
81.08
81.08
73.84
73.84
70.46
70.46
65.22
65.22
69.84
69.84
83.71
83.71
71.78
71.78
97.26
97.26
77.6
77.6
88.68
88.68
83.44
83.44
88.23
88.23
96.22
96.22
98.32
98.32
82.25
82.25
60.44
60.44
101.75
101.75
95.41
95.41
86.73
86.73
85.72
85.72
81.56
81.56
78.88
78.88
89.66
89.66
89.54
89.54
83.95
83.95
83.2
83.2
90.41
90.41
99.71
99.71
103.26
103.26
107.04
107.04
107.55
107.55
105.81
105.81
112.74
112.74
109.91
109.91
105.98
105.98
94.61
94.61
103.55
103.55
88.76
88.76
94.27
94.27
88.03
88.03
91.6
91.6
79.76
79.76
73.74
73.74
79.61
79.61
85.97
85.97
86.25
86.25
80.76
80.76
74.53
74.53
85.03
85.03
88.1
88.1
95.32
95.32
97.54
97.54
85.87
85.87
102.11
102.11
77.38
77.38
93.38
93.38
79.18
79.18
100.21
100.21
109.35
109.35
115.85
115.85
114.19
114.19
107.06
107.06
108.04
108.04
105.78
105.78
101.3
101.3
91.92
91.92
82.54
82.54
83.16
83.16
79.81
79.81
80.48
80.48
78.78
78.78
77.48
77.48
84.11
84.11
96.87
96.87
100.66
100.66
104.76
104.76
106.89
106.89
107.45
107.45
108.13
108.13
102.39
102.39
109.02
109.02
105.69
105.69
104.28
104.28
98.95
98.95
104.44
104.44
102.78
102.78
77.05
77.05
101.43
101.43
83.27
83.27
86.75
86.75
89.61
89.61
97.01
97.01
83.03
83.03
83.05
83.05
80.55
80.55
82.44
82.44
87.0
87.0
84.56
84.56
86.34
86.34
86.99
86.99
80.48
80.48
82.41
82.41
87.04
87.04
88.22
88.22
89.45
89.45
100.1
100.1
105.33
105.33
104.4
104.4
111.64
111.64
110.38
110.38
104.43
104.43
99.03
99.03
95.59
95.59
87.57
87.57
76.2
76.2
70.69
70.69
66.94
66.94
68.93
68.93
66.95
66.95
66.74
66.74
66.19
66.19
68.64
68.64
75.65
75.65
76.67
76.67
89.85
89.85
88.45
88.45
84.69
84.69
85.92
85.92
91.32
91.32
87.37
87.37
84.57
84.57
78.36
78.36
84.1
84.1
79.43
79.43
84.91
84.91
83.04
83.04
85.33
85.33
78.75
78.75
78.48
78.48
77.77
77.77
78.46
78.46
72.68
72.68
77.89
77.89
78.05
78.05
88.43
88.43
78.46
78.46
85.93
85.93
81.89
81.89
80.94
80.94
79.29
79.29
75.48
75.48
86.06
86.06
48.7
48.7
83.18
83.18
73.17
73.17
81.43
81.43
73.89
73.89
75.06
75.06
70.29
70.29
72.87
72.87
77.5
77.5
75.44
75.44
74.73
74.73
78.1
78.1
83.73
83.73
85.35
85.35
93.51
93.51
99.92
99.92
124.67
124.67
127.52
127.52
130.65
130.65
133.93
133.93
133.09
133.09
135.02
135.02
136.63
136.63
134.82
134.82
132.75
132.75
130.37
130.37
120.52
120.52
106.14
106.14
108.87
108.87
105.12
105.12
96.02
96.02
94.9
94.9
96.82
96.82
99.65
99.65
84.86
84.86
78.0
78.0
89.64
89.64
99.75
99.75
85.09
85.09
79.26
79.26
92.85
92.85
90.76
90.76
88.38
88.38
88.47
88.47
87.02
87.02
99.48
99.48
96.33
96.33
115.78
115.78
103.02
103.02
103.6
103.6
114.17
114.17
99.64
99.64
102.5
102.5
105.12
105.12
109.86
109.86
106.09
106.09
98.62
98.62
100.69
100.69
91.5
91.5
88.34
88.34
84.38
84.38
85.85
85.85
98.38
98.38
109.54
109.54
113.47
113.47
124.49
124.49
127.36
127.36
129.99
129.99
141.25
141.25
141.21
141.21
130.2
130.2
127.23
127.23
125.68
125.68
116.99
116.99
101.01
101.01
97.7
97.7
99.72
99.72
93.42
93.42
84.59
84.59
78.27
78.27
77.56
77.56
78.28
78.28
83.21
83.21
86.35
86.35
84.27
84.27
77.67
77.67
83.55
83.55
78.38
78.38
81.12
81.12
79.11
79.11
98.09
98.09
103.89
103.89
98.54
98.54
106.26
106.26
119.66
119.66
142.29
142.29
96.75
96.75
90.49
90.49
90.49
90.49
86.27
86.27
88.81
88.81
85.3
85.3
79.22
79.22
80.08
80.08
80.67
80.67
76.65
76.65
76.39
76.39
76.35
76.35
78.61
78.61
76.46
76.46
75.7
75.7
74.92
74.92
74.66
74.66
76.63
76.63
90.38
90.38
97.54
97.54
96.94
96.94
96.51
96.51
105.55
105.55
110.89
110.89
113.51
113.51
106.92
106.92
98.06
98.06
90.24
90.24
103.42
103.42
84.88
84.88
81.47
81.47
79.02
79.02
90.02
90.02
101.08
101.08
80.34
80.34
78.75
78.75
77.4
77.4
75.28
75.28
71.57
71.57
71.73
71.73
78.01
78.01
72.42
72.42
81.23
81.23
90.03
90.03
106.68
106.68
119.75
119.75
133.62
133.62
145.4
145.4
103.02
103.02
110.92
110.92
100.02
100.02
87.95
87.95
87.76
87.76
89.6
89.6
86.57
86.57
89.92
89.92
84.26
84.26
80.43
80.43
77.75
77.75
75.52
75.52
74.7
74.7
74.78
74.78
71.76
71.76
70.35
70.35
80.36
80.36
92.08
92.08
93.84
93.84
97.89
97.89
106.84
106.84
112.78
112.78
105.47
105.47
105.64
105.64
110.34
110.34
112.89
112.89
114.25
114.25
106.59
106.59
106.16
106.16
92.5
92.5
100.61
100.61
95.19
95.19
98.44
98.44
82.17
82.17
92.81
92.81
89.61
89.61
88.78
88.78
79.54
79.54
85.02
85.02
81.28
81.28
80.12
80.12
76.85
76.85
86.0
86.0
79.81
79.81
89.95
89.95
100.69
100.69
102.52
102.52
110.27
110.27
95.61
95.61
90.04
90.04
77.61
77.61
72.02
72.02
85.0
85.0
78.73
78.73
68.16
68.16
71.6
71.6
76.77
76.77
72.04
72.04
67.5
67.5
69.84
69.84
74.68
74.68
67.98
67.98
66.62
66.62
68.92
68.92
77.99
77.99
84.18
84.18
84.16
84.16
83.18
83.18
92.8
92.8
91.7
91.7
95.14
95.14
93.67
93.67
99.11
99.11
96.26
96.26
103.52
103.52
94.16
94.16
92.8
92.8
91.36
91.36
81.72
81.72
83.56
83.56
83.18
83.18
80.03
80.03
74.18
74.18
76.64
76.64
74.54
74.54
74.74
74.74
70.02
70.02
78.21
78.21
82.41
82.41
84.56
84.56
80.77
80.77
81.94
81.94
78.87
78.87
84.12
84.12
93.45
93.45
118.5
118.5
93.56
93.56
108.45
108.45
116.6
116.6
121.59
121.59
124.59
124.59
120.18
120.18
110.77
110.77
110.86
110.86
104.89
104.89
101.53
101.53
92.86
92.86
86.61
86.61
83.05
83.05
83.97
83.97
92.46
92.46
92.83
92.83
90.3
90.3
91.32
91.32
92.65
92.65
98.85
98.85
96.73
96.73
103.22
103.22
108.44
108.44
104.92
104.92
107.98
107.98
102.43
102.43
107.42
107.42
106.16
106.16
111.19
111.19
97.27
97.27
91.66
91.66
85.19
85.19
97.27
97.27
93.72
93.72
90.8
90.8
92.46
92.46
88.88
88.88
85.25
85.25
78.66
78.66
77.67
77.67
79.01
79.01
76.03
76.03
78.68
78.68
76.67
76.67
77.58
77.58
100.25
100.25
80.64
80.64
97.02
97.02
109.34
109.34
113.35
113.35
121.05
121.05
120.72
120.72
122.93
122.93
118.38
118.38
108.96
108.96
90.03
90.03
78.86
78.86
73.07
73.07
62.12
62.12
57.34
57.34
63.21
63.21
64.21
64.21
60.38
60.38
58.99
58.99
64.46
64.46
74.61
74.61
86.02
86.02
92.26
92.26
91.17
91.17
90.06
90.06
120.84
120.84
117.51
117.51
103.59
103.59
103.25
103.25
113.48
113.48
95.99
95.99
102.1
102.1
94.34
94.34
125.17
125.17
120.13
120.13
96.14
96.14
85.37
85.37
83.89
83.89
76.96
76.96
77.88
77.88
72.69
72.69
76.81
76.81
73.25
73.25
78.01
78.01
75.43
75.43
79.67
79.67
78.1
78.1
96.15
96.15
109.33
109.33
112.22
112.22
118.95
118.95
113.02
113.02
100.81
100.81
85.31
85.31
78.29
78.29
77.5
77.5
77.82
77.82
71.09
71.09
81.92
81.92
79.72
79.72
75.5
75.5
70.69
70.69
73.05
73.05
66.61
66.61
66.12
66.12
64.24
64.24
64.24
64.24
63.69
63.69
67.73
67.73
70.06
70.06
83.67
83.67
78.73
78.73
88.17
88.17
87.17
87.17
93.73
93.73
92.38
92.38
99.15
99.15
100.68
100.68
99.77
99.77
99.57
99.57
83.61
83.61
76.73
76.73
79.75
79.75
87.87
87.87
75.57
75.57
72.45
72.45
71.38
71.38
71.75
71.75
69.99
69.99
65.0
65.0
62.49
62.49
69.35
69.35
64.42
64.42
76.05
76.05
77.26
77.26
81.55
81.55
103.42
103.42
89.49
89.49
115.26
115.26
103.63
103.63
80.15
80.15
74.39
74.39
67.31
67.31
63.31
63.31
61.79
61.79
58.47
58.47
59.96
59.96
62.82
62.82
70.98
70.98
63.54
63.54
60.68
60.68
63.31
63.31
63.99
63.99
63.53
63.53
63.7
63.7
65.61
65.61
62.43
62.43
68.04
68.04
80.09
80.09
81.21
81.21
88.53
88.53
88.47
88.47
94.11
94.11
100.19
100.19
102.03
102.03
96.75
96.75
85.86
85.86
102.58
102.58
80.39
80.39
76.56
76.56
75.79
75.79
70.77
70.77
71.74
71.74
65.35
65.35
65.17
65.17
68.74
68.74
66.87
66.87
69.01
69.01
69.61
69.61
68.11
68.11
65.53
65.53
77.68
77.68
74.44
74.44
67.5
67.5
104.26
104.26
76.56
76.56
107.48
107.48
101.7
101.7
88.36
88.36
77.0
77.0
70.74
70.74
65.09
65.09
62.85
62.85
62.08
62.08
63.88
63.88
66.58
66.58
65.64
65.64
65.82
65.82
64.2
64.2
65.87
65.87
64.28
64.28
63.52
63.52
66.23
66.23
64.61
64.61
65.65
65.65
68.8
68.8
69.76
69.76
74.44
74.44
75.08
75.08
88.42
88.42
88.39
88.39
103.31
103.31
97.39
97.39
86.06
86.06
73.99
73.99
79.4
79.4
82.59
82.59
80.05
80.05
68.39
68.39
69.94
69.94
67.86
67.86
65.43
65.43
68.54
68.54
60.4
60.4
63.91
63.91
66.86
66.86
66.17
66.17
66.54
66.54
63.17
63.17
65.48
65.48
65.31
65.31
63.93
63.93
71.67
71.67
56.8
56.8
72.81
72.81
86.56
86.56
83.25
83.25
79.93
79.93
67.4
67.4
63.22
63.22
62.22
62.22
61.65
61.65
60.82
60.82
61.05
61.05
60.24
60.24
59.54
59.54
59.46
59.46
59.5
59.5
60.25
60.25
64.26
64.26
74.8
74.8
74.97
74.97
85.68
85.68
91.94
91.94
92.23
92.23
84.69
84.69
81.34
81.34
89.35
89.35
82.73
82.73
82.7
82.7
86.39
86.39
87.55
87.55
81.8
81.8
89.37
89.37
80.19
80.19
67.54
67.54
62.52
62.52
63.66
63.66
61.68
61.68
61.67
61.67
60.27
60.27
60.58
60.58
62.7
62.7
66.98
66.98
69.43
69.43
74.73
74.73
70.51
70.51
67.35
67.35
87.12
87.12
79.31
79.31
103.2
103.2
89.86
89.86
118.66
118.66
117.9
117.9
121.46
121.46
124.77
124.77
111.91
111.91
120.35
120.35
119.82
119.82
97.28
97.28
94.99
94.99
93.22
93.22
96.49
96.49
86.03
86.03
81.28
81.28
81.83
81.83
81.8
81.8
72.88
72.88
74.28
74.28
70.25
70.25
73.94
73.94
81.26
81.26
86.48
86.48
78.45
78.45
77.57
77.57
79.96
79.96
77.79
77.79
77.25
77.25
72.88
72.88
76.87
76.87
73.71
73.71
71.28
71.28
69.33
69.33
65.64
65.64
65.88
65.88
68.83
68.83
81.38
81.38
92.04
92.04
93.27
93.27
89.92
89.92
75.5
75.5
67.14
67.14
61.99
61.99
62.68
62.68
62.1
62.1
59.58
59.58
59.29
59.29
60.21
60.21
59.17
59.17
63.48
63.48
65.09
65.09
73.02
73.02
77.53
77.53
71.28
71.28
65.79
65.79
57.96
57.96
55.9
55.9
57.76
57.76
58.51
58.51
57.38
57.38
54.59
54.59
48.23
48.23
44.53
44.53
42.74
42.74
38.18
38.18
37.97
37.97
43.93
43.93
57.5
57.5
65.28
65.28
61.22
61.22
60.92
60.92
64.32
64.32
73.07
73.07
76.36
76.36
80.67
80.67
80.21
80.21
81.45
81.45
83.9
83.9
79.11
79.11
77.96
77.96
70.0
70.0
84.61
84.61
76.08
76.08
68.16
68.16
71.1
71.1
69.87
69.87
70.9
70.9
63.6
63.6
60.85
60.85
50.39
50.39
52.24
52.24
51.49
51.49
50.28
50.28
51.44
51.44
45.42
45.42
45.57
45.57
48.98
48.98
52.25
52.25
50.75
50.75
48.19
48.19
42.85
42.85
50.06
50.06
50.73
50.73
50.95
50.95
46.95
46.95
50.65
50.65
55.55
55.55
60.49
60.49
63.62
63.62
63.63
63.63
61.27
61.27
59.15
59.15
61.94
61.94
70.85
70.85
77.0
77.0
85.05
85.05
85.99
85.99
72.26
72.26
77.96
77.96
92.68
92.68
87.85
87.85
91.77
91.77
94.7
94.7
104.18
104.18
100.07
100.07
103.65
103.65
103.03
103.03
102.47
102.47
93.52
93.52
84.0
84.0
70.84
70.84
74.62
74.62
70.03
70.03
70.34
70.34
68.85
68.85
69.43
69.43
67.01
67.01
71.65
71.65
64.85
64.85
77.54
77.54
71.86
71.86
68.7
68.7
78.74
78.74
95.21
95.21
108.89
108.89
107.04
107.04
114.92
114.92
108.83
108.83
109.08
109.08
112.58
112.58
112.4
112.4
102.47
102.47
94.6
94.6
80.31
80.31
73.74
73.74
73.84
73.84
70.66
70.66
83.1
83.1
69.38
69.38
70.27
70.27
69.63
69.63
87.6
87.6
86.38
86.38
77.0
77.0
79.08
79.08
86.35
86.35
100.72
100.72
85.92
85.92
90.99
90.99
80.66
80.66
80.45
80.45
95.05
95.05
87.23
87.23
83.44
83.44
73.95
73.95
74.04
74.04
73.8
73.8
85.08
85.08
90.77
90.77
69.51
69.51
64.69
64.69
65.47
65.47
81.77
81.77
88.19
88.19
85.31
85.31
80.49
80.49
77.39
77.39
77.0
77.0
73.77
73.77
75.03
75.03
74.82
74.82
73.85
73.85
85.72
85.72
73.35
73.35
103.73
103.73
74.38
74.38
71.41
71.41
62.81
62.81
60.05
60.05
59.16
59.16
57.28
57.28
59.85
59.85
73.07
73.07
68.36
68.36
66.65
66.65
60.82
60.82
59.46
59.46
59.96
59.96
61.61
61.61
58.49
58.49
60.6
60.6
63.91
63.91
66.79
66.79
69.47
69.47
70.15
70.15
75.04
75.04
71.86
71.86
84.24
84.24
85.67
85.67
82.71
82.71
77.59
77.59
77.31
77.31
70.55
70.55
71.19
71.19
67.53
67.53
74.06
74.06
69.49
69.49
56.51
56.51
60.14
60.14
45.98
45.98
56.84
56.84
60.82
60.82
59.4
59.4
55.92
55.92
59.62
59.62
55.29
55.29
56.78
56.78
52.21
52.21
49.24
49.24
59.87
59.87
77.9
77.9
76.5
76.5
89.39
89.39
76.32
76.32
69.44
69.44
60.68
60.68
57.16
57.16
61.93
61.93
58.72
58.72
63.99
63.99
62.85
62.85
61.11
61.11
59.23
59.23
57.93
57.93
58.77
58.77
59.64
59.64
63.96
63.96
60.58
60.58
68.52
68.52
60.1
60.1
66.48
66.48
75.18
75.18
89.94
89.94
74.81
74.81
78.83
78.83
83.13
83.13
92.01
92.01
87.01
87.01
90.38
90.38
91.46
91.46
84.6
84.6
89.1
89.1
77.83
77.83
75.38
75.38
82.0
82.0
75.99
75.99
65.53
65.53
64.07
64.07
64.88
64.88
64.71
64.71
68.78
68.78
65.24
65.24
66.43
66.43
69.4
69.4
68.23
68.23
61.05
61.05
63.45
63.45
71.45
71.45
83.8
83.8
82.43
82.43
94.15
94.15
98.04
98.04
91.81
91.81
86.8
86.8
71.97
71.97
73.63
73.63
78.24
78.24
67.85
67.85
63.85
63.85
63.75
63.75
65.13
65.13
69.29
69.29
66.59
66.59
63.79
63.79
63.63
63.63
71.27
71.27
73.46
73.46
73.42
73.42
87.14
87.14
89.09
89.09
92.56
92.56
93.24
93.24
91.93
91.93
100.52
100.52
97.23
97.23
95.89
95.89
91.42
91.42
93.28
93.28
88.93
88.93
89.37
89.37
74.76
74.76
62.96
62.96
59.63
59.63
58.53
58.53
58.04
58.04
55.54
55.54
56.58
56.58
54.96
54.96
54.02
54.02
49.7
49.7
49.6
49.6
54.02
54.02
49.94
49.94
62.62
62.62
63.75
63.75
73.9
73.9
87.97
87.97
61.98
61.98
85.92
85.92
77.53
77.53
64.29
64.29
55.94
55.94
53.42
53.42
53.29
53.29
56.13
56.13
57.74
57.74
56.76
56.76
54.79
54.79
52.23
52.23
51.77
51.77
48.7
48.7
49.03
49.03
47.83
47.83
40.11
40.11
40.6
40.6
54.37
54.37
49.86
49.86
58.7
58.7
52.88
52.88
55.73
55.73
61.46
61.46
79.46
79.46
77.0
77.0
80.37
80.37
75.33
75.33
80.58
80.58
79.3
79.3
79.59
79.59
77.2
77.2
71.98
71.98
76.95
76.95
88.14
88.14
67.58
67.58
61.86
61.86
66.72
66.72
72.99
72.99
73.57
73.57
77.56
77.56
66.26
66.26
68.22
68.22
62.09
62.09
61.73
61.73
57.11
57.11
60.02
60.02
62.12
62.12
47.95
47.95
58.78
58.78
64.8
64.8
69.96
69.96
59.96
59.96
57.87
57.87
53.6
53.6
44.06
44.06
-4.39
-4.39
-5.94
-5.94
-0.91
-0.91
-9.58
-9.58
-17.16
-17.16
-22.0
-22.0
-22.26
-22.26
-21.74
-21.74
-12.81
-12.81
-3.51
-3.51
27.59
27.59
46.65
46.65
95.68
95.68
70.17
70.17
73.74
73.74
70.96
70.96
89.02
89.02
99.04
99.04
99.13
99.13
99.85
99.85
82.82
82.82
84.49
84.49
98.04
98.04
83.85
83.85
67.69
67.69
64.25
64.25
69.99
69.99
66.42
66.42
63.98
63.98
72.04
72.04
72.87
72.87
69.2
69.2
62.08
62.08
58.77
58.77
56.73
56.73
63.17
63.17
62.01
62.01
64.41
64.41
52.44
52.44
58.91
58.91
62.69
62.69
61.97
61.97
70.22
70.22
73.65
73.65
75.4
75.4
63.85
63.85
57.78
57.78
67.47
67.47
75.13
75.13
76.89
76.89
74.67
74.67
71.69
71.69
46.16
46.16
19.78
19.78
25.16
25.16
21.74
21.74
-7.84
-7.84
-17.56
-17.56
7.24
7.24
49.79
49.79
62.49
62.49
57.62
57.62
47.8
47.8
49.66
49.66
48.33
48.33
41.82
41.82
52.7
52.7
55.27
55.27
58.31
58.31
62.46
62.46
60.51
60.51
50.76
50.76
34.84
34.84
27.65
27.65
22.98
22.98
22.01
22.01
23.26
23.26
22.32
22.32
14.22
14.22
14.03
14.03
6.07
6.07
5.9
5.9
7.39
7.39
3.6
3.6
3.89
3.89
9.93
9.93
36.21
36.21
40.07
40.07
32.13
32.13
58.21
58.21
36.15
36.15
33.97
33.97
53.18
53.18
56.31
56.31
51.64
51.64
51.31
51.31
41.55
41.55
35.49
35.49
17.66
17.66
12.83
12.83
14.52
14.52
1.18
1.18
-19.59
-19.59
-36.2
-36.2
-27.68
-27.68
24.69
24.69
31.31
31.31
57.23
57.23
72.51
72.51
82.88
82.88
66.89
66.89
73.39
73.39
78.34
78.34
82.34
82.34
81.55
81.55
81.83
81.83
82.02
82.02
76.14
76.14
58.9
58.9
67.1
67.1
80.61
80.61
46.3
46.3
47.86
47.86
39.24
39.24
47.45
47.45
51.3
51.3
44.24
44.24
42.79
42.79
39.39
39.39
32.74
32.74
60.85
60.85
63.65
63.65
72.54
72.54
53.57
53.57
53.69
53.69
67.04
67.04
83.67
83.67
96.03
96.03
82.1
82.1
89.46
89.46
94.92
94.92
90.21
90.21
85.89
85.89
89.84
89.84
85.89
85.89
81.88
81.88
82.92
82.92
73.09
73.09
68.43
68.43
69.83
69.83
69.79
69.79
67.52
67.52
83.37
83.37
82.91
82.91
89.53
89.53
81.16
81.16
88.7
88.7
94.03
94.03
99.23
99.23
100.15
100.15
103.22
103.22
103.67
103.67
96.73
96.73
94.16
94.16
95.89
95.89
80.13
80.13
81.54
81.54
73.03
73.03
100.04
100.04
86.12
86.12
66.16
66.16
56.34
56.34
52.15
52.15
58.72
58.72
55.88
55.88
49.91
49.91
55.7
55.7
59.48
59.48
80.03
80.03
70.0
70.0
65.71
65.71
71.01
71.01
68.88
68.88
93.24
93.24
55.86
55.86
77.86
77.86
56.29
56.29
70.95
70.95
64.24
64.24
60.2
60.2
64.86
64.86
75.65
75.65
82.73
82.73
82.05
82.05
81.14
81.14
71.09
71.09
75.55
75.55
67.78
67.78
66.29
66.29
65.83
65.83
69.18
69.18
66.59
66.59
66.57
66.57
64.13
64.13
74.49
74.49
79.13
79.13
86.57
86.57
89.18
89.18
92.13
92.13
92.75
92.75
94.46
94.46
90.66
90.66
88.37
88.37
86.16
86.16
89.27
89.27
74.86
74.86
60.89
60.89
67.54
67.54
78.02
78.02
73.74
73.74
58.45
58.45
58.74
58.74
58.29
58.29
57.86
57.86
59.16
59.16
56.28
56.28
68.04
68.04
62.11
62.11
77.32
77.32
87.5
87.5
86.27
86.27
100.78
100.78
74.36
74.36
88.25
88.25
99.92
99.92
105.07
105.07
104.19
104.19
100.22
100.22
93.93
93.93
95.79
95.79
97.64
97.64
94.42
94.42
90.5
90.5
79.85
79.85
77.98
77.98
70.53
70.53
74.05
74.05
67.68
67.68
63.9
63.9
63.43
63.43
77.48
77.48
80.0
80.0
85.85
85.85
86.36
86.36
91.41
91.41
93.84
93.84
91.33
91.33
84.15
84.15
88.91
88.91
77.15
77.15
68.91
68.91
56.17
56.17
74.78
74.78
54.93
54.93
54.63
54.63
55.19
55.19
62.85
62.85
56.09
56.09
49.41
49.41
47.84
47.84
47.0
47.0
46.41
46.41
45.75
45.75
47.2
47.2
46.55
46.55
45.97
45.97
49.39
49.39
54.5
54.5
53.77
53.77
82.14
82.14
55.76
55.76
74.01
74.01
66.38
66.38
77.63
77.63
70.38
70.38
62.91
62.91
55.98
55.98
57.45
57.45
53.78
53.78
58.15
58.15
58.86
58.86
54.23
54.23
54.24
54.24
55.04
55.04
54.55
54.55
52.79
52.79
69.78
69.78
56.0
56.0
60.37
60.37
50.86
50.86
59.28
59.28
67.02
67.02
64.78
64.78
74.55
74.55
86.6
86.6
89.8
89.8
87.2
87.2
88.74
88.74
84.78
84.78
80.55
80.55
67.17
67.17
63.09
63.09
70.49
70.49
67.2
67.2
64.45
64.45
69.01
69.01
80.09
80.09
75.95
75.95
80.91
80.91
71.77
71.77
66.76
66.76
57.52
57.52
74.06
74.06
70.06
70.06
62.8
62.8
68.22
68.22
64.84
64.84
74.63
74.63
56.61
56.61
69.16
69.16
51.45
51.45
59.97
59.97
61.66
61.66
59.29
59.29
54.19
54.19
55.73
55.73
41.45
41.45
52.77
52.77
60.19
60.19
65.37
65.37
55.38
55.38
54.85
54.85
56.78
56.78
62.03
62.03
75.93
75.93
74.7
74.7
73.86
73.86
67.08
67.08
70.18
70.18
68.47
68.47
73.01
73.01
68.18
68.18
71.96
71.96
74.65
74.65
77.05
77.05
71.72
71.72
69.87
69.87
59.03
59.03
60.26
60.26
63.83
63.83
54.12
54.12
69.42
69.42
66.07
66.07
58.68
58.68
48.23
48.23
55.27
55.27
64.14
64.14
57.9
57.9
54.69
54.69
52.65
52.65
54.2
54.2
48.77
48.77
46.71
46.71
45.16
45.16
41.68
41.68
43.88
43.88
27.07
27.07
27.55
27.55
27.0
27.0
36.32
36.32
35.52
35.52
24.56
24.56
26.87
26.87
38.45
38.45
40.85
40.85
45.44
45.44
54.41
54.41
54.03
54.03
60.22
60.22
56.89
56.89
65.82
65.82
64.5
64.5
77.02
77.02
76.73
76.73
84.12
84.12
74.01
74.01
75.87
75.87
80.66
80.66
82.77
82.77
82.92
82.92
81.08
81.08
73.5
73.5
86.17
86.17
80.57
80.57
84.0
84.0
74.73
74.73
77.1
77.1
56.74
56.74
75.63
75.63
53.7
53.7
73.8
73.8
66.42
66.42
57.82
57.82
53.9
53.9
59.59
59.59
57.99
57.99
42.79
42.79
39.25
39.25
44.51
44.51
54.68
54.68
50.66
50.66
50.69
50.69
59.29
59.29
90.64
90.64
65.97
65.97
91.55
91.55
77.39
77.39
87.34
87.34
83.08
83.08
78.77
78.77
70.36
70.36
71.83
71.83
79.16
79.16
70.35
70.35
66.47
66.47
67.07
67.07
63.8
63.8
58.8
58.8
59.6
59.6
57.47
57.47
56.44
56.44
66.23
66.23
66.52
66.52
64.17
64.17
70.35
70.35
84.9
84.9
89.72
89.72
91.45
91.45
89.57
89.57
87.05
87.05
95.39
95.39
88.1
88.1
92.76
92.76
84.87
84.87
80.8
80.8
78.52
78.52
94.63
94.63
88.58
88.58
84.78
84.78
87.43
87.43
90.33
90.33
85.24
85.24
77.76
77.76
80.41
80.41
97.46
97.46
89.4
89.4
85.55
85.55
76.85
76.85
76.08
76.08
81.69
81.69
76.77
76.77
99.4
99.4
83.91
83.91
102.95
102.95
90.13
90.13
101.72
101.72
105.25
105.25
104.69
104.69
93.99
93.99
83.41
83.41
71.5
71.5
68.24
68.24
75.16
75.16
69.99
69.99
69.72
69.72
66.72
66.72
70.47
70.47
70.58
70.58
80.03
80.03
80.69
80.69
72.03
72.03
80.3
80.3
88.99
88.99
91.81
91.81
90.95
90.95
92.28
92.28
95.41
95.41
97.24
97.24
101.63
101.63
98.68
98.68
99.86
99.86
91.58
91.58
98.83
98.83
73.12
73.12
69.92
69.92
72.93
72.93
67.54
67.54
63.15
63.15
61.25
61.25
68.39
68.39
64.91
64.91
63.85
63.85
56.87
56.87
55.6
55.6
63.77
63.77
58.69
58.69
57.06
57.06
58.62
58.62
57.23
57.23
83.0
83.0
67.89
67.89
88.69
88.69
92.59
92.59
93.47
93.47
86.66
86.66
85.12
85.12
93.59
93.59
94.5
94.5
88.83
88.83
80.92
80.92
80.14
80.14
75.42
75.42
73.0
73.0
70.23
70.23
70.28
70.28
69.75
69.75
65.75
65.75
69.07
69.07
62.27
62.27
60.99
60.99
67.67
67.67
67.77
67.77
74.65
74.65
79.65
79.65
82.14
82.14
81.53
81.53
82.68
82.68
73.4
73.4
79.29
79.29
72.77
72.77
79.57
79.57
64.49
64.49
80.75
80.75
79.01
79.01
74.14
74.14
64.6
64.6
82.4
82.4
80.81
80.81
76.15
76.15
65.76
65.76
59.66
59.66
63.1
63.1
64.85
64.85
59.33
59.33
56.85
56.85
74.53
74.53
73.92
73.92
95.18
95.18
65.08
65.08
94.65
94.65
68.5
68.5
67.66
67.66
68.8
68.8
59.26
59.26
61.58
61.58
61.74
61.74
57.26
57.26
59.33
59.33
66.45
66.45
71.69
71.69
64.67
64.67
62.54
62.54
64.98
64.98
62.15
62.15
71.2
71.2
71.6
71.6
65.41
65.41
72.5
72.5
73.26
73.26
77.37
77.37
86.2
86.2
87.58
87.58
95.86
95.86
97.17
97.17
95.11
95.11
91.31
91.31
99.08
99.08
84.06
84.06
79.85
79.85
67.65
67.65
70.3
70.3
82.67
82.67
68.58
68.58
59.69
59.69
57.72
57.72
65.48
65.48
59.69
59.69
58.11
58.11
57.74
57.74
72.35
72.35
68.81
68.81
66.05
66.05
59.65
59.65
67.48
67.48
66.6
66.6
92.26
92.26
81.15
81.15
101.45
101.45
77.31
77.31
76.07
76.07
66.48
66.48
57.63
57.63
62.92
62.92
60.86
60.86
64.32
64.32
65.86
65.86
62.59
62.59
55.53
55.53
56.05
56.05
58.22
58.22
60.61
60.61
59.02
59.02
69.63
69.63
76.32
76.32
67.69
67.69
77.68
77.68
94.63
94.63
98.75
98.75
92.24
92.24
93.68
93.68
98.33
98.33
96.51
96.51
98.61
98.61
100.4
100.4
98.34
98.34
89.8
89.8
89.81
89.81
85.76
85.76
73.0
73.0
85.72
85.72
80.39
80.39
79.93
79.93
77.79
77.79
78.43
78.43
77.27
77.27
70.77
70.77
68.67
68.67
68.68
68.68
72.29
72.29
70.68
70.68
77.14
77.14
80.9
80.9
79.44
79.44
83.92
83.92
79.6
79.6
90.72
90.72
86.04
86.04
95.67
95.67
101.59
101.59
101.54
101.54
98.7
98.7
94.65
94.65
82.5
82.5
86.07
86.07
83.5
83.5
70.75
70.75
42.98
42.98
33.16
33.16
24.64
24.64
20.08
20.08
10.35
10.35
8.05
8.05
32.87
32.87
49.42
49.42
87.07
87.07
80.8
80.8
93.2
93.2
102.94
102.94
107.78
107.78
108.77
108.77
106.54
106.54
109.02
109.02
115.92
115.92
117.11
117.11
115.96
115.96
116.05
116.05
114.16
114.16
113.59
113.59
98.27
98.27
89.02
89.02
93.96
93.96
98.93
98.93
93.75
93.75
95.5
95.5
110.55
110.55
112.29
112.29
111.04
111.04
108.76
108.76
112.08
112.08
112.76
112.76
120.54
120.54
119.57
119.57
120.18
120.18
112.92
112.92
108.97
108.97
99.83
99.83
115.1
115.1
114.56
114.56
115.78
115.78
117.3
117.3
119.94
119.94
119.77
119.77
121.16
121.16
119.72
119.72
118.25
118.25
108.1
108.1
100.65
100.65
95.98
95.98
86.64
86.64
93.09
93.09
104.63
104.63
105.83
105.83
118.3
118.3
116.85
116.85
123.32
123.32
125.69
125.69
128.97
128.97
131.34
131.34
132.06
132.06
133.71
133.71
134.35
134.35
136.29
136.29
135.58
135.58
128.11
128.11
104.31
104.31
104.85
104.85
106.99
106.99
107.54
107.54
100.66
100.66
94.47
94.47
90.49
90.49
87.11
87.11
97.89
97.89
92.88
92.88
102.88
102.88
96.35
96.35
123.97
123.97
122.9
122.9
129.13
129.13
130.18
130.18
119.05
119.05
135.32
135.32
137.9
137.9
141.63
141.63
143.33
143.33
137.6
137.6
134.27
134.27
126.45
126.45
126.31
126.31
127.56
127.56
129.78
129.78
128.47
128.47
131.96
131.96
135.69
135.69
130.9
130.9
122.8
122.8
122.63
122.63
119.29
119.29
123.41
123.41
131.55
131.55
143.27
143.27
141.37
141.37
143.14
143.14
148.7
148.7
154.87
154.87
145.17
145.17
141.14
141.14
138.81
138.81
134.55
134.55
117.21
117.21
113.86
113.86
102.71
102.71
126.7
126.7
94.85
94.85
112.01
112.01
101.75
101.75
97.49
97.49
87.7
87.7
86.12
86.12
80.01
80.01
87.25
87.25
87.7
87.7
85.27
85.27
88.12
88.12
97.66
97.66
114.1
114.1
115.5
115.5
130.31
130.31
115.44
115.44
129.34
129.34
114.55
114.55
110.85
110.85
104.25
104.25
93.21
93.21
85.66
85.66
74.27
74.27
71.89
71.89
76.95
76.95
71.86
71.86
68.82
68.82
67.08
67.08
63.58
63.58
65.18
65.18
64.41
64.41
73.58
73.58
74.65
74.65
80.62
80.62
88.89
88.89
103.05
103.05
108.07
108.07
111.27
111.27
115.59
115.59
118.44
118.44
115.13
115.13
113.75
113.75
110.53
110.53
111.85
111.85
112.02
112.02
110.31
110.31
95.02
95.02
79.9
79.9
74.15
74.15
73.46
73.46
69.5
69.5
72.29
72.29
75.89
75.89
68.4
68.4
69.17
69.17
73.82
73.82
77.37
77.37
73.95
73.95
70.63
70.63
64.91
64.91
62.37
62.37
79.19
79.19
108.5
108.5
81.67
81.67
111.61
111.61
99.72
99.72
90.26
90.26
85.76
85.76
78.11
78.11
76.44
76.44
76.74
76.74
68.65
68.65
66.66
66.66
67.34
67.34
59.01
59.01
75.8
75.8
79.17
79.17
80.69
80.69
79.5
79.5
90.61
90.61
89.62
89.62
85.45
85.45
95.7
95.7
96.31
96.31
94.62
94.62
107.46
107.46
110.73
110.73
124.41
124.41
122.94
122.94
117.7
117.7
113.78
113.78
117.24
117.24
105.99
105.99
109.6
109.6
98.7
98.7
117.59
117.59
87.09
87.09
92.33
92.33
88.31
88.31
90.25
90.25
91.33
91.33
90.44
90.44
87.03
87.03
87.44
87.44
83.85
83.85
86.65
86.65
86.03
86.03
96.57
96.57
108.11
108.11
101.71
101.71
126.08
126.08
97.74
97.74
118.2
118.2
96.99
96.99
98.26
98.26
85.53
85.53
80.58
80.58
83.5
83.5
81.18
81.18
76.99
76.99
77.47
77.47
84.49
84.49
82.65
82.65
80.98
80.98
82.01
82.01
91.11
91.11
85.8
85.8
81.2
81.2
86.96
86.96
91.91
91.91
105.79
105.79
97.49
97.49
106.25
106.25
129.51
129.51
131.2
131.2
135.85
135.85
140.43
140.43
144.53
144.53
143.65
143.65
142.15
142.15
136.21
136.21
123.63
123.63
114.12
114.12
134.61
134.61
105.61
105.61
113.49
113.49
91.73
91.73
116.52
116.52
113.53
113.53
103.19
103.19
96.12
96.12
102.72
102.72
96.63
96.63
98.03
98.03
99.45
99.45
107.01
107.01
120.57
120.57
116.77
116.77
139.67
139.67
109.48
109.48
118.22
118.22
101.29
101.29
105.42
105.42
108.58
108.58
94.05
94.05
89.43
89.43
69.36
69.36
75.28
75.28
78.09
78.09
81.19
81.19
74.93
74.93
85.3
85.3
82.11
82.11
82.3
82.3
82.41
82.41
83.77
83.77
81.39
81.39
83.07
83.07
92.75
92.75
99.85
99.85
108.84
108.84
103.04
103.04
104.04
104.04
109.09
109.09
109.18
109.18
120.33
120.33
115.47
115.47
115.63
115.63
115.64
115.64
111.87
111.87
97.27
97.27
104.16
104.16
90.52
90.52
107.73
107.73
100.9
100.9
104.64
104.64
104.63
104.63
104.88
104.88
92.57
92.57
81.66
81.66
85.69
85.69
101.01
101.01
89.86
89.86
87.28
87.28
93.35
93.35
81.78
81.78
94.02
94.02
73.49
73.49
90.14
90.14
75.97
75.97
88.37
88.37
79.61
79.61
94.02
94.02
79.87
79.87
77.66
77.66
81.91
81.91
79.59
79.59
76.72
76.72
73.09
73.09
79.15
79.15
85.01
85.01
82.88
82.88
74.05
74.05
70.57
70.57
70.08
70.08
77.87
77.87
90.53
90.53
92.98
92.98
96.1
96.1
102.91
102.91
104.34
104.34
116.45
116.45
116.42
116.42
118.77
118.77
118.3
118.3
120.46
120.46
122.79
122.79
118.18
118.18
106.22
106.22
110.48
110.48
85.02
85.02
82.97
82.97
82.66
82.66
79.36
79.36
86.39
86.39
79.17
79.17
78.19
78.19
76.02
76.02
75.79
75.79
83.03
83.03
78.08
78.08
75.77
75.77
73.26
73.26
72.74
72.74
79.98
79.98
75.32
75.32
85.01
85.01
65.33
65.33
57.91
57.91
63.91
63.91
68.71
68.71
67.31
67.31
66.78
66.78
63.44
63.44
65.01
65.01
62.96
62.96
63.39
63.39
80.67
80.67
82.68
82.68
68.3
68.3
73.39
73.39
84.67
84.67
79.94
79.94
81.66
81.66
80.1
80.1
94.89
94.89
90.69
90.69
98.05
98.05
95.51
95.51
103.26
103.26
98.33
98.33
105.37
105.37
106.96
106.96
103.7
103.7
102.71
102.71
100.43
100.43
100.42
100.42
112.81
112.81
109.62
109.62
111.0
111.0
109.53
109.53
97.71
97.71
91.4
91.4
97.65
97.65
90.52
90.52
86.23
86.23
82.36
82.36
90.33
90.33
82.66
82.66
91.41
91.41
90.16
90.16
85.89
85.89
87.22
87.22
88.47
88.47
105.5
105.5
83.15
83.15
81.88
81.88
79.04
79.04
86.02
86.02
88.22
88.22
85.78
85.78
79.82
79.82
87.75
87.75
78.16
78.16
74.26
74.26
72.94
72.94
72.56
72.56
73.31
73.31
71.08
71.08
68.71
68.71
68.27
68.27
78.18
78.18
79.06
79.06
89.94
89.94
92.23
92.23
108.72
108.72
110.47
110.47
124.41
124.41
125.32
125.32
114.9
114.9
116.92
116.92
125.25
125.25
117.63
117.63
103.58
103.58
95.9
95.9
85.37
85.37
75.79
75.79
72.92
72.92
72.27
72.27
73.31
73.31
80.16
80.16
85.34
85.34
84.14
84.14
69.96
69.96
70.99
70.99
70.6
70.6
66.94
66.94
69.82
69.82
73.99
73.99
71.02
71.02
96.13
96.13
83.67
83.67
107.69
107.69
108.96
108.96
105.17
105.17
83.5
83.5
82.9
82.9
86.2
86.2
80.87
80.87
80.96
80.96
85.23
85.23
89.49
89.49
82.74
82.74
84.71
84.71
84.39
84.39
83.76
83.76
81.33
81.33
89.34
89.34
91.73
91.73
92.59
92.59
94.88
94.88
98.77
98.77
98.49
98.49
109.34
109.34
117.87
117.87
124.78
124.78
127.37
127.37
117.18
117.18
117.82
117.82
112.57
112.57
113.95
113.95
113.16
113.16
106.05
106.05
119.53
119.53
90.61
90.61
109.72
109.72
97.55
97.55
91.56
91.56
86.87
86.87
85.89
85.89
83.08
83.08
78.57
78.57
80.05
80.05
82.13
82.13
80.57
80.57
84.83
84.83
91.8
91.8
81.52
81.52
109.81
109.81
85.26
85.26
110.0
110.0
94.41
94.41
86.66
86.66
84.74
84.74
75.45
75.45
78.48
78.48
74.41
74.41
79.72
79.72
76.79
76.79
74.63
74.63
71.89
71.89
75.23
75.23
72.51
72.51
78.67
78.67
76.66
76.66
79.05
79.05
83.88
83.88
83.79
83.79
93.84
93.84
95.38
95.38
106.91
106.91
119.47
119.47
119.88
119.88
124.11
124.11
131.43
131.43
125.93
125.93
128.1
128.1
131.28
131.28
131.81
131.81
127.15
127.15
110.64
110.64
116.71
116.71
102.45
102.45
120.74
120.74
105.54
105.54
98.98
98.98
95.15
95.15
104.83
104.83
98.66
98.66
102.53
102.53
100.13
100.13
95.85
95.85
94.76
94.76
91.72
91.72
98.23
98.23
100.16
100.16
133.03
133.03
110.26
110.26
124.27
124.27
115.9
115.9
113.28
113.28
99.8
99.8
91.32
91.32
87.56
87.56
85.0
85.0
95.95
95.95
98.11
98.11
95.34
95.34
95.56
95.56
94.79
94.79
90.46
90.46
92.97
92.97
92.49
92.49
90.16
90.16
95.12
95.12
91.08
91.08
100.95
100.95
98.17
98.17
106.34
106.34
100.88
100.88
101.28
101.28
100.82
100.82
98.53
98.53
100.27
100.27
103.71
103.71
100.25
100.25
94.51
94.51
100.64
100.64
91.65
91.65
84.2
84.2
81.3
81.3
88.3
88.3
85.5
85.5
79.09
79.09
77.4
77.4
86.26
86.26
87.18
87.18
88.59
88.59
80.94
80.94
88.3
88.3
83.2
83.2
91.45
91.45
96.99
96.99
101.32
101.32
122.14
122.14
96.48
96.48
110.36
110.36
108.16
108.16
113.86
113.86
106.76
106.76
102.39
102.39
95.83
95.83
88.28
88.28
104.53
104.53
84.67
84.67
66.12
66.12
64.08
64.08
73.66
73.66
66.72
66.72
72.22
72.22
69.63
69.63
79.47
79.47
86.47
86.47
79.13
79.13
87.81
87.81
94.14
94.14
92.7
92.7
96.77
96.77
94.56
94.56
96.52
96.52
93.96
93.96
104.42
104.42
100.04
100.04
96.49
96.49
91.52
91.52
93.72
93.72
88.23
88.23
88.88
88.88
90.35
90.35
83.91
83.91
95.1
95.1
94.94
94.94
100.3
100.3
96.92
96.92
95.08
95.08
87.67
87.67
85.12
85.12
85.54
85.54
85.96
85.96
85.27
85.27
86.86
86.86
84.79
84.79
89.79
89.79
83.6
83.6
95.68
95.68
83.04
83.04
98.26
98.26
97.68
97.68
97.21
97.21
100.68
100.68
93.1
93.1
64.62
64.62
70.62
70.62
77.45
77.45
73.81
73.81
57.66
57.66
58.23
58.23
70.37
70.37
73.39
73.39
80.11
80.11
80.17
80.17
88.03
88.03
84.22
84.22
100.2
100.2
96.52
96.52
97.35
97.35
102.39
102.39
113.24
113.24
116.94
116.94
122.44
122.44
119.31
119.31
123.2
123.2
121.72
121.72
114.03
114.03
97.87
97.87
100.19
100.19
106.21
106.21
97.27
97.27
85.87
85.87
73.3
73.3
79.3
79.3
69.64
69.64
64.78
64.78
65.63
65.63
67.06
67.06
38.17
38.17
29.76
29.76
28.8
28.8
22.17
22.17
36.58
36.58
41.21
41.21
12.51
12.51
37.28
37.28
5.51
5.51
50.74
50.74
18.74
18.74
9.89
9.89
13.15
13.15
22.3
22.3
38.6
38.6
48.78
48.78
54.65
54.65
52.76
52.76
70.47
70.47
69.18
69.18
72.32
72.32
72.5
72.5
91.32
91.32
95.58
95.58
89.97
89.97
91.19
91.19
97.1
97.1
90.89
90.89
104.26
104.26
100.15
100.15
119.51
119.51
110.99
110.99
104.34
104.34
107.33
107.33
104.46
104.46
114.53
114.53
120.95
120.95
121.34
121.34
109.82
109.82
108.5
108.5
102.24
102.24
100.74
100.74
92.5
92.5
92.45
92.45
99.19
99.19
92.2
92.2
86.95
86.95
83.13
83.13
90.85
90.85
77.94
77.94
81.64
81.64
88.04
88.04
94.51
94.51
107.35
107.35
110.84
110.84
121.95
121.95
99.45
99.45
101.11
101.11
99.08
99.08
101.68
101.68
103.85
103.85
104.22
104.22
107.71
107.71
98.94
98.94
103.02
103.02
94.15
94.15
86.46
86.46
82.19
82.19
80.9
80.9
84.66
84.66
95.38
95.38
90.31
90.31
70.28
70.28
67.51
67.51
84.32
84.32
80.55
80.55
102.03
102.03
107.29
107.29
111.6
111.6
105.99
105.99
104.87
104.87
106.57
106.57
102.13
102.13
103.43
103.43
103.37
103.37
84.7
84.7
84.23
84.23
72.17
72.17
79.99
79.99
69.88
69.88
62.23
62.23
71.21
71.21
74.95
74.95
75.66
75.66
85.89
85.89
93.19
93.19
74.67
74.67
68.0
68.0
102.25
102.25
109.83
109.83
104.59
104.59
115.91
115.91
109.96
109.96
119.66
119.66
112.65
112.65
107.03
107.03
99.71
99.71
88.3
88.3
89.65
89.65
84.19
84.19
67.85
67.85
68.89
68.89
66.84
66.84
63.6
63.6
60.29
60.29
58.37
58.37
55.9
55.9
55.71
55.71
45.38
45.38
47.17
47.17
51.64
51.64
62.32
62.32
77.51
77.51
78.26
78.26
100.56
100.56
99.59
99.59
110.25
110.25
105.5
105.5
104.7
104.7
101.97
101.97
114.18
114.18
100.67
100.67
100.76
100.76
90.65
90.65
73.77
73.77
77.6
77.6
85.87
85.87
83.51
83.51
86.06
86.06
80.8
80.8
73.85
73.85
75.0
75.0
73.2
73.2
82.98
82.98
84.85
84.85
82.62
82.62
87.48
87.48
99.62
99.62
100.51
100.51
114.21
114.21
97.26
97.26
125.81
125.81
107.73
107.73
114.98
114.98
108.43
108.43
113.55
113.55
99.18
99.18
95.0
95.0
83.62
83.62
89.18
89.18
86.79
86.79
75.29
75.29
71.05
71.05
73.63
73.63
79.93
79.93
80.49
80.49
93.99
93.99
96.13
96.13
90.38
90.38
101.92
101.92
109.3
109.3
109.79
109.79
121.13
121.13
123.0
123.0
144.57
144.57
138.54
138.54
131.76
131.76
129.69
129.69
135.42
135.42
129.4
129.4
124.98
124.98
113.32
113.32
96.06
96.06
94.67
94.67
95.54
95.54
87.25
87.25
90.49
90.49
86.48
86.48
88.28
88.28
82.77
82.77
97.95
97.95
96.38
96.38
99.46
99.46
95.04
95.04
99.48
99.48
110.49
110.49
93.21
93.21
116.21
116.21
101.3
101.3
111.86
111.86
97.93
97.93
94.67
94.67
86.13
86.13
74.86
74.86
83.17
83.17
74.79
74.79
70.7
70.7
72.72
72.72
77.46
77.46
75.64
75.64
76.58
76.58
73.14
73.14
76.83
76.83
76.09
76.09
81.87
81.87
90.35
90.35
83.09
83.09
92.81
92.81
87.8
87.8
92.9
92.9
91.57
91.57
101.64
101.64
103.98
103.98
107.42
107.42
99.26
99.26
96.2
96.2
94.26
94.26
90.02
90.02
92.52
92.52
88.07
88.07
78.8
78.8
74.72
74.72
69.81
69.81
64.74
64.74
69.75
69.75
68.23
68.23
69.21
69.21
69.77
69.77
70.23
70.23
69.21
69.21
71.97
71.97
72.1
72.1
71.82
71.82
70.24
70.24
71.65
71.65
84.1
84.1
88.78
88.78
97.55
97.55
96.87
96.87
97.54
97.54
84.33
84.33
78.17
78.17
82.85
82.85
78.09
78.09
78.81
78.81
92.38
92.38
85.18
85.18
76.76
76.76
71.25
71.25
67.56
67.56
69.18
69.18
70.82
70.82
64.79
64.79
62.83
62.83
62.48
62.48
62.77
62.77
70.1
70.1
68.47
68.47
70.53
70.53
68.72
68.72
85.7
85.7
85.66
85.66
83.94
83.94
81.03
81.03
91.04
91.04
83.77
83.77
87.95
87.95
85.35
85.35
53.2
53.2
52.02
52.02
40.11
40.11
28.43
28.43
-2.37
-2.37
-5.06
-5.06
-15.12
-15.12
-22.23
-22.23
-22.28
-22.28
-25.25
-25.25
-19.38
-19.38
-24.24
-24.24
4.24
4.24
6.45
6.45
-5.18
-5.18
-3.43
-3.43
0.55
0.55
5.15
5.15
1.86
1.86
13.31
13.31
15.11
15.11
19.93
19.93
6.05
6.05
-12.62
-12.62
19.53
19.53
34.66
34.66
4.59
4.59
-18.32
-18.32
-17.61
-17.61
-34.22
-34.22
-31.27
-31.27
-35.98
-35.98
-40.71
-40.71
-36.96
-36.96
-33.85
-33.85
-26.92
-26.92
-23.94
-23.94
6.84
6.84
25.9
25.9
33.17
33.17
33.99
33.99
32.75
32.75
52.9
52.9
52.2
52.2
38.24
38.24
40.87
40.87
58.78
58.78
41.49
41.49
34.36
34.36
0.86
0.86
13.79
13.79
-1.09
-1.09
5.83
5.83
18.61
18.61
44.15
44.15
41.66
41.66
49.39
49.39
28.0
28.0
11.3
11.3
-2.16
-2.16
-14.02
-14.02
-16.1
-16.1
-18.51
-18.51
-18.11
-18.11
-0.24
-0.24
4.73
4.73
-17.62
-17.62
-16.34
-16.34
-33.16
-33.16
-32.19
-32.19
-42.64
-42.64
-37.4
-37.4
-36.72
-36.72
-38.24
-38.24
-14.12
-14.12
-14.59
-14.59
-48.85
-48.85
-56.4
-56.4
-69.27
-69.27
-68.99
-68.99
-50.98
-50.98
-50.05
-50.05
-25.13
-25.13
-2.97
-2.97
21.84
21.84
19.08
19.08
25.7
25.7
24.62
24.62
71.43
71.43
83.28
83.28
82.02
82.02
83.06
83.06
85.63
85.63
82.19
82.19
82.97
82.97
60.92
60.92
42.85
42.85
29.36
29.36
21.43
21.43
14.88
14.88
1.18
1.18
-15.51
-15.51
-3.33
-3.33
-2.74
-2.74
-1.22
-1.22
-5.51
-5.51
-5.27
-5.27
-4.54
-4.54
59.75
59.75
69.65
69.65
31.06
31.06
80.47
80.47
50.02
50.02
82.27
82.27
51.99
51.99
70.7
70.7
52.42
52.42
24.9
24.9
10.78
10.78
14.0
14.0
36.68
36.68
35.49
35.49
18.52
18.52
15.3
15.3
12.57
12.57
13.74
13.74
11.45
11.45
11.9
11.9
28.02
28.02
33.03
33.03
38.0
38.0
54.24
54.24
84.75
84.75
86.77
86.77
93.54
93.54
78.13
78.13
79.24
79.24
88.86
88.86
98.98
98.98
103.84
103.84
104.38
104.38
103.98
103.98
104.36
104.36
89.97
89.97
71.2
71.2
60.1
60.1
52.31
52.31
41.78
41.78
28.98
28.98
30.03
30.03
25.99
25.99
24.17
24.17
18.69
18.69
21.35
21.35
30.05
30.05
38.36
38.36
87.24
87.24
87.78
87.78
89.81
89.81
93.61
93.61
82.34
82.34
114.82
114.82
82.52
82.52
85.77
85.77
84.11
84.11
95.29
95.29
89.82
89.82
83.92
83.92
85.18
85.18
102.46
102.46
107.32
107.32
109.68
109.68
105.41
105.41
106.66
106.66
100.53
100.53
94.68
94.68
92.81
92.81
90.29
90.29
90.99
90.99
94.65
94.65
111.09
111.09
115.15
115.15
140.53
140.53
143.82
143.82
148.88
148.88
144.8
144.8
137.31
137.31
137.81
137.81
127.4
127.4
125.77
125.77
116.13
116.13
107.62
107.62
85.0
85.0
81.95
81.95
75.67
75.67
75.19
75.19
77.76
77.76
73.94
73.94
69.95
69.95
61.94
61.94
52.76
52.76
48.13
48.13
47.33
47.33
41.2
41.2
54.49
54.49
55.2
55.2
55.45
55.45
61.1
61.1
59.18
59.18
79.35
79.35
65.53
65.53
70.32
70.32
76.18
76.18
69.41
69.41
65.87
65.87
64.84
64.84
73.04
73.04
74.2
74.2
79.8
79.8
80.28
80.28
75.62
75.62
72.5
72.5
69.16
69.16
73.7
73.7
87.78
87.78
79.87
79.87
71.74
71.74
76.21
76.21
85.11
85.11
80.02
80.02
85.34
85.34
87.05
87.05
90.58
90.58
91.08
91.08
99.31
99.31
93.69
93.69
84.83
84.83
78.77
78.77
89.83
89.83
73.35
73.35
101.57
101.57
92.24
92.24
88.74
88.74
86.88
86.88
92.07
92.07
94.3
94.3
90.56
90.56
84.84
84.84
97.27
97.27
99.35
99.35
103.25
103.25
96.5
96.5
93.84
93.84
105.14
105.14
122.66
122.66
133.8
133.8
115.09
115.09
124.25
124.25
102.19
102.19
104.57
104.57
108.81
108.81
99.77
99.77
87.7
87.7
85.28
85.28
88.05
88.05
84.27
84.27
88.92
88.92
84.71
84.71
90.35
90.35
75.76
75.76
76.14
76.14
72.22
72.22
77.13
77.13
75.55
75.55
78.15
78.15
92.07
92.07
90.61
90.61
88.54
88.54
100.49
100.49
105.73
105.73
126.03
126.03
105.69
105.69
97.75
97.75
86.2
86.2
77.17
77.17
69.24
69.24
73.26
73.26
70.1
70.1
76.96
76.96
77.95
77.95
69.31
69.31
62.99
62.99
66.58
66.58
71.84
71.84
67.99
67.99
76.76
76.76
72.55
72.55
74.07
74.07
73.5
73.5
76.43
76.43
70.64
70.64
52.44
52.44
65.17
65.17
81.5
81.5
31.48
31.48
63.86
63.86
61.69
61.69
75.2
75.2
69.25
69.25
69.46
69.46
68.89
68.89
71.83
71.83
51.08
51.08
42.71
42.71
48.99
48.99
49.49
49.49
64.0
64.0
61.15
61.15
54.71
54.71
39.73
39.73
51.82
51.82
63.11
63.11
78.43
78.43
68.76
68.76
77.75
77.75
79.04
79.04
88.53
88.53
86.64
86.64
90.33
90.33
93.59
93.59
95.23
95.23
92.25
92.25
95.97
95.97
89.07
89.07
87.27
87.27
84.67
84.67
96.26
96.26
96.71
96.71
91.0
91.0
67.32
67.32
64.64
64.64
57.4
57.4
80.1
80.1
73.91
73.91
58.42
58.42
38.17
38.17
57.83
57.83
49.82
49.82
61.07
61.07
74.99
74.99
66.36
66.36
83.45
83.45
78.53
78.53
98.48
98.48
57.06
57.06
79.51
79.51
42.22
42.22
62.67
62.67
64.2
64.2
73.93
73.93
64.22
64.22
76.12
76.12
87.86
87.86
92.32
92.32
95.31
95.31
97.06
97.06
99.19
99.19
99.15
99.15
116.84
116.84
115.94
115.94
112.31
112.31
111.98
111.98
115.49
115.49
114.5
114.5
122.29
122.29
121.15
121.15
120.9
120.9
120.51
120.51
118.96
118.96
115.21
115.21
106.74
106.74
104.53
104.53
113.18
113.18
110.96
110.96
95.91
95.91
90.1
90.1
103.22
103.22
101.73
101.73
86.24
86.24
79.66
79.66
86.09
86.09
76.32
76.32
86.37
86.37
81.34
81.34
86.65
86.65
80.04
80.04
80.7
80.7
83.45
83.45
79.05
79.05
83.89
83.89
87.13
87.13
89.36
89.36
71.31
71.31
72.42
72.42
82.11
82.11
87.44
87.44
82.21
82.21
78.24
78.24
76.27
76.27
81.39
81.39
76.15
76.15
77.43
77.43
82.74
82.74
83.43
83.43
77.58
77.58
71.42
71.42
74.83
74.83
77.32
77.32
80.57
80.57
80.49
80.49
79.75
79.75
87.8
87.8
103.58
103.58
96.57
96.57
106.34
106.34
92.94
92.94
107.14
107.14
107.45
107.45
111.58
111.58
110.01
110.01
111.17
111.17
104.47
104.47
117.54
117.54
115.41
115.41
114.43
114.43
97.15
97.15
100.36
100.36
105.57
105.57
97.21
97.21
87.86
87.86
90.52
90.52
88.91
88.91
87.67
87.67
84.85
84.85
81.13
81.13
85.73
85.73
99.26
99.26
111.29
111.29
111.37
111.37
125.23
125.23
119.03
119.03
116.64
116.64
98.42
98.42
106.5
106.5
108.94
108.94
105.36
105.36
90.7
90.7
92.61
92.61
91.24
91.24
83.82
83.82
80.75
80.75
81.1
81.1
86.06
86.06
82.72
82.72
87.92
87.92
90.43
90.43
92.96
92.96
89.09
89.09
113.16
113.16
109.07
109.07
113.71
113.71
107.11
107.11
114.56
114.56
101.3
101.3
87.05
87.05
84.69
84.69
80.76
80.76
80.95
80.95
89.94
89.94
77.43
77.43
76.75
76.75
74.47
74.47
75.26
75.26
71.53
71.53
74.7
74.7
76.03
76.03
82.17
82.17
90.37
90.37
97.27
97.27
101.03
101.03
76.98
76.98
67.68
67.68
70.44
70.44
69.72
69.72
68.74
68.74
73.6
73.6
66.84
66.84
82.22
82.22
65.34
65.34
68.72
68.72
79.79
79.79
73.7
73.7
79.62
79.62
78.66
78.66
85.49
85.49
87.96
87.96
87.24
87.24
84.68
84.68
81.11
81.11
78.48
78.48
72.54
72.54
77.6
77.6
88.11
88.11
86.26
86.26
87.76
87.76
85.39
85.39
90.93
90.93
98.91
98.91
96.48
96.48
95.05
95.05
107.31
107.31
103.22
103.22
103.3
103.3
98.35
98.35
93.79
93.79
92.01
92.01
91.81
91.81
93.54
93.54
89.99
89.99
83.88
83.88
90.22
90.22
82.36
82.36
85.63
85.63
85.87
85.87
90.57
90.57
88.13
88.13
79.34
79.34
74.28
74.28
79.99
79.99
77.97
77.97
80.26
80.26
90.21
90.21
104.52
104.52
120.85
120.85
122.52
122.52
131.79
131.79
113.09
113.09
110.02
110.02
104.1
104.1
94.76
94.76
94.3
94.3
90.28
90.28
76.46
76.46
74.27
74.27
71.87
71.87
69.27
69.27
69.92
69.92
72.57
72.57
68.56
68.56
66.57
66.57
61.81
61.81
62.08
62.08
69.25
69.25
68.23
68.23
71.28
71.28
75.31
75.31
77.08
77.08
82.9
82.9
96.65
96.65
104.58
104.58
106.76
106.76
103.37
103.37
105.29
105.29
100.99
100.99
99.68
99.68
95.51
95.51
89.68
89.68
77.7
77.7
81.64
81.64
72.01
72.01
63.05
63.05
66.07
66.07
64.97
64.97
64.31
64.31
58.04
58.04
59.95
59.95
60.32
60.32
58.0
58.0
64.4
64.4
75.07
75.07
84.67
84.67
101.59
101.59
89.34
89.34
106.13
106.13
80.05
80.05
85.0
85.0
78.51
78.51
70.87
70.87
70.11
70.11
65.09
65.09
64.95
64.95
64.19
64.19
61.62
61.62
58.05
58.05
55.59
55.59
53.92
53.92
54.27
54.27
54.22
54.22
62.6
62.6
59.09
59.09
60.35
60.35
60.11
60.11
67.98
67.98
70.03
70.03
77.11
77.11
75.47
75.47
85.06
85.06
87.19
87.19
91.45
91.45
88.28
88.28
84.83
84.83
75.69
75.69
80.42
80.42
66.18
66.18
76.91
76.91
60.17
60.17
59.39
59.39
62.24
62.24
60.34
60.34
60.42
60.42
57.65
57.65
72.67
72.67
62.99
62.99
59.2
59.2
78.54
78.54
72.06
72.06
59.85
59.85
76.38
76.38
69.2
69.2
95.34
95.34
70.9
70.9
85.94
85.94
67.21
67.21
70.23
70.23
71.62
71.62
74.0
74.0
80.72
80.72
77.94
77.94
78.91
78.91
83.95
83.95
86.35
86.35
79.96
79.96
80.34
80.34
76.88
76.88
73.74
73.74
68.93
68.93
79.0
79.0
71.26
71.26
66.06
66.06
59.61
59.61
62.82
62.82
65.55
65.55
63.65
63.65
56.22
56.22
68.55
68.55
61.94
61.94
65.42
65.42
57.04
57.04
63.07
63.07
57.52
57.52
60.95
60.95
61.59
61.59
48.74
48.74
38.66
38.66
21.88
21.88
18.21
18.21
1.04
1.04
-1.57
-1.57
2.86
2.86
-0.29
-0.29
-12.12
-12.12
-6.43
-6.43
5.91
5.91
12.26
12.26
35.7
35.7
53.39
53.39
60.83
60.83
67.39
67.39
33.81
33.81
38.82
38.82
18.14
18.14
19.09
19.09
-5.85
-5.85
-3.67
-3.67
6.31
6.31
-3.39
-3.39
0.27
0.27
12.56
12.56
24.27
24.27
42.34
42.34
11.6
11.6
9.49
9.49
12.77
12.77
8.1
8.1
5.13
5.13
2.8
2.8
-7.43
-7.43
-1.56
-1.56
19.66
19.66
37.31
37.31
41.64
41.64
54.25
54.25
75.12
75.12
70.41
70.41
72.53
72.53
73.26
73.26
65.72
65.72
63.23
63.23
51.58
51.58
41.96
41.96
36.19
36.19
44.57
44.57
47.2
47.2
48.87
48.87
38.31
38.31
11.51
11.51
14.95
14.95
-2.34
-2.34
2.12
2.12
30.65
30.65
46.33
46.33
35.06
35.06
22.89
22.89
12.95
12.95
5.3
5.3
11.14
11.14
2.74
2.74
0.55
0.55
-8.64
-8.64
-3.8
-3.8
-13.91
-13.91
-5.82
-5.82
-4.4
-4.4
-9.81
-9.81
-19.42
-19.42
-19.99
-19.99
-23.89
-23.89
-26.92
-26.92
-32.18
-32.18
-31.1
-31.1
-18.69
-18.69
-19.3
-19.3
-11.82
-11.82
-0.26
-0.26
7.7
7.7
36.4
36.4
39.05
39.05
45.68
45.68
67.44
67.44
57.89
57.89
85.68
85.68
76.37
76.37
85.32
85.32
86.47
86.47
90.17
90.17
92.44
92.44
94.28
94.28
84.6
84.6
61.93
61.93
66.73
66.73
66.76
66.76
57.19
57.19
53.65
53.65
52.07
52.07
48.15
48.15
45.43
45.43
39.85
39.85
42.47
42.47
51.22
51.22
56.02
56.02
59.58
59.58
60.72
60.72
63.26
63.26
68.1
68.1
66.31
66.31
85.88
85.88
73.02
73.02
83.94
83.94
63.34
63.34
59.95
59.95
43.36
43.36
49.57
49.57
57.02
57.02
60.28
60.28
44.08
44.08
39.24
39.24
39.07
39.07
35.55
35.55
29.72
29.72
24.15
24.15
43.67
43.67
48.78
48.78
60.42
60.42
60.97
60.97
45.77
45.77
45.35
45.35
81.24
81.24
80.77
80.77
76.34
76.34
89.39
89.39
96.11
96.11
89.48
89.48
91.25
91.25
93.73
93.73
94.73
94.73
73.32
73.32
66.96
66.96
62.64
62.64
59.51
59.51
62.5
62.5
62.17
62.17
58.73
58.73
57.33
57.33
59.12
59.12
62.43
62.43
67.77
67.77
72.27
72.27
78.54
78.54
69.46
69.46
83.95
83.95
83.34
83.34
90.89
90.89
71.74
71.74
89.25
89.25
75.26
75.26
84.18
84.18
78.57
78.57
73.7
73.7
67.96
67.96
65.4
65.4
60.22
60.22
59.55
59.55
72.92
72.92
74.18
74.18
71.22
71.22
73.02
73.02
81.01
81.01
79.7
79.7
79.49
79.49
86.26
86.26
83.13
83.13
92.15
92.15
114.18
114.18
114.14
114.14
139.42
139.42
140.77
140.77
189.37
189.37
185.43
185.43
173.74
173.74
165.07
165.07
120.88
120.88
114.39
114.39
122.72
122.72
104.34
104.34
99.75
99.75
85.88
85.88
98.98
98.98
94.21
94.21
89.63
89.63
94.52
94.52
96.81
96.81
82.58
82.58
81.58
81.58
76.3
76.3
77.36
77.36
75.7
75.7
79.42
79.42
93.59
93.59
94.67
94.67
106.87
106.87
89.59
89.59
97.46
97.46
96.66
96.66
106.61
106.61
95.85
95.85
86.45
86.45
87.59
87.59
78.91
78.91
76.86
76.86
73.98
73.98
75.51
75.51
72.52
72.52
71.76
71.76
67.27
67.27
70.24
70.24
67.96
67.96
84.06
84.06
89.34
89.34
83.55
83.55
89.38
89.38
87.8
87.8
89.42
89.42
93.37
93.37
96.22
96.22
100.79
100.79
99.35
99.35
97.29
97.29
96.53
96.53
93.85
93.85
92.47
92.47
92.85
92.85
91.71
91.71
107.43
107.43
59.26
59.26
56.11
56.11
68.98
68.98
70.29
70.29
63.53
63.53
61.67
61.67
67.29
67.29
69.16
69.16
64.84
64.84
59.78
59.78
68.49
68.49
89.59
89.59
81.72
81.72
81.83
81.83
101.83
101.83
89.25
89.25
100.33
100.33
91.31
91.31
93.75
93.75
78.12
78.12
76.52
76.52
72.58
72.58
70.45
70.45
72.77
72.77
79.93
79.93
75.36
75.36
78.92
78.92
78.29
78.29
76.46
76.46
77.43
77.43
81.36
81.36
87.21
87.21
86.93
86.93
87.88
87.88
91.49
91.49
93.99
93.99
94.18
94.18
107.83
107.83
107.36
107.36
112.71
112.71
110.79
110.79
107.81
107.81
108.79
108.79
108.02
108.02
106.42
106.42
99.0
99.0
91.17
91.17
99.54
99.54
88.3
88.3
90.6
90.6
82.71
82.71
78.95
78.95
71.99
71.99
71.56
71.56
69.75
69.75
77.1
77.1
70.02
70.02
73.55
73.55
68.13
68.13
71.41
71.41
73.74
73.74
70.52
70.52
84.84
84.84
81.63
81.63
96.24
96.24
83.46
83.46
86.69
86.69
85.55
85.55
85.57
85.57
80.28
80.28
77.12
77.12
74.18
74.18
72.52
72.52
72.99
72.99
72.39
72.39
74.61
74.61
77.97
77.97
71.13
71.13
70.06
70.06
70.99
70.99
72.86
72.86
67.61
67.61
72.84
72.84
72.26
72.26
72.12
72.12
89.74
89.74
94.03
94.03
87.57
87.57
91.06
91.06
95.51
95.51
87.01
87.01
92.07
92.07
90.31
90.31
94.5
94.5
83.84
83.84
85.71
85.71
88.78
88.78
94.74
94.74
94.01
94.01
72.72
72.72
79.08
79.08
72.23
72.23
75.51
75.51
70.55
70.55
70.4
70.4
79.08
79.08
74.45
74.45
89.01
89.01
86.96
86.96
81.17
81.17
87.85
87.85
72.72
72.72
88.77
88.77
79.47
79.47
90.06
90.06
104.42
104.42
101.58
101.58
100.52
100.52
91.14
91.14
93.62
93.62
98.69
98.69
92.68
92.68
85.9
85.9
81.54
81.54
64.61
64.61
58.93
58.93
52.9
52.9
48.85
48.85
40.21
40.21
43.38
43.38
45.16
45.16
58.47
58.47
58.88
58.88
71.2
71.2
66.11
66.11
87.39
87.39
85.49
85.49
85.02
85.02
86.85
86.85
85.79
85.79
88.09
88.09
83.02
83.02
78.16
78.16
56.9
56.9
65.5
65.5
36.31
36.31
29.8
29.8
17.19
17.19
13.08
13.08
5.97
5.97
1.89
1.89
-17.32
-17.32
-22.38
-22.38
-23.61
-23.61
-27.39
-27.39
-36.81
-36.81
-39.09
-39.09
-39.25
-39.25
-38.73
-38.73
-35.66
-35.66
-32.25
-32.25
-32.39
-32.39
-27.14
-27.14
-20.46
-20.46
-17.18
-17.18
-6.55
-6.55
-5.87
-5.87
-4.53
-4.53
-3.69
-3.69
-1.05
-1.05
-2.02
-2.02
5.56
5.56
4.92
4.92
3.51
3.51
12.81
12.81
42.65
42.65
59.02
59.02
62.17
62.17
57.71
57.71
69.44
69.44
76.62
76.62
81.75
81.75
84.75
84.75
83.49
83.49
79.78
79.78
85.06
85.06
83.25
83.25
87.45
87.45
75.6
75.6
83.91
83.91
63.35
63.35
74.6
74.6
61.79
61.79
64.78
64.78
58.44
58.44
61.17
61.17
60.96
60.96
68.19
68.19
72.84
72.84
69.82
69.82
72.32
72.32
76.35
76.35
77.87
77.87
97.91
97.91
95.11
95.11
94.3
94.3
95.52
95.52
110.48
110.48
121.71
121.71
102.27
102.27
109.51
109.51
104.37
104.37
107.72
107.72
105.6
105.6
99.48
99.48
96.46
96.46
90.68
90.68
87.97
87.97
80.74
80.74
81.53
81.53
81.98
81.98
78.82
78.82
79.66
79.66
85.6
85.6
83.29
83.29
87.68
87.68
96.57
96.57
104.58
104.58
105.34
105.34
105.78
105.78
105.63
105.63
112.54
112.54
111.35
111.35
113.03
113.03
113.52
113.52
109.83
109.83
106.0
106.0
103.61
103.61
102.54
102.54
101.64
101.64
90.78
90.78
92.34
92.34
81.95
81.95
79.66
79.66
79.22
79.22
79.72
79.72
75.45
75.45
71.15
71.15
69.73
69.73
74.12
74.12
74.33
74.33
77.71
77.71
71.34
71.34
83.69
83.69
90.57
90.57
87.84
87.84
96.98
96.98
92.82
92.82
94.56
94.56
93.58
93.58
88.97
88.97
87.51
87.51
86.32
86.32
78.84
78.84
83.84
83.84
79.97
79.97
82.66
82.66
80.34
80.34
72.9
72.9
76.83
76.83
71.2
71.2
72.68
72.68
73.56
73.56
72.83
72.83
78.22
78.22
80.07
80.07
86.25
86.25
91.83
91.83
95.26
95.26
97.84
97.84
97.72
97.72
96.78
96.78
96.82
96.82
96.56
96.56
89.8
89.8
96.14
96.14
80.7
80.7
108.63
108.63
98.64
98.64
90.84
90.84
84.02
84.02
86.35
86.35
84.73
84.73
77.29
77.29
73.75
73.75
77.58
77.58
74.34
74.34
78.04
78.04
77.96
77.96
90.07
90.07
92.22
92.22
82.76
82.76
100.54
100.54
85.18
85.18
99.93
99.93
85.95
85.95
95.33
95.33
92.42
92.42
81.24
81.24
76.48
76.48
73.06
73.06
62.97
62.97
66.54
66.54
67.59
67.59
64.07
64.07
63.97
63.97
64.62
64.62
65.18
65.18
64.25
64.25
66.53
66.53
71.12
71.12
78.4
78.4
79.63
79.63
84.74
84.74
83.08
83.08
93.49
93.49
86.35
86.35
91.56
91.56
88.65
88.65
90.92
90.92
82.19
82.19
84.12
84.12
86.93
86.93
81.03
81.03
81.3
81.3
74.31
74.31
81.22
81.22
73.97
73.97
73.16
73.16
63.37
63.37
62.51
62.51
62.56
62.56
59.93
59.93
62.0
62.0
61.02
61.02
69.08
69.08
69.36
69.36
73.33
73.33
69.65
69.65
77.78
77.78
73.37
73.37
83.92
83.92
99.67
99.67
77.89
77.89
98.02
98.02
93.14
93.14
95.59
95.59
96.52
96.52
93.87
93.87
87.51
87.51
82.08
82.08
82.71
82.71
76.96
76.96
72.04
72.04
68.51
68.51
70.43
70.43
73.05
73.05
71.06
71.06
80.51
80.51
83.79
83.79
85.01
85.01
94.24
94.24
98.91
98.91
95.49
95.49
93.59
93.59
96.91
96.91
96.57
96.57
98.19
98.19
95.49
95.49
99.79
99.79
96.46
96.46
92.18
92.18
83.49
83.49
86.44
86.44
74.94
74.94
84.79
84.79
70.69
70.69
72.22
72.22
68.13
68.13
79.14
79.14
74.28
74.28
72.06
72.06
71.44
71.44
71.99
71.99
70.83
70.83
74.07
74.07
69.41
69.41
67.65
67.65
89.64
89.64
74.56
74.56
90.43
90.43
89.88
89.88
94.76
94.76
90.3
90.3
89.71
89.71
97.83
97.83
92.18
92.18
83.22
83.22
86.34
86.34
96.98
96.98
84.58
84.58
79.19
79.19
68.31
68.31
70.01
70.01
61.43
61.43
75.02
75.02
70.9
70.9
73.36
73.36
83.53
83.53
77.99
77.99
82.42
82.42
92.51
92.51
95.62
95.62
101.44
101.44
98.66
98.66
94.0
94.0
91.49
91.49
93.86
93.86
91.57
91.57
92.89
92.89
83.93
83.93
67.27
67.27
77.46
77.46
74.84
74.84
71.22
71.22
63.62
63.62
69.44
69.44
61.68
61.68
67.13
67.13
72.65
72.65
80.23
80.23
74.87
74.87
73.93
73.93
72.23
72.23
75.27
75.27
67.39
67.39
72.21
72.21
71.1
71.1
74.81
74.81
68.22
68.22
67.76
67.76
63.63
63.63
70.21
70.21
59.84
59.84
63.83
63.83
66.72
66.72
54.11
54.11
40.04
40.04
34.74
34.74
30.15
30.15
24.06
24.06
24.99
24.99
24.6
24.6
36.53
36.53
46.09
46.09
38.68
38.68
59.19
59.19
75.27
75.27
74.13
74.13
72.41
72.41
69.92
69.92
77.0
77.0
78.77
78.77
81.58
81.58
77.69
77.69
79.09
79.09
81.14
81.14
85.49
85.49
75.12
75.12
78.95
78.95
86.97
86.97
89.97
89.97
75.49
75.49
64.2
64.2
56.31
56.31
60.94
60.94
58.17
58.17
63.29
63.29
73.48
73.48
71.08
71.08
61.44
61.44
63.55
63.55
63.82
63.82
42.91
42.91
42.4
42.4
40.95
40.95
38.44
38.44
12.32
12.32
10.65
10.65
-0.18
-0.18
-0.95
-0.95
2.93
2.93
7.32
7.32
-3.69
-3.69
-1.9
-1.9
-0.21
-0.21
10.59
10.59
14.2
14.2
16.44
16.44
17.11
17.11
19.62
19.62
27.91
27.91
54.33
54.33
78.28
78.28
81.73
81.73
95.35
95.35
96.2
96.2
82.0
82.0
85.5
85.5
80.95
80.95
70.18
70.18
75.26
75.26
70.3
70.3
80.24
80.24
82.05
82.05
81.51
81.51
69.59
69.59
45.69
45.69
41.76
41.76
26.12
26.12
22.67
22.67
26.21
26.21
25.63
25.63
19.72
19.72
18.65
18.65
44.21
44.21
48.17
48.17
46.67
46.67
48.02
48.02
59.33
59.33
55.91
55.91
66.19
66.19
55.87
55.87
53.72
53.72
70.83
70.83
54.56
54.56
58.57
58.57
60.73
60.73
80.45
80.45
73.81
73.81
77.12
77.12
80.65
80.65
83.82
83.82
91.89
91.89
90.3
90.3
77.75
77.75
66.71
66.71
71.17
71.17
72.21
72.21
64.84
64.84
60.93
60.93
61.13
61.13
61.76
61.76
64.58
64.58
66.84
66.84
75.57
75.57
77.25
77.25
75.49
75.49
75.95
75.95
74.88
74.88
71.85
71.85
72.29
72.29
68.12
68.12
79.69
79.69
72.77
72.77
61.13
61.13
52.47
52.47
56.87
56.87
59.61
59.61
63.82
63.82
56.68
56.68
53.37
53.37
50.76
50.76
49.69
49.69
48.3
48.3
53.64
53.64
52.11
52.11
47.16
47.16
41.74
41.74
47.15
47.15
62.57
62.57
64.85
64.85
73.74
73.74
54.23
54.23
61.98
61.98
49.35
49.35
55.26
55.26
49.62
49.62
53.82
53.82
49.34
49.34
58.55
58.55
54.14
54.14
52.61
52.61
51.02
51.02
54.06
54.06
44.31
44.31
51.66
51.66
61.27
61.27
62.23
62.23
68.75
68.75
82.58
82.58
100.04
100.04
108.08
108.08
105.25
105.25
108.55
108.55
109.41
109.41
102.42
102.42
97.64
97.64
93.29
93.29
98.56
98.56
79.83
79.83
90.11
90.11
77.84
77.84
58.71
58.71
75.76
75.76
72.45
72.45
61.21
61.21
57.79
57.79
56.06
56.06
55.72
55.72
48.91
48.91
54.0
54.0
46.64
46.64
47.71
47.71
40.64
40.64
43.95
43.95
50.28
50.28
53.08
53.08
63.42
63.42
77.34
77.34
75.46
75.46
59.36
59.36
63.77
63.77
57.35
57.35
56.39
56.39
59.03
59.03
61.63
61.63
58.4
58.4
56.8
56.8
56.25
56.25
66.55
66.55
65.31
65.31
58.93
58.93
58.51
58.51
60.43
60.43
68.69
68.69
74.64
74.64
74.83
74.83
83.24
83.24
89.56
89.56
97.49
97.49
90.83
90.83
86.72
86.72
96.12
96.12
98.23
98.23
92.42
92.42
82.84
82.84
64.09
64.09
56.26
56.26
60.2
60.2
67.78
67.78
57.59
57.59
59.69
59.69
37.28
37.28
45.34
45.34
50.24
50.24
63.18
63.18
63.99
63.99
57.91
57.91
43.0
43.0
42.21
42.21
49.89
49.89
53.73
53.73
65.01
65.01
63.28
63.28
70.01
70.01
68.43
68.43
75.22
75.22
85.91
85.91
88.05
88.05
85.7
85.7
83.36
83.36
74.86
74.86
76.37
76.37
65.6
65.6
70.22
70.22
82.3
82.3
86.32
86.32
93.35
93.35
105.73
105.73
98.94
98.94
98.26
98.26
96.85
96.85
81.7
81.7
83.15
83.15
83.24
83.24
80.47
80.47
78.86
78.86
84.04
84.04
89.56
89.56
89.57
89.57
102.33
102.33
100.35
100.35
97.34
97.34
95.36
95.36
95.25
95.25
89.12
89.12
87.76
87.76
76.73
76.73
85.92
85.92
76.62
76.62
74.13
74.13
66.28
66.28
73.67
73.67
78.36
78.36
73.46
73.46
72.33
72.33
65.61
65.61
69.98
69.98
72.12
72.12
70.24
70.24
74.37
74.37
79.0
79.0
75.69
75.69
77.82
77.82
75.35
75.35
89.49
89.49
74.05
74.05
84.71
84.71
77.63
77.63
75.7
75.7
71.61
71.61
75.86
75.86
72.8
72.8
64.41
64.41
61.34
61.34
58.9
58.9
61.66
61.66
66.35
66.35
67.14
67.14
65.63
65.63
61.59
61.59
63.56
63.56
66.63
66.63
74.25
74.25
90.48
90.48
94.51
94.51
94.82
94.82
101.38
101.38
119.65
119.65
111.69
111.69
113.48
113.48
110.99
110.99
102.87
102.87
105.01
105.01
105.67
105.67
95.37
95.37
97.21
97.21
80.88
80.88
96.72
96.72
102.91
102.91
81.01
81.01
73.69
73.69
88.13
88.13
76.72
76.72
72.26
72.26
65.98
65.98
72.35
72.35
66.05
66.05
64.01
64.01
63.98
63.98
62.49
62.49
62.62
62.62
56.13
56.13
59.51
59.51
52.85
52.85
57.04
57.04
55.79
55.79
63.98
63.98
64.0
64.0
64.78
64.78
73.93
73.93
69.68
69.68
61.29
61.29
50.04
50.04
56.47
56.47
52.5
52.5
57.53
57.53
54.28
54.28
53.83
53.83
65.51
65.51
63.51
63.51
76.03
76.03
82.29
82.29
95.1
95.1
76.23
76.23
81.98
81.98
84.24
84.24
75.0
75.0
86.42
86.42
87.46
87.46
92.56
92.56
80.45
80.45
88.27
88.27
69.4
69.4
66.7
66.7
77.21
77.21
63.84
63.84
66.4
66.4
61.85
61.85
64.17
64.17
67.46
67.46
61.39
61.39
62.66
62.66
50.62
50.62
60.2
60.2
58.76
58.76
70.77
70.77
67.62
67.62
68.01
68.01
67.86
67.86
52.04
52.04
65.18
65.18
69.23
69.23
75.04
75.04
65.43
65.43
66.55
66.55
69.29
69.29
71.28
71.28
75.83
75.83
81.02
81.02
75.73
75.73
75.5
75.5
80.4
80.4
83.55
83.55
79.61
79.61
77.34
77.34
74.61
74.61
66.6
66.6
69.08
69.08
66.99
66.99
66.45
66.45
74.06
74.06
66.98
66.98
64.68
64.68
71.79
71.79
70.35
70.35
79.49
79.49
74.68
74.68
81.14
81.14
79.3
79.3
74.21
74.21
65.36
65.36
51.18
51.18
68.17
68.17
66.64
66.64
52.76
52.76
43.58
43.58
41.88
41.88
39.25
39.25
35.61
35.61
32.32
32.32
30.48
30.48
41.06
41.06
45.05
45.05
55.76
55.76
66.57
66.57
75.87
75.87
63.28
63.28
75.26
75.26
90.71
90.71
90.64
90.64
85.56
85.56
91.06
91.06
91.51
91.51
82.38
82.38
76.36
76.36
73.2
73.2
70.31
70.31
66.79
66.79
61.63
61.63
60.68
60.68
58.16
58.16
60.78
60.78
70.67
70.67
66.1
66.1
63.25
63.25
62.98
62.98
64.77
64.77
62.55
62.55
62.52
62.52
71.86
71.86
71.41
71.41
78.51
78.51
80.12
80.12
96.99
96.99
91.66
91.66
76.87
76.87
73.29
73.29
74.7
74.7
68.41
68.41
57.89
57.89
72.17
72.17
61.35
61.35
48.73
48.73
38.96
38.96
39.8
39.8
35.6
35.6
27.61
27.61
51.25
51.25
47.15
47.15
64.58
64.58
72.15
72.15
73.34
73.34
69.48
69.48
75.05
75.05
75.89
75.89
70.69
70.69
96.36
96.36
64.0
64.0
66.14
66.14
63.7
63.7
61.83
61.83
65.68
65.68
65.25
65.25
53.83
53.83
56.31
56.31
57.17
57.17
62.1
62.1
61.34
61.34
55.14
55.14
60.39
60.39
61.25
61.25
63.06
63.06
62.0
62.0
61.95
61.95
63.12
63.12
84.13
84.13
90.51
90.51
93.64
93.64
94.37
94.37
101.35
101.35
100.4
100.4
101.84
101.84
100.32
100.32
89.08
89.08
85.48
85.48
87.12
87.12
77.96
77.96
77.52
77.52
79.43
79.43
69.48
69.48
65.97
65.97
70.35
70.35
61.45
61.45
63.79
63.79
57.89
57.89
61.03
61.03
57.39
57.39
62.21
62.21
58.81
58.81
80.86
80.86
63.75
63.75
59.01
59.01
74.92
74.92
62.63
62.63
87.69
87.69
70.64
70.64
83.15
83.15
76.88
76.88
67.64
67.64
66.39
66.39
63.57
63.57
58.13
58.13
64.48
64.48
64.9
64.9
68.21
68.21
63.67
63.67
59.06
59.06
57.08
57.08
61.86
61.86
77.85
77.85
78.08
78.08
65.6
65.6
69.29
69.29
77.3
77.3
83.24
83.24
103.39
103.39
108.85
108.85
106.77
106.77
103.41
103.41
111.5
111.5
110.49
110.49
109.57
109.57
99.86
99.86
103.76
103.76
84.4
84.4
100.44
100.44
105.21
105.21
91.03
91.03
79.58
79.58
87.47
87.47
80.35
80.35
83.01
83.01
75.02
75.02
73.84
73.84
73.34
73.34
80.42
80.42
80.49
80.49
77.83
77.83
81.97
81.97
79.0
79.0
88.09
88.09
89.15
89.15
99.9
99.9
86.63
86.63
91.86
91.86
86.0
86.0
81.26
81.26
82.02
82.02
73.85
73.85
75.39
75.39
73.41
73.41
71.73
71.73
69.85
69.85
67.26
67.26
62.76
62.76
71.71
71.71
74.81
74.81
75.01
75.01
75.48
75.48
87.61
87.61
99.96
99.96
105.04
105.04
105.33
105.33
109.64
109.64
108.17
108.17
121.11
121.11
120.62
120.62
123.98
123.98
123.67
123.67
125.47
125.47
107.89
107.89
109.35
109.35
95.0
95.0
88.01
88.01
99.67
99.67
95.02
95.02
99.09
99.09
89.75
89.75
78.28
78.28
75.24
75.24
76.84
76.84
69.02
69.02
66.4
66.4
70.22
70.22
74.1
74.1
88.07
88.07
94.66
94.66
89.52
89.52
92.58
92.58
78.07
78.07
87.92
87.92
78.61
78.61
83.73
83.73
79.73
79.73
76.07
76.07
66.87
66.87
70.4
70.4
57.69
57.69
53.09
53.09
45.74
45.74
30.79
30.79
16.51
16.51
15.24
15.24
40.0
40.0
48.47
48.47
76.02
76.02
72.17
72.17
74.46
74.46
74.9
74.9
83.78
83.78
77.47
77.47
91.76
91.76
99.77
99.77
99.23
99.23
98.67
98.67
109.25
109.25
106.3
106.3
101.22
101.22
95.05
95.05
98.96
98.96
100.79
100.79
91.65
91.65
96.31
96.31
93.11
93.11
90.09
90.09
85.76
85.76
93.14
93.14
94.04
94.04
90.93
90.93
88.93
88.93
87.26
87.26
89.53
89.53
91.76
91.76
92.82
92.82
93.49
93.49
94.04
94.04
96.65
96.65
90.31
90.31
93.71
93.71
82.41
82.41
92.32
92.32
93.15
93.15
89.81
89.81
78.79
78.79
76.07
76.07
68.77
68.77
64.41
64.41
37.04
37.04
30.37
30.37
11.99
11.99
-2.22
-2.22
-0.11
-0.11
0.92
0.92
12.03
12.03
17.06
17.06
41.39
41.39
53.3
53.3
54.43
54.43
71.02
71.02
80.66
80.66
69.09
69.09
86.16
86.16
86.87
86.87
87.72
87.72
91.04
91.04
91.05
91.05
86.9
86.9
88.5
88.5
80.7
80.7
73.62
73.62
75.76
75.76
73.47
73.47
76.62
76.62
73.76
73.76
74.0
74.0
63.25
63.25
61.39
61.39
58.01
58.01
66.09
66.09
73.01
73.01
72.51
72.51
67.43
67.43
67.1
67.1
67.02
67.02
72.42
72.42
50.15
50.15
52.7
52.7
30.75
30.75
40.41
40.41
64.88
64.88
75.07
75.07
75.75
75.75
78.42
78.42
85.98
85.98
87.49
87.49
87.7
87.7
87.73
87.73
71.42
71.42
50.48
50.48
47.47
47.47
48.43
48.43
64.8
64.8
77.19
77.19
70.59
70.59
65.32
65.32
86.63
86.63
68.45
68.45
74.75
74.75
70.85
70.85
85.91
85.91
88.52
88.52
94.81
94.81
98.75
98.75
99.75
99.75
95.15
95.15
100.96
100.96
90.97
90.97
96.36
96.36
94.33
94.33
96.57
96.57
93.15
93.15
84.34
84.34
84.74
84.74
81.82
81.82
74.02
74.02
88.71
88.71
87.1
87.1
88.22
88.22
87.03
87.03
93.9
93.9
91.91
91.91
90.88
90.88
101.85
101.85
84.22
84.22
93.85
93.85
86.39
86.39
91.13
91.13
73.33
73.33
75.65
75.65
78.68
78.68
86.53
86.53
81.72
81.72
81.22
81.22
86.05
86.05
83.14
83.14
84.0
84.0
74.37
74.37
71.77
71.77
70.87
70.87
90.13
90.13
81.78
81.78
78.03
78.03
72.43
72.43
87.37
87.37
91.44
91.44
94.91
94.91
95.31
95.31
106.34
106.34
106.29
106.29
109.86
109.86
112.45
112.45
104.75
104.75
92.38
92.38
90.55
90.55
85.67
85.67
87.43
87.43
80.3
80.3
78.43
78.43
73.52
73.52
78.39
78.39
79.43
79.43
77.21
77.21
75.41
75.41
72.45
72.45
79.45
79.45
81.43
81.43
82.22
82.22
83.43
83.43
85.11
85.11
95.77
95.77
103.89
103.89
80.64
80.64
112.38
112.38
80.06
80.06
89.36
89.36
72.27
72.27
68.55
68.55
72.1
72.1
66.62
66.62
78.51
78.51
85.75
85.75
73.1
73.1
74.86
74.86
77.8
77.8
80.27
80.27
80.25
80.25
80.49
80.49
81.73
81.73
83.25
83.25
87.14
87.14
88.55
88.55
96.91
96.91
106.4
106.4
106.3
106.3
105.06
105.06
118.4
118.4
117.52
117.52
115.76
115.76
112.72
112.72
107.36
107.36
101.58
101.58
107.94
107.94
90.16
90.16
95.28
95.28
71.41
71.41
82.03
82.03
82.69
82.69
84.86
84.86
77.45
77.45
78.27
78.27
74.79
74.79
76.97
76.97
73.24
73.24
71.53
71.53
72.53
72.53
75.87
75.87
77.12
77.12
75.04
75.04
95.38
95.38
100.47
100.47
111.11
111.11
90.88
90.88
92.91
92.91
88.35
88.35
75.66
75.66
79.05
79.05
75.05
75.05
74.82
74.82
76.48
76.48
84.44
84.44
84.7
84.7
76.85
76.85
74.2
74.2
77.28
77.28
74.96
74.96
74.99
74.99
73.86
73.86
77.51
77.51
90.16
90.16
94.13
94.13
95.26
95.26
101.41
101.41
104.64
104.64
97.98
97.98
98.13
98.13
108.11
108.11
100.63
100.63
94.93
94.93
82.31
82.31
85.85
85.85
77.22
77.22
70.92
70.92
70.63
70.63
76.61
76.61
69.8
69.8
68.98
68.98
68.84
68.84
65.93
65.93
65.13
65.13
62.82
62.82
62.17
62.17
65.54
65.54
63.75
63.75
64.01
64.01
64.02
64.02
66.55
66.55
76.84
76.84
80.16
80.16
94.43
94.43
85.89
85.89
90.35
90.35
82.35
82.35
72.15
72.15
88.99
88.99
80.63
80.63
78.21
78.21
80.28
80.28
80.87
80.87
75.71
75.71
74.15
74.15
68.97
68.97
72.21
72.21
68.98
68.98
66.65
66.65
64.73
64.73
64.05
64.05
64.84
64.84
69.98
69.98
71.37
71.37
77.52
77.52
81.48
81.48
84.23
84.23
80.39
80.39
79.58
79.58
78.85
78.85
84.54
84.54
74.84
74.84
70.67
70.67
74.15
74.15
84.72
84.72
86.77
86.77
76.8
76.8
74.2
74.2
70.08
70.08
55.81
55.81
57.15
57.15
59.21
59.21
56.05
56.05
48.79
48.79
60.08
60.08
65.04
65.04
65.86
65.86
64.94
64.94
70.25
70.25
76.05
76.05
75.7
75.7
101.84
101.84
92.28
92.28
103.99
103.99
85.53
85.53
91.3
91.3
88.15
88.15
88.05
88.05
69.48
69.48
67.61
67.61
78.26
78.26
76.09
76.09
61.88
61.88
59.61
59.61
63.5
63.5
59.49
59.49
62.98
62.98
62.42
62.42
62.86
62.86
61.64
61.64
69.71
69.71
67.19
67.19
70.23
70.23
73.86
73.86
79.38
79.38
75.74
75.74
81.3
81.3
77.35
77.35
80.63
80.63
72.24
72.24
71.06
71.06
74.36
74.36
89.84
89.84
77.88
77.88
73.75
73.75
66.58
66.58
60.77
60.77
54.41
54.41
58.03
58.03
49.78
49.78
42.89
42.89
35.66
35.66
29.92
29.92
29.95
29.95
20.5
20.5
37.9
37.9
36.32
36.32
42.4
42.4
52.29
52.29
45.56
45.56
26.12
26.12
15.99
15.99
-13.45
-13.45
-20.64
-20.64
-0.83
-0.83
-4.79
-4.79
-14.74
-14.74
-14.84
-14.84
-12.91
-12.91
-11.73
-11.73
16.68
16.68
4.47
4.47
-9.42
-9.42
-15.81
-15.81
21.12
21.12
27.29
27.29
32.01
32.01
44.92
44.92
64.88
64.88
75.09
75.09
86.19
86.19
88.11
88.11
100.84
100.84
103.07
103.07
105.58
105.58
107.34
107.34
107.47
107.47
107.72
107.72
106.48
106.48
103.09
103.09
66.39
66.39
93.45
93.45
97.87
97.87
93.65
93.65
85.19
85.19
80.5
80.5
82.48
82.48
88.08
88.08
87.61
87.61
99.89
99.89
97.03
97.03
99.21
99.21
100.46
100.46
100.47
100.47
90.72
90.72
101.97
101.97
92.83
92.83
99.49
99.49
82.83
82.83
87.08
87.08
94.55
94.55
91.61
91.61
90.11
90.11
96.62
96.62
94.43
94.43
94.09
94.09
93.79
93.79
92.23
92.23
79.17
79.17
61.11
61.11
64.84
64.84
51.34
51.34
74.54
74.54
64.81
64.81
89.76
89.76
64.12
64.12
66.97
66.97
68.64
68.64
95.14
95.14
101.01
101.01
115.81
115.81
112.41
112.41
114.06
114.06
114.86
114.86
116.61
116.61
109.64
109.64
110.92
110.92
93.85
93.85
96.69
96.69
102.07
102.07
89.15
89.15
86.86
86.86
86.63
86.63
90.63
90.63
90.1
90.1
88.99
88.99
87.53
87.53
87.17
87.17
88.17
88.17
87.29
87.29
105.35
105.35
106.2
106.2
99.21
99.21
109.41
109.41
117.16
117.16
123.07
123.07
113.26
113.26
116.85
116.85
112.48
112.48
95.76
95.76
102.74
102.74
93.06
93.06
88.76
88.76
82.99
82.99
89.83
89.83
70.42
70.42
78.7
78.7
80.85
80.85
84.95
84.95
73.47
73.47
94.16
94.16
93.69
93.69
100.27
100.27
96.24
96.24
111.77
111.77
118.52
118.52
118.39
118.39
124.77
124.77
129.38
129.38
123.95
123.95
122.43
122.43
120.1
120.1
114.5
114.5
102.12
102.12
101.05
101.05
85.77
85.77
86.65
86.65
97.75
97.75
97.92
97.92
91.88
91.88
90.64
90.64
95.15
95.15
91.3
91.3
101.04
101.04
108.96
108.96
106.03
106.03
106.88
106.88
104.31
104.31
114.55
114.55
111.5
111.5
102.16
102.16
95.93
95.93
120.29
120.29
126.01
126.01
103.11
103.11
110.64
110.64
106.7
106.7
97.05
97.05
95.59
95.59
90.92
90.92
89.59
89.59
85.27
85.27
88.49
88.49
88.85
88.85
83.44
83.44
78.76
78.76
78.82
78.82
86.59
86.59
101.85
101.85
95.14
95.14
109.73
109.73
113.88
113.88
130.19
130.19
140.33
140.33
140.18
140.18
148.4
148.4
145.83
145.83
148.58
148.58
139.47
139.47
142.47
142.47
127.98
127.98
115.61
115.61
126.38
126.38
113.0
113.0
104.92
104.92
96.16
96.16
98.04
98.04
89.78
89.78
84.66
84.66
86.0
86.0
84.7
84.7
84.1
84.1
86.07
86.07
84.1
84.1
84.0
84.0
85.02
85.02
87.44
87.44
89.09
89.09
102.35
102.35
123.76
123.76
122.21
122.21
145.57
145.57
120.92
120.92
120.46
120.46
96.87
96.87
91.69
91.69
99.47
99.47
93.63
93.63
98.17
98.17
92.52
92.52
92.33
92.33
87.02
87.02
86.93
86.93
86.88
86.88
88.11
88.11
87.51
87.51
106.61
106.61
113.23
113.23
108.84
108.84
111.3
111.3
164.22
164.22
171.35
171.35
195.28
195.28
195.14
195.14
169.5
169.5
163.81
163.81
166.27
166.27
165.28
165.28
146.08
146.08
136.13
136.13
138.64
138.64
135.72
135.72
0.0
0.0
0.0
0.0
0.0
0.0
0.0
0.0
0.0
0.0
0.0
0.0
83.73
83.73
81.84
81.84
73.89
73.89
73.1
73.1
73.0
73.0
72.05
72.05
74.26
74.26
74.87
74.87
80.28
80.28
95.04
95.04
89.26
89.26
110.81
110.81
90.1
90.1
107.52
107.52
103.65
103.65
94.11
94.11
84.78
84.78
83.78
83.78
92.92
92.92
91.02
91.02
93.2
93.2
99.42
99.42
98.56
98.56
97.06
97.06
101.19
101.19
98.1
98.1
101.88
101.88
102.15
102.15
109.35
109.35
114.38
114.38
141.38
141.38
139.31
139.31
132.09
132.09
142.06
142.06
128.86
128.86
126.34
126.34
117.42
117.42
119.1
119.1
108.66
108.66
94.48
94.48
89.55
89.55
80.89
80.89
82.6
82.6
72.02
72.02
76.83
76.83
68.09
68.09
67.46
67.46
70.77
70.77
77.14
77.14
73.63
73.63
75.43
75.43
78.5
78.5
72.47
72.47
73.51
73.51
69.63
69.63
72.29
72.29
72.15
72.15
91.6
91.6
78.3
78.3
105.61
105.61
104.57
104.57
110.23
110.23
106.61
106.61
106.82
106.82
101.83
101.83
92.65
92.65
96.44
96.44
98.35
98.35
104.45
104.45
93.54
93.54
92.51
92.51
86.76
86.76
81.04
81.04
79.61
79.61
77.04
77.04
77.56
77.56
78.25
78.25
79.65
79.65
91.3
91.3
92.4
92.4
107.23
107.23
109.32
109.32
116.73
116.73
114.72
114.72
111.08
111.08
111.29
111.29
106.73
106.73
90.56
90.56
87.12
87.12
87.77
87.77
65.85
65.85
93.43
93.43
86.33
86.33
83.91
83.91
82.13
82.13
78.76
78.76
77.47
77.47
77.86
77.86
81.24
81.24
78.91
78.91
75.86
75.86
74.46
74.46
75.58
75.58
76.15
76.15
78.16
78.16
95.28
95.28
77.72
77.72
87.35
87.35
78.66
78.66
83.62
83.62
77.01
77.01
76.28
76.28
75.33
75.33
73.84
73.84
71.8
71.8
71.24
71.24
70.63
70.63
70.19
70.19
72.91
72.91
75.03
75.03
74.5
74.5
71.26
71.26
76.57
76.57
75.26
75.26
76.02
76.02
72.89
72.89
81.17
81.17
84.14
84.14
94.52
94.52
93.45
93.45
89.01
89.01
88.9
88.9
98.73
98.73
99.16
99.16
94.08
94.08
91.67
91.67
93.91
93.91
90.8
90.8
84.13
84.13
76.46
76.46
72.15
72.15
80.31
80.31
72.04
72.04
69.65
69.65
70.4
70.4
71.2
71.2
69.37
69.37
67.68
67.68
68.5
68.5
67.09
67.09
67.12
67.12
67.5
67.5
66.34
66.34
67.98
67.98
62.48
62.48
63.57
63.57
61.26
61.26
63.32
63.32
60.34
60.34
63.41
63.41
67.02
67.02
69.42
69.42
67.96
67.96
66.7
66.7
65.96
65.96
74.4
74.4
81.62
81.62
77.53
77.53
75.89
75.89
73.42
73.42
67.45
67.45
68.23
68.23
69.35
69.35
68.73
68.73
70.56
70.56
68.08
68.08
72.43
72.43
79.88
79.88
91.11
91.11
90.49
90.49
91.6
91.6
85.94
85.94
90.95
90.95
80.43
80.43
80.57
80.57
75.98
75.98
73.6
73.6
73.93
73.93
73.39
73.39
70.13
70.13
67.94
67.94
64.83
64.83
64.93
64.93
61.64
61.64
70.35
70.35
71.52
71.52
74.54
74.54
72.32
72.32
82.27
82.27
95.64
95.64
102.08
102.08
90.47
90.47
92.34
92.34
105.32
105.32
108.43
108.43
112.44
112.44
94.33
94.33
95.47
95.47
100.48
100.48
104.21
104.21
105.09
105.09
103.06
103.06
99.66
99.66
100.36
100.36
93.12
93.12
86.58
86.58
88.46
88.46
85.86
85.86
81.86
81.86
87.48
87.48
86.07
86.07
83.5
83.5
117.03
117.03
121.53
121.53
122.03
122.03
121.55
121.55
112.43
112.43
116.45
116.45
113.54
113.54
113.82
113.82
117.66
117.66
92.68
92.68
92.55
92.55
79.14
79.14
80.72
80.72
76.29
76.29
77.94
77.94
77.1
77.1
75.94
75.94
76.3
76.3
76.61
76.61
74.84
74.84
78.24
78.24
81.19
81.19
82.04
82.04
75.57
75.57
95.54
95.54
89.56
89.56
98.62
98.62
106.8
106.8
113.52
113.52
117.54
117.54
111.82
111.82
120.2
120.2
109.28
109.28
110.48
110.48
101.83
101.83
92.84
92.84
94.05
94.05
88.03
88.03
85.45
85.45
80.96
80.96
78.4
78.4
74.99
74.99
80.61
80.61
80.5
80.5
70.09
70.09
63.14
63.14
68.32
68.32
73.31
73.31
86.0
86.0
83.01
83.01
87.16
87.16
88.2
88.2
88.43
88.43
87.04
87.04
90.24
90.24
89.98
89.98
90.61
90.61
84.48
84.48
83.25
83.25
82.63
82.63
75.33
75.33
94.79
94.79
76.38
76.38
67.52
67.52
74.2
74.2
75.0
75.0
76.93
76.93
75.18
75.18
70.35
70.35
69.85
69.85
71.75
71.75
68.83
68.83
69.97
69.97
76.7
76.7
90.71
90.71
89.93
89.93
91.62
91.62
98.96
98.96
73.22
73.22
81.29
81.29
100.16
100.16
96.82
96.82
76.31
76.31
76.71
76.71
72.55
72.55
72.4
72.4
71.11
71.11
72.27
72.27
75.8
75.8
81.96
81.96
79.71
79.71
83.02
83.02
85.97
85.97
87.4
87.4
82.88
82.88
80.19
80.19
83.77
83.77
95.38
95.38
102.84
102.84
101.62
101.62
112.55
112.55
104.12
104.12
100.45
100.45
102.46
102.46
104.85
104.85
86.5
86.5
88.91
88.91
94.13
94.13
104.92
104.92
92.05
92.05
98.47
98.47
83.69
83.69
82.35
82.35
82.9
82.9
87.47
87.47
87.79
87.79
86.58
86.58
83.63
83.63
82.72
82.72
81.16
81.16
91.64
91.64
84.89
84.89
93.41
93.41
104.58
104.58
80.81
80.81
109.03
109.03
77.84
77.84
94.98
94.98
76.19
76.19
74.15
74.15
76.31
76.31
72.53
72.53
67.59
67.59
68.42
68.42
69.99
69.99
74.26
74.26
72.57
72.57
73.64
73.64
74.08
74.08
75.14
75.14
81.47
81.47
82.12
82.12
93.85
93.85
100.29
100.29
112.3
112.3
111.47
111.47
111.35
111.35
110.92
110.92
111.53
111.53
109.24
109.24
104.34
104.34
103.69
103.69
101.07
101.07
94.57
94.57
98.89
98.89
90.42
90.42
84.4
84.4
78.32
78.32
81.52
81.52
85.56
85.56
95.68
95.68
89.14
89.14
85.64
85.64
80.49
80.49
88.29
88.29
92.13
92.13
91.12
91.12
89.86
89.86
103.43
103.43
103.34
103.34
102.54
102.54
104.95
104.95
105.2
105.2
109.26
109.26
98.55
98.55
108.06
108.06
99.06
99.06
93.95
93.95
92.73
92.73
85.66
85.66
101.5
101.5
99.48
99.48
85.24
85.24
83.15
83.15
93.6
93.6
86.14
86.14
79.18
79.18
76.71
76.71
77.18
77.18
75.45
75.45
77.45
77.45
81.91
81.91
92.42
92.42
101.74
101.74
104.31
104.31
104.83
104.83
112.04
112.04
112.36
112.36
111.13
111.13
108.28
108.28
105.36
105.36
95.53
95.53
92.51
92.51
87.56
87.56
81.59
81.59
85.73
85.73
84.24
84.24
77.78
77.78
73.17
73.17
73.07
73.07
75.3
75.3
76.33
76.33
73.94
73.94
72.15
72.15
80.8
80.8
80.33
80.33
88.39
88.39
97.29
97.29
90.05
90.05
101.57
101.57
90.74
90.74
111.25
111.25
93.17
93.17
105.2
105.2
102.1
102.1
99.17
99.17
85.05
85.05
80.02
80.02
77.61
77.61
71.96
71.96
71.81
71.81
65.06
65.06
65.43
65.43
62.28
62.28
57.61
57.61
51.81
51.81
74.71
74.71
68.8
68.8
73.71
73.71
79.72
79.72
90.26
90.26
98.98
98.98
104.83
104.83
106.58
106.58
104.48
104.48
105.77
105.77
104.01
104.01
98.03
98.03
110.01
110.01
91.26
91.26
86.14
86.14
91.98
91.98
67.83
67.83
81.34
81.34
86.44
86.44
81.08
81.08
77.35
77.35
88.6
88.6
75.32
75.32
69.82
69.82
71.65
71.65
67.73
67.73
68.03
68.03
67.89
67.89
66.58
66.58
66.53
66.53
68.7
68.7
70.82
70.82
60.8
60.8
65.91
65.91
68.6
68.6
83.73
83.73
87.16
87.16
86.75
86.75
85.55
85.55
66.82
66.82
62.39
62.39
69.58
69.58
80.06
80.06
58.79
58.79
53.97
53.97
49.05
49.05
40.0
40.0
39.69
39.69
58.59
58.59
54.48
54.48
59.56
59.56
51.69
51.69
81.65
81.65
87.65
87.65
86.49
86.49
102.84
102.84
107.91
107.91
110.7
110.7
101.13
101.13
95.31
95.31
96.76
96.76
87.27
87.27
91.91
91.91
88.8
88.8
87.28
87.28
74.85
74.85
77.64
77.64
73.26
73.26
78.51
78.51
77.59
77.59
73.07
73.07
73.08
73.08
74.88
74.88
70.97
70.97
69.03
69.03
68.37
68.37
75.59
75.59
69.06
69.06
73.15
73.15
96.62
96.62
86.75
86.75
100.26
100.26
81.74
81.74
81.95
81.95
76.46
76.46
73.5
73.5
69.21
69.21
70.57
70.57
71.69
71.69
69.88
69.88
70.29
70.29
68.68
68.68
68.64
68.64
66.98
66.98
68.44
68.44
68.09
68.09
73.63
73.63
71.94
71.94
71.63
71.63
74.08
74.08
88.57
88.57
104.21
104.21
110.29
110.29
112.15
112.15
112.81
112.81
115.52
115.52
112.65
112.65
108.88
108.88
98.47
98.47
83.79
83.79
86.93
86.93
81.42
81.42
83.86
83.86
70.6
70.6
68.31
68.31
66.08
66.08
64.37
64.37
66.58
66.58
63.32
63.32
66.19
66.19
64.13
64.13
65.53
65.53
76.16
76.16
73.22
73.22
67.77
67.77
71.39
71.39
92.15
92.15
104.51
104.51
89.12
89.12
103.59
103.59
82.84
82.84
78.35
78.35
87.48
87.48
70.54
70.54
67.12
67.12
64.69
64.69
66.07
66.07
65.61
65.61
67.33
67.33
63.37
63.37
62.89
62.89
58.13
58.13
63.28
63.28
72.68
72.68
85.2
85.2
81.68
81.68
78.65
78.65
78.73
78.73
94.08
94.08
99.31
99.31
110.77
110.77
111.22
111.22
113.77
113.77
114.29
114.29
106.82
106.82
102.93
102.93
97.04
97.04
89.94
89.94
91.26
91.26
82.74
82.74
80.71
80.71
83.75
83.75
87.62
87.62
81.95
81.95
72.91
72.91
73.77
73.77
75.43
75.43
77.22
77.22
74.06
74.06
73.9
73.9
71.15
71.15
71.58
71.58
73.06
73.06
78.41
78.41
92.19
92.19
109.47
109.47
91.83
91.83
109.44
109.44
89.6
89.6
91.26
91.26
80.67
80.67
75.32
75.32
77.12
77.12
74.99
74.99
67.47
67.47
66.86
66.86
67.92
67.92
67.69
67.69
67.65
67.65
67.45
67.45
71.82
71.82
69.7
69.7
77.96
77.96
83.32
83.32
89.58
89.58
103.56
103.56
132.8
132.8
136.68
136.68
157.69
157.69
164.43
164.43
132.51
132.51
126.85
126.85
118.43
118.43
112.52
112.52
107.05
107.05
87.81
87.81
91.15
91.15
88.53
88.53
76.99
76.99
70.29
70.29
69.68
69.68
70.55
70.55
78.46
78.46
75.16
75.16
73.15
73.15
76.58
76.58
75.16
75.16
79.23
79.23
78.21
78.21
74.39
74.39
82.52
82.52
91.14
91.14
92.21
92.21
101.88
101.88
79.35
79.35
95.36
95.36
84.15
84.15
82.52
82.52
82.19
82.19
74.23
74.23
80.47
80.47
74.26
74.26
66.06
66.06
72.12
72.12
71.3
71.3
68.36
68.36
69.42
69.42
68.98
68.98
69.33
69.33
68.98
68.98
78.35
78.35
76.38
76.38
84.02
84.02
95.4
95.4
105.41
105.41
102.69
102.69
114.81
114.81
110.82
110.82
104.75
104.75
104.41
104.41
103.84
103.84
97.54
97.54
102.83
102.83
83.37
83.37
81.5
81.5
86.16
86.16
92.22
92.22
85.45
85.45
77.08
77.08
75.3
75.3
75.68
75.68
71.92
71.92
75.26
75.26
77.09
77.09
74.1
74.1
76.75
76.75
84.36
84.36
81.29
81.29
97.04
97.04
99.47
99.47
102.62
102.62
112.8
112.8
91.89
91.89
112.75
112.75
105.57
105.57
109.12
109.12
111.94
111.94
99.68
99.68
107.1
107.1
91.51
91.51
83.16
83.16
77.18
77.18
71.04
71.04
73.43
73.43
76.11
76.11
74.1
74.1
75.24
75.24
75.33
75.33
99.85
99.85
102.68
102.68
90.14
90.14
110.54
110.54
162.37
162.37
166.88
166.88
183.65
183.65
184.99
184.99
175.26
175.26
175.17
175.17
145.91
145.91
138.04
138.04
116.05
116.05
107.96
107.96
110.52
110.52
101.75
101.75
94.25
94.25
84.56
84.56
96.72
96.72
105.72
105.72
91.41
91.41
96.21
96.21
95.98
95.98
87.01
87.01
83.79
83.79
81.46
81.46
86.55
86.55
85.28
85.28
91.47
91.47
92.0
92.0
94.27
94.27
107.18
107.18
97.14
97.14
108.63
108.63
88.64
88.64
100.51
100.51
86.36
86.36
80.29
80.29
80.27
80.27
78.07
78.07
73.16
73.16
72.43
72.43
73.97
73.97
71.81
71.81
74.6
74.6
71.85
71.85
70.93
70.93
68.84
68.84
79.98
79.98
86.29
86.29
97.31
97.31
82.59
82.59
112.31
112.31
108.71
108.71
125.01
125.01
126.84
126.84
119.88
119.88
123.31
123.31
114.34
114.34
112.27
112.27
113.77
113.77
100.32
100.32
97.21
97.21
90.03
90.03
83.56
83.56
94.76
94.76
85.89
85.89
83.17
83.17
98.15
98.15
96.73
96.73
82.36
82.36
80.52
80.52
80.28
80.28
78.8
78.8
77.13
77.13
76.46
76.46
83.9
83.9
80.59
80.59
76.02
76.02
83.33
83.33
72.84
72.84
75.88
75.88
76.13
76.13
88.03
88.03
77.25
77.25
82.69
82.69
92.33
92.33
99.56
99.56
100.42
100.42
108.47
108.47
112.41
112.41
111.24
111.24
105.71
105.71
100.1
100.1
94.54
94.54
89.76
89.76
87.14
87.14
90.62
90.62
99.55
99.55
79.86
79.86
104.86
104.86
108.68
108.68
112.39
112.39
115.03
115.03
116.31
116.31
111.28
111.28
114.48
114.48
111.19
111.19
118.3
118.3
113.96
113.96
101.69
101.69
99.86
99.86
93.19
93.19
98.76
98.76
95.6
95.6
93.8
93.8
87.64
87.64
84.79
84.79
75.12
75.12
76.9
76.9
70.9
70.9
69.66
69.66
73.2
73.2
68.3
68.3
65.3
65.3
69.69
69.69
67.05
67.05
75.15
75.15
77.51
77.51
96.95
96.95
81.25
81.25
83.15
83.15
72.79
72.79
73.17
73.17
83.42
83.42
84.11
84.11
73.65
73.65
76.68
76.68
77.95
77.95
80.8
80.8
82.9
82.9
81.46
81.46
85.69
85.69
83.93
83.93
105.08
105.08
99.51
99.51
111.99
111.99
127.65
127.65
139.18
139.18
147.87
147.87
155.71
155.71
151.06
151.06
132.12
132.12
131.99
131.99
122.82
122.82
118.08
118.08
111.62
111.62
97.52
97.52
100.3
100.3
85.88
85.88
91.57
91.57
70.99
70.99
78.58
78.58
75.75
75.75
74.3
74.3
73.11
73.11
69.32
69.32
72.62
72.62
68.7
68.7
70.85
70.85
69.17
69.17
71.82
71.82
89.53
89.53
93.58
93.58
118.54
118.54
120.3
120.3
126.97
126.97
135.99
135.99
117.54
117.54
120.02
120.02
107.57
107.57
105.95
105.95
101.54
101.54
97.37
97.37
98.99
98.99
96.27
96.27
87.76
87.76
83.14
83.14
86.33
86.33
81.16
81.16
92.76
92.76
82.48
82.48
86.96
86.96
84.79
84.79
86.8
86.8
82.11
82.11
92.98
92.98
98.74
98.74
105.88
105.88
102.25
102.25
107.61
107.61
102.77
102.77
101.42
101.42
92.36
92.36
91.63
91.63
83.21
83.21
83.28
83.28
86.76
86.76
87.4
87.4
99.77
99.77
90.86
90.86
80.4
80.4
74.79
74.79
71.8
71.8
69.98
69.98
68.55
68.55
64.39
64.39
73.0
73.0
78.55
78.55
75.33
75.33
91.35
91.35
84.55
84.55
84.79
84.79
101.89
101.89
95.12
95.12
109.13
109.13
85.82
85.82
86.52
86.52
79.15
79.15
76.03
76.03
82.97
82.97
75.8
75.8
63.81
63.81
66.74
66.74
76.02
76.02
88.63
88.63
88.13
88.13
85.94
85.94
90.76
90.76
84.06
84.06
90.05
90.05
86.49
86.49
80.81
80.81
79.22
79.22
100.56
100.56
99.2
99.2
98.84
98.84
94.49
94.49
102.29
102.29
100.04
100.04
102.81
102.81
94.41
94.41
86.72
86.72
88.57
88.57
87.21
87.21
87.03
87.03
83.56
83.56
76.36
76.36
71.98
71.98
67.48
67.48
79.84
79.84
72.32
72.32
69.36
69.36
68.39
68.39
66.14
66.14
65.59
65.59
67.88
67.88
69.23
69.23
82.42
82.42
78.7
78.7
93.92
93.92
98.96
98.96
109.1
109.1
118.07
118.07
108.11
108.11
110.04
110.04
95.7
95.7
91.04
91.04
84.11
84.11
82.74
82.74
76.53
76.53
72.34
72.34
72.32
72.32
71.86
71.86
76.49
76.49
74.67
74.67
75.33
75.33
78.35
78.35
91.55
91.55
87.81
87.81
91.74
91.74
96.31
96.31
107.91
107.91
115.93
115.93
119.28
119.28
117.58
117.58
120.4
120.4
124.22
124.22
120.01
120.01
117.36
117.36
113.18
113.18
106.27
106.27
94.39
94.39
89.83
89.83
92.36
92.36
94.28
94.28
87.58
87.58
81.77
81.77
88.11
88.11
87.15
87.15
84.84
84.84
80.25
80.25
75.16
75.16
73.62
73.62
84.04
84.04
77.46
77.46
87.8
87.8
88.39
88.39
102.87
102.87
117.7
117.7
107.3
107.3
119.38
119.38
107.45
107.45
106.83
106.83
100.13
100.13
87.6
87.6
91.91
91.91
93.24
93.24
72.14
72.14
70.73
70.73
72.99
72.99
71.66
71.66
71.16
71.16
69.66
69.66
70.66
70.66
68.48
68.48
91.43
91.43
85.48
85.48
87.95
87.95
96.46
96.46
105.84
105.84
106.89
106.89
103.25
103.25
100.84
100.84
99.06
99.06
97.86
97.86
92.02
92.02
80.44
80.44
93.19
93.19
96.01
96.01
83.69
83.69
81.17
81.17
71.79
71.79
79.47
79.47
80.05
80.05
75.72
75.72
78.13
78.13
74.38
74.38
75.7
75.7
72.67
72.67
71.95
71.95
66.7
66.7
64.31
64.31
61.33
61.33
63.62
63.62
65.49
65.49
68.75
68.75
86.84
86.84
84.23
84.23
102.53
102.53
74.44
74.44
88.9
88.9
76.73
76.73
79.61
79.61
84.7
84.7
80.36
80.36
74.82
74.82
79.63
79.63
85.99
85.99
84.99
84.99
85.21
85.21
93.51
93.51
94.89
94.89
82.14
82.14
99.5
99.5
92.8
92.8
104.27
104.27
105.34
105.34
115.96
115.96
116.55
116.55
120.33
120.33
118.25
118.25
112.78
112.78
109.33
109.33
102.31
102.31
87.87
87.87
96.59
96.59
89.45
89.45
91.85
91.85
88.99
88.99
79.54
79.54
86.2
86.2
79.7
79.7
79.72
79.72
83.89
83.89
81.34
81.34
73.09
73.09
61.82
61.82
56.31
56.31
54.76
54.76
59.04
59.04
54.03
54.03
61.18
61.18
61.64
61.64
61.4
61.4
61.74
61.74
62.32
62.32
70.39
70.39
59.44
59.44
64.36
64.36
69.69
69.69
86.42
86.42
77.53
77.53
75.07
75.07
93.74
93.74
101.47
101.47
99.38
99.38
101.78
101.78
107.68
107.68
109.45
109.45
110.51
110.51
110.02
110.02
118.91
118.91
117.75
117.75
123.85
123.85
127.25
127.25
133.09
133.09
135.59
135.59
133.37
133.37
130.53
130.53
119.4
119.4
118.07
118.07
116.02
116.02
105.21
105.21
100.02
100.02
102.58
102.58
98.07
98.07
91.64
91.64
80.82
80.82
79.18
79.18
77.56
77.56
73.48
73.48
81.39
81.39
90.85
90.85
90.62
90.62
89.18
89.18
71.47
71.47
69.85
69.85
83.54
83.54
79.48
79.48
101.37
101.37
97.46
97.46
109.61
109.61
112.2
112.2
115.73
115.73
123.32
123.32
114.47
114.47
104.68
104.68
92.34
92.34
86.56
86.56
84.0
84.0
91.3
91.3
78.04
78.04
79.33
79.33
76.24
76.24
75.34
75.34
60.41
60.41
46.92
46.92
42.12
42.12
33.52
33.52
37.39
37.39
39.47
39.47
49.55
49.55
65.74
65.74
77.63
77.63
85.56
85.56
95.21
95.21
96.86
96.86
85.12
85.12
88.23
88.23
89.75
89.75
87.7
87.7
84.83
84.83
58.84
58.84
59.5
59.5
44.81
44.81
12.56
12.56
-3.5
-3.5
17.32
17.32
6.91
6.91
30.35
30.35
32.62
32.62
15.35
15.35
9.37
9.37
9.15
9.15
8.38
8.38
16.88
16.88
36.38
36.38
60.78
60.78
79.72
79.72
86.63
86.63
97.26
97.26
86.02
86.02
102.1
102.1
85.76
85.76
91.04
91.04
94.19
94.19
94.54
94.54
99.01
99.01
101.07
101.07
97.57
97.57
95.54
95.54
97.27
97.27
95.45
95.45
92.29
92.29
86.83
86.83
86.83
86.83
88.19
88.19
76.18
76.18
68.26
68.26
77.87
77.87
83.8
83.8
86.21
86.21
85.02
85.02
96.11
96.11
95.42
95.42
87.66
87.66
89.07
89.07
89.14
89.14
82.7
82.7
55.72
55.72
32.99
32.99
50.75
50.75
15.41
15.41
-21.18
-21.18
-27.08
-27.08
10.53
10.53
23.77
23.77
15.61
15.61
5.86
5.86
6.39
6.39
-6.48
-6.48
-5.05
-5.05
-12.22
-12.22
7.33
7.33
-22.22
-22.22
-23.64
-23.64
-0.9
-0.9
40.35
40.35
93.83
93.83
80.03
80.03
113.32
113.32
57.4
57.4
89.23
89.23
100.07
100.07
95.83
95.83
96.16
96.16
93.2
93.2
89.33
89.33
93.46
93.46
95.67
95.67
94.31
94.31
84.1
84.1
56.34
56.34
51.24
51.24
49.05
49.05
56.02
56.02
74.17
74.17
81.28
81.28
79.84
79.84
103.68
103.68
108.33
108.33
104.62
104.62
107.87
107.87
111.07
111.07
113.88
113.88
102.97
102.97
95.61
95.61
93.1
93.1
96.19
96.19
86.03
86.03
81.35
81.35
56.58
56.58
44.66
44.66
31.48
31.48
27.08
27.08
22.04
22.04
21.75
21.75
11.63
11.63
8.55
8.55
3.46
3.46
-0.99
-0.99
9.25
9.25
12.49
12.49
67.3
67.3
70.59
70.59
92.46
92.46
87.0
87.0
100.05
100.05
118.84
118.84
115.46
115.46
111.24
111.24
87.66
87.66
86.43
86.43
82.91
82.91
78.05
78.05
71.91
71.91
68.74
68.74
80.33
80.33
77.08
77.08
84.62
84.62
86.71
86.71
88.38
88.38
91.02
91.02
110.25
110.25
113.51
113.51
109.15
109.15
118.71
118.71
137.26
137.26
145.23
145.23
151.22
151.22
151.6
151.6
122.15
122.15
121.73
121.73
120.01
120.01
107.93
107.93
106.35
106.35
89.68
89.68
90.14
90.14
80.62
80.62
71.67
71.67
79.58
79.58
90.99
90.99
83.54
83.54
70.28
70.28
90.27
90.27
85.61
85.61
78.72
78.72
83.15
83.15
81.86
81.86
79.62
79.62
67.24
67.24
96.91
96.91
84.5
84.5
92.63
92.63
114.83
114.83
118.53
118.53
131.63
131.63
132.45
132.45
128.76
128.76
122.71
122.71
115.51
115.51
102.77
102.77
97.07
97.07
82.36
82.36
74.4
74.4
81.81
81.81
80.94
80.94
84.07
84.07
78.76
78.76
78.54
78.54
77.32
77.32
74.75
74.75
68.74
68.74
82.88
82.88
87.91
87.91
101.25
101.25
106.92
106.92
107.81
107.81
108.85
108.85
117.81
117.81
107.84
107.84
104.55
104.55
96.77
96.77
101.3
101.3
92.45
92.45
97.52
97.52
90.33
90.33
103.38
103.38
85.59
85.59
78.04
78.04
76.66
76.66
75.35
75.35
79.75
79.75
81.46
81.46
74.48
74.48
71.0
71.0
78.3
78.3
69.12
69.12
65.8
65.8
74.11
74.11
93.25
93.25
92.64
92.64
105.21
105.21
85.15
85.15
95.95
95.95
92.33
92.33
109.58
109.58
94.55
94.55
86.92
86.92
100.72
100.72
93.47
93.47
79.51
79.51
75.28
75.28
83.06
83.06
91.85
91.85
87.83
87.83
83.85
83.85
82.29
82.29
78.53
78.53
77.29
77.29
74.5
74.5
76.18
76.18
67.39
67.39
99.72
99.72
104.41
104.41
110.11
110.11
106.87
106.87
111.61
111.61
103.2
103.2
101.75
101.75
78.38
78.38
90.42
90.42
74.24
74.24
71.22
71.22
72.55
72.55
85.7
85.7
56.45
56.45
43.89
43.89
30.59
30.59
11.99
11.99
-11.51
-11.51
5.41
5.41
-11.83
-11.83
-25.1
-25.1
-21.91
-21.91
-10.55
-10.55
-6.52
-6.52
-3.88
-3.88
1.22
1.22
4.83
4.83
7.61
7.61
-3.12
-3.12
19.79
19.79
-4.52
-4.52
25.16
25.16
-3.42
-3.42
-4.5
-4.5
-7.49
-7.49
-11.54
-11.54
-21.03
-21.03
-23.65
-23.65
-27.2
-27.2
-27.89
-27.89
-34.97
-34.97
-35.3
-35.3
-30.45
-30.45
-29.54
-29.54
-28.14
-28.14
-24.11
-24.11
-8.89
-8.89
37.6
37.6
68.66
68.66
76.58
76.58
91.1
91.1
94.28
94.28
95.33
95.33
88.51
88.51
78.16
78.16
59.64
59.64
35.89
35.89
21.48
21.48
5.14
5.14
-11.56
-11.56
-36.57
-36.57
-58.14
-58.14
-40.89
-40.89
-50.65
-50.65
-58.95
-58.95
-61.41
-61.41
-63.34
-63.34
-62.62
-62.62
-74.45
-74.45
-75.69
-75.69
-77.29
-77.29
-76.65
-76.65
-46.88
-46.88
-30.54
-30.54
-4.16
-4.16
75.84
75.84
106.76
106.76
119.9
119.9
107.53
107.53
110.21
110.21
88.09
88.09
63.86
63.86
51.74
51.74
49.0
49.0
64.24
64.24
46.56
46.56
42.33
42.33
44.44
44.44
73.43
73.43
71.29
71.29
47.58
47.58
45.12
45.12
46.17
46.17
47.87
47.87
64.93
64.93
83.96
83.96
99.32
99.32
103.18
103.18
111.29
111.29
120.06
120.06
126.7
126.7
121.77
121.77
115.68
115.68
102.43
102.43
98.63
98.63
83.19
83.19
92.27
92.27
96.67
96.67
98.84
98.84
95.19
95.19
98.59
98.59
95.19
95.19
83.61
83.61
72.39
72.39
75.01
75.01
73.58
73.58
82.73
82.73
75.58
75.58
76.36
76.36
64.79
64.79
81.12
81.12
85.52
85.52
105.38
105.38
121.31
121.31
117.69
117.69
128.48
128.48
113.43
113.43
115.48
115.48
108.33
108.33
102.72
102.72
104.83
104.83
84.67
84.67
74.75
74.75
63.07
63.07
66.44
66.44
61.75
61.75
52.39
52.39
46.41
46.41
79.96
79.96
85.49
85.49
102.79
102.79
110.22
110.22
108.03
108.03
104.21
104.21
115.28
115.28
121.73
121.73
126.04
126.04
126.82
126.82
127.71
127.71
125.78
125.78
122.87
122.87
115.49
115.49
112.8
112.8
105.6
105.6
104.33
104.33
103.41
103.41
94.3
94.3
90.57
90.57
89.32
89.32
90.31
90.31
86.46
86.46
86.46
86.46
86.46
86.46
86.46
86.46
0.0
0.0
121.43
121.43
111.88
111.88
107.59
107.59
110.56
110.56
107.45
107.45
126.81
126.81
135.86
135.86
130.61
130.61
135.56
135.56
121.59
121.59
118.9
118.9
103.45
103.45
96.47
96.47
108.66
108.66
102.55
102.55
84.84
84.84
90.94
90.94
97.27
97.27
96.17
96.17
97.72
97.72
85.57
85.57
100.56
100.56
90.38
90.38
92.65
92.65
75.8
75.8
72.37
72.37
83.52
83.52
97.86
97.86
100.62
100.62
98.26
98.26
93.99
93.99
89.97
89.97
96.35
96.35
84.55
84.55
85.34
85.34
55.3
55.3
25.96
25.96
24.02
24.02
7.63
7.63
-17.92
-17.92
-28.77
-28.77
-31.34
-31.34
-23.45
-23.45
4.83
4.83
28.36
28.36
37.0
37.0
54.45
54.45
59.08
59.08
58.56
58.56
59.01
59.01
30.28
30.28
-0.22
-0.22
75.36
75.36
94.1
94.1
103.36
103.36
91.94
91.94
106.01
106.01
86.56
86.56
97.04
97.04
93.3
93.3
96.4
96.4
97.74
97.74
96.98
96.98
93.05
93.05
98.7
98.7
98.75
98.75
97.62
97.62
100.28
100.28
100.57
100.57
103.66
103.66
102.15
102.15
121.23
121.23
121.53
121.53
124.34
124.34
133.54
133.54
141.86
141.86
137.41
137.41
125.45
125.45
132.83
132.83
133.62
133.62
131.95
131.95
113.87
113.87
102.84
102.84
108.78
108.78
105.93
105.93
88.68
88.68
97.44
97.44
69.78
69.78
88.19
88.19
82.64
82.64
92.62
92.62
94.7
94.7
97.59
97.59
101.44
101.44
99.35
99.35
99.05
99.05
82.48
82.48
89.1
89.1
87.2
87.2
95.8
95.8
96.52
96.52
106.49
106.49
105.98
105.98
95.22
95.22
100.43
100.43
76.21
76.21
65.18
65.18
75.16
75.16
51.04
51.04
49.5
49.5
46.4
46.4
65.01
65.01
72.58
72.58
62.41
62.41
55.62
55.62
54.06
54.06
49.81
49.81
48.5
48.5
46.94
46.94
38.58
38.58
65.42
65.42
80.78
80.78
73.55
73.55
78.44
78.44
92.74
92.74
92.63
92.63
101.31
101.31
92.2
92.2
86.29
86.29
86.78
86.78
81.82
81.82
75.66
75.66
64.2
64.2
83.67
83.67
81.35
81.35
83.45
83.45
61.79
61.79
66.91
66.91
81.42
81.42
79.73
79.73
82.33
82.33
80.14
80.14
81.18
81.18
75.26
75.26
84.76
84.76
90.78
90.78
87.87
87.87
87.73
87.73
75.68
75.68
90.29
90.29
100.15
100.15
106.52
106.52
108.76
108.76
96.1
96.1
100.24
100.24
90.32
90.32
91.25
91.25
88.29
88.29
85.97
85.97
83.92
83.92
88.24
88.24
95.86
95.86
89.12
89.12
85.18
85.18
78.49
78.49
83.25
83.25
84.71
84.71
95.6
95.6
93.15
93.15
109.21
109.21
114.35
114.35
117.13
117.13
115.74
115.74
120.6
120.6
121.51
121.51
118.47
118.47
112.8
112.8
107.9
107.9
92.44
92.44
97.16
97.16
100.46
100.46
103.55
103.55
99.6
99.6
82.73
82.73
86.01
86.01
97.26
97.26
93.72
93.72
83.13
83.13
80.98
80.98
75.5
75.5
75.22
75.22
54.7
54.7
38.69
38.69
48.68
48.68
72.37
72.37
84.38
84.38
84.28
84.28
82.16
82.16
84.26
84.26
70.99
70.99
90.29
90.29
69.29
69.29
78.29
78.29
60.06
60.06
61.11
61.11
55.48
55.48
56.05
56.05
66.57
66.57
64.5
64.5
71.13
71.13
77.24
77.24
86.13
86.13
85.1
85.1
86.11
86.11
77.93
77.93
69.91
69.91
53.01
53.01
90.76
90.76
95.7
95.7
104.29
104.29
109.02
109.02
113.21
113.21
117.76
117.76
120.57
120.57
121.25
121.25
121.04
121.04
109.25
109.25
110.47
110.47
100.49
100.49
102.07
102.07
99.07
99.07
90.61
90.61
85.56
85.56
83.28
83.28
72.51
72.51
68.92
68.92
81.3
81.3
82.2
82.2
78.57
78.57
73.94
73.94
68.31
68.31
81.9
81.9
74.41
74.41
88.11
88.11
88.33
88.33
97.01
97.01
108.13
108.13
109.03
109.03
122.59
122.59
99.19
99.19
111.49
111.49
98.76
98.76
91.0
91.0
88.26
88.26
79.93
79.93
76.83
76.83
74.04
74.04
70.87
70.87
75.7
75.7
77.33
77.33
80.64
80.64
86.54
86.54
79.64
79.64
97.08
97.08
94.94
94.94
107.41
107.41
109.96
109.96
130.19
130.19
130.1
130.1
151.41
151.41
153.34
153.34
130.6
130.6
111.54
111.54
101.47
101.47
89.89
89.89
74.39
74.39
74.31
74.31
71.42
71.42
78.4
78.4
75.63
75.63
59.86
59.86
36.36
36.36
32.8
32.8
13.76
13.76
7.5
7.5
5.82
5.82
-0.33
-0.33
-7.75
-7.75
-5.87
-5.87
-4.56
-4.56
-2.92
-2.92
7.72
7.72
21.29
21.29
52.74
52.74
77.34
77.34
93.96
93.96
102.87
102.87
111.11
111.11
108.82
108.82
101.79
101.79
83.95
83.95
73.05
73.05
65.32
65.32
62.62
62.62
47.72
47.72
38.19
38.19
25.35
25.35
36.2
36.2
34.14
34.14
24.03
24.03
18.38
18.38
3.67
3.67
12.89
12.89
24.71
24.71
48.43
48.43
77.41
77.41
85.92
85.92
87.59
87.59
95.85
95.85
94.13
94.13
94.84
94.84
96.86
96.86
88.31
88.31
78.85
78.85
67.15
67.15
75.0
75.0
62.9
62.9
48.78
48.78
28.75
28.75
9.69
9.69
6.02
6.02
6.24
6.24
10.08
10.08
8.93
8.93
5.24
5.24
18.45
18.45
26.65
26.65
62.28
62.28
61.31
61.31
79.79
79.79
70.74
70.74
81.51
81.51
92.29
92.29
90.69
90.69
110.15
110.15
93.77
93.77
87.35
87.35
53.04
53.04
34.76
34.76
63.65
63.65
67.88
67.88
64.17
64.17
56.38
56.38
46.42
46.42
39.13
39.13
38.66
38.66
43.03
43.03
64.69
64.69
60.36
60.36
84.37
84.37
84.67
84.67
95.35
95.35
87.29
87.29
94.2
94.2
99.94
99.94
105.47
105.47
108.47
108.47
95.58
95.58
88.03
88.03
85.84
85.84
71.81
71.81
72.13
72.13
75.84
75.84
80.12
80.12
76.63
76.63
59.37
59.37
60.95
60.95
56.02
56.02
55.14
55.14
50.2
50.2
53.13
53.13
46.41
46.41
45.11
45.11
47.25
47.25
45.0
45.0
61.08
61.08
56.25
56.25
59.86
59.86
49.65
49.65
56.65
56.65
67.95
67.95
91.91
91.91
105.36
105.36
85.17
85.17
91.08
91.08
89.81
89.81
82.79
82.79
74.73
74.73
68.62
68.62
58.1
58.1
64.75
64.75
60.49
60.49
57.05
57.05
66.07
66.07
58.53
58.53
46.01
46.01
49.57
49.57
65.57
65.57
65.53
65.53
62.78
62.78
63.53
63.53
59.52
59.52
61.78
61.78
58.68
58.68
64.81
64.81
60.85
60.85
56.41
56.41
62.43
62.43
63.09
63.09
61.17
61.17
60.98
60.98
59.86
59.86
48.03
48.03
42.74
42.74
1.08
1.08
-15.59
-15.59
-26.36
-26.36
-42.78
-42.78
-47.34
-47.34
-49.65
-49.65
-54.81
-54.81
-69.58
-69.58
-72.97
-72.97
-71.33
-71.33
-73.24
-73.24
-65.02
-65.02
-59.24
-59.24
2.65
2.65
53.19
53.19
59.39
59.39
79.38
79.38
58.36
58.36
61.5
61.5
32.19
32.19
43.45
43.45
43.42
43.42
35.83
35.83
22.65
22.65
19.58
19.58
6.77
6.77
-0.08
-0.08
11.87
11.87
15.04
15.04
29.56
29.56
39.8
39.8
59.55
59.55
53.27
53.27
83.57
83.57
80.81
80.81
85.1
85.1
94.51
94.51
98.23
98.23
101.71
101.71
91.43
91.43
89.82
89.82
81.17
81.17
70.51
70.51
81.05
81.05
73.65
73.65
75.17
75.17
62.99
62.99
48.26
48.26
40.21
40.21
40.94
40.94
33.44
33.44
14.4
14.4
14.48
14.48
25.33
25.33
24.36
24.36
21.1
21.1
19.33
19.33
27.99
27.99
34.07
34.07
50.76
50.76
56.58
56.58
51.21
51.21
60.09
60.09
47.29
47.29
72.59
72.59
37.36
37.36
68.84
68.84
40.53
40.53
16.08
16.08
9.62
9.62
6.65
6.65
2.26
2.26
0.3
0.3
-0.66
-0.66
4.47
4.47
13.14
13.14
7.9
7.9
11.8
11.8
10.89
10.89
57.79
57.79
61.91
61.91
64.44
64.44
47.91
47.91
80.78
80.78
95.73
95.73
94.74
94.74
101.71
101.71
99.34
99.34
103.78
103.78
96.1
96.1
93.43
93.43
95.55
95.55
87.59
87.59
79.32
79.32
90.45
90.45
94.07
94.07
94.58
94.58
83.78
83.78
74.48
74.48
70.58
70.58
73.95
73.95
75.91
75.91
78.52
78.52
85.62
85.62
92.82
92.82
94.85
94.85
94.57
94.57
100.4
100.4
89.19
89.19
103.42
103.42
75.03
75.03
64.59
64.59
99.97
99.97
82.38
82.38
101.18
101.18
56.52
56.52
81.49
81.49
84.85
84.85
88.41
88.41
85.09
85.09
75.14
75.14
82.03
82.03
76.94
76.94
76.48
76.48
78.47
78.47
83.22
83.22
75.31
75.31
82.74
82.74
86.16
86.16
96.65
96.65
92.26
92.26
116.37
116.37
120.1
120.1
124.93
124.93
124.22
124.22
113.48
113.48
109.98
109.98
113.66
113.66
92.37
92.37
97.55
97.55
90.14
90.14
83.79
83.79
83.74
83.74
94.22
94.22
93.05
93.05
91.13
91.13
93.86
93.86
77.94
77.94
86.28
86.28
77.61
77.61
77.52
77.52
73.01
73.01
72.67
72.67
82.69
82.69
80.88
80.88
96.0
96.0
84.05
84.05
93.14
93.14
85.35
85.35
78.63
78.63
101.23
101.23
81.74
81.74
89.77
89.77
84.46
84.46
79.62
79.62
77.47
77.47
78.75
78.75
79.18
79.18
80.71
80.71
88.44
88.44
85.46
85.46
78.71
78.71
76.76
76.76
78.01
78.01
78.27
78.27
98.4
98.4
113.54
113.54
107.69
107.69
117.45
117.45
141.97
141.97
146.27
146.27
161.28
161.28
163.76
163.76
139.64
139.64
127.5
127.5
116.99
116.99
98.85
98.85
100.4
100.4
86.22
86.22
95.82
95.82
92.27
92.27
89.82
89.82
88.79
88.79
90.1
90.1
89.55
89.55
93.6
93.6
88.68
88.68
85.05
85.05
75.81
75.81
79.15
79.15
77.82
77.82
86.52
86.52
87.2
87.2
95.52
95.52
89.37
89.37
97.85
97.85
102.72
102.72
116.48
116.48
126.61
126.61
117.39
117.39
114.47
114.47
113.59
113.59
109.2
109.2
95.97
95.97
90.16
90.16
93.39
93.39
95.14
95.14
88.77
88.77
82.4
82.4
74.46
74.46
68.57
68.57
92.95
92.95
82.48
82.48
92.03
92.03
85.13
85.13
76.29
76.29
84.68
84.68
103.44
103.44
101.05
101.05
98.45
98.45
100.68
100.68
101.38
101.38
100.81
100.81
91.56
91.56
84.58
84.58
85.7
85.7
69.74
69.74
71.31
71.31
71.84
71.84
72.77
72.77
54.83
54.83
47.87
47.87
20.01
20.01
-5.04
-5.04
-4.99
-4.99
8.19
8.19
-8.42
-8.42
7.5
7.5
-10.62
-10.62
-11.42
-11.42
-4.87
-4.87
19.19
19.19
69.08
69.08
70.89
70.89
77.64
77.64
59.9
59.9
101.62
101.62
102.95
102.95
113.49
113.49
107.71
107.71
107.13
107.13
98.56
98.56
100.74
100.74
105.42
105.42
111.26
111.26
112.77
112.77
114.76
114.76
117.5
117.5
118.06
118.06
118.9
118.9
121.94
121.94
121.77
121.77
121.44
121.44
126.83
126.83
131.0
131.0
138.85
138.85
142.32
142.32
142.72
142.72
143.94
143.94
123.66
123.66
117.31
117.31
121.59
121.59
117.6
117.6
124.05
124.05
125.33
125.33
121.92
121.92
108.42
108.42
87.33
87.33
82.81
82.81
74.16
74.16
98.85
98.85
92.86
92.86
94.45
94.45
100.17
100.17
98.81
98.81
105.43
105.43
104.24
104.24
132.18
132.18
105.52
105.52
118.72
118.72
94.8
94.8
107.15
107.15
122.64
122.64
111.52
111.52
137.45
137.45
126.15
126.15
125.29
125.29
120.78
120.78
110.45
110.45
107.35
107.35
97.62
97.62
100.43
100.43
100.43
100.43
91.13
91.13
85.37
85.37
93.04
93.04
83.39
83.39
95.24
95.24
89.09
89.09
107.77
107.77
109.02
109.02
119.35
119.35
122.07
122.07
138.58
138.58
128.89
128.89
159.08
159.08
160.95
160.95
129.58
129.58
122.78
122.78
120.31
120.31
119.32
119.32
121.61
121.61
117.72
117.72
117.55
117.55
114.22
114.22
86.2
86.2
104.08
104.08
98.28
98.28
96.51
96.51
95.77
95.77
97.98
97.98
100.42
100.42
97.92
97.92
102.57
102.57
90.43
90.43
103.78
103.78
104.08
104.08
112.27
112.27
106.74
106.74
102.47
102.47
133.49
133.49
117.78
117.78
132.12
132.12
139.17
139.17
124.24
124.24
128.62
128.62
131.86
131.86
128.65
128.65
121.33
121.33
104.69
104.69
75.46
75.46
69.97
69.97
65.45
65.45
44.37
44.37
41.17
41.17
42.21
42.21
45.03
45.03
67.83
67.83
69.8
69.8
66.85
66.85
79.94
79.94
72.38
72.38
62.97
62.97
97.94
97.94
108.5
108.5
80.93
80.93
54.82
54.82
62.14
62.14
37.8
37.8
26.2
26.2
4.94
4.94
25.78
25.78
9.24
9.24
14.47
14.47
-7.11
-7.11
13.58
13.58
6.58
6.58
1.44
1.44
0.36
0.36
2.02
2.02
-2.46
-2.46
-5.97
-5.97
-3.09
-3.09
-3.46
-3.46
-4.53
-4.53
-4.63
-4.63
-1.69
-1.69
-17.58
-17.58
-2.21
-2.21
3.9
3.9
10.82
10.82
-4.46
-4.46
14.88
14.88
39.94
39.94
24.84
24.84
29.82
29.82
8.32
8.32
35.17
35.17
37.93
37.93
10.28
10.28
8.18
8.18
-0.23
-0.23
0.13
0.13
33.86
33.86
27.31
27.31
56.83
56.83
81.95
81.95
70.8
70.8
85.7
85.7
77.83
77.83
122.7
122.7
132.22
132.22
139.5
139.5
144.08
144.08
111.23
111.23
99.4
99.4
65.76
65.76
54.38
54.38
49.26
49.26
98.18
98.18
81.65
81.65
37.07
37.07
18.77
18.77
12.12
12.12
5.28
5.28
5.96
5.96
6.33
6.33
6.65
6.65
3.4
3.4
2.88
2.88
3.13
3.13
3.48
3.48
4.11
4.11
-0.53
-0.53
5.05
5.05
11.73
11.73
21.36
21.36
23.09
23.09
34.64
34.64
34.76
34.76
102.81
102.81
117.14
117.14
104.09
104.09
84.1
84.1
73.56
73.56
46.29
46.29
36.8
36.8
36.07
36.07
33.4
33.4
27.03
27.03
37.77
37.77
50.45
50.45
65.87
65.87
85.85
85.85
115.32
115.32
118.1
118.1
120.6
120.6
140.4
140.4
159.51
159.51
168.12
168.12
181.78
181.78
207.22
207.22
202.61
202.61
188.47
188.47
158.69
158.69
141.08
141.08
127.97
127.97
131.99
131.99
99.17
99.17
110.82
110.82
102.93
102.93
109.54
109.54
118.04
118.04
100.74
100.74
111.58
111.58
117.35
117.35
111.1
111.1
107.54
107.54
106.54
106.54
109.28
109.28
78.59
78.59
94.91
94.91
91.67
91.67
107.82
107.82
124.36
124.36
134.14
134.14
161.46
161.46
142.6
142.6
146.85
146.85
153.94
153.94
149.24
149.24
145.06
145.06
128.7
128.7
102.56
102.56
116.24
116.24
114.46
114.46
111.18
111.18
105.79
105.79
104.74
104.74
108.33
108.33
110.51
110.51
139.51
139.51
138.14
138.14
137.05
137.05
152.73
152.73
161.74
161.74
179.94
179.94
185.29
185.29
162.69
162.69
132.39
132.39
114.63
114.63
119.71
119.71
98.65
98.65
112.37
112.37
90.83
90.83
94.22
94.22
91.95
91.95
85.7
85.7
107.88
107.88
120.6
120.6
98.19
98.19
93.76
93.76
100.43
100.43
97.67
97.67
92.94
92.94
97.34
97.34
91.83
91.83
90.84
90.84
86.69
86.69
99.05
99.05
79.06
79.06
90.58
90.58
112.56
112.56
126.77
126.77
146.48
146.48
122.53
122.53
116.85
116.85
104.16
104.16
100.84
100.84
109.37
109.37
98.73
98.73
75.75
75.75
73.89
73.89
65.52
65.52
54.47
54.47
45.44
45.44
38.53
38.53
34.74
34.74
35.58
35.58
50.41
50.41
59.89
59.89
70.51
70.51
88.51
88.51
92.63
92.63
101.06
101.06
114.15
114.15
115.94
115.94
103.07
103.07
99.2
99.2
94.82
94.82
90.78
90.78
84.69
84.69
68.79
68.79
74.23
74.23
48.69
48.69
55.53
55.53
48.54
48.54
51.23
51.23
43.19
43.19
40.29
40.29
37.93
37.93
50.16
50.16
34.58
34.58
27.45
27.45
23.69
23.69
8.38
8.38
31.73
31.73
53.62
53.62
81.74
81.74
51.25
51.25
94.42
94.42
84.06
84.06
123.45
123.45
104.67
104.67
110.21
110.21
96.03
96.03
82.31
82.31
102.07
102.07
91.02
91.02
76.01
76.01
73.18
73.18
53.68
53.68
54.62
54.62
70.01
70.01
69.22
69.22
78.57
78.57
86.63
86.63
86.25
86.25
103.52
103.52
106.66
106.66
118.18
118.18
111.27
111.27
123.59
123.59
121.17
121.17
125.07
125.07
120.7
120.7
113.45
113.45
107.87
107.87
73.04
73.04
107.28
107.28
52.17
52.17
84.55
84.55
49.16
49.16
78.85
78.85
36.34
36.34
40.17
40.17
21.4
21.4
2.45
2.45
29.97
29.97
24.78
24.78
10.46
10.46
24.21
24.21
31.79
31.79
33.86
33.86
45.49
45.49
79.88
79.88
84.27
84.27
72.01
72.01
95.81
95.81
94.32
94.32
104.57
104.57
106.84
106.84
118.1
118.1
98.33
98.33
94.72
94.72
108.38
108.38
109.15
109.15
93.95
93.95
88.2
88.2
104.54
104.54
104.69
104.69
105.07
105.07
104.67
104.67
110.43
110.43
104.65
104.65
100.38
100.38
109.64
109.64
100.17
100.17
110.43
110.43
124.38
124.38
128.13
128.13
126.26
126.26
130.88
130.88
130.26
130.26
127.84
127.84
125.59
125.59
120.77
120.77
103.57
103.57
106.41
106.41
89.97
89.97
86.31
86.31
75.61
75.61
41.48
41.48
64.34
64.34
16.14
16.14
0.04
0.04
0.33
0.33
33.67
33.67
14.95
14.95
31.08
31.08
15.44
15.44
38.26
38.26
33.72
33.72
71.6
71.6
80.3
80.3
81.98
81.98
96.88
96.88
83.81
83.81
119.7
119.7
112.19
112.19
117.38
117.38
115.06
115.06
108.25
108.25
106.76
106.76
108.64
108.64
94.81
94.81
89.47
89.47
97.05
97.05
99.73
99.73
93.93
93.93
88.09
88.09
90.57
90.57
83.26
83.26
82.43
82.43
86.36
86.36
89.89
89.89
93.07
93.07
106.66
106.66
112.01
112.01
120.29
120.29
118.25
118.25
112.49
112.49
87.06
87.06
93.06
93.06
91.97
91.97
94.98
94.98
79.08
79.08
74.02
74.02
77.28
77.28
55.19
55.19
47.84
47.84
65.86
65.86
72.12
72.12
66.72
66.72
68.31
68.31
57.56
57.56
32.16
32.16
25.15
25.15
16.86
16.86
30.76
30.76
37.49
37.49
36.41
36.41
51.46
51.46
35.59
35.59
47.38
47.38
45.64
45.64
85.09
85.09
109.93
109.93
110.74
110.74
118.08
118.08
120.3
120.3
120.64
120.64
119.17
119.17
120.16
120.16
120.33
120.33
121.27
121.27
119.29
119.29
100.57
100.57
92.37
92.37
92.23
92.23
97.99
97.99
98.04
98.04
103.01
103.01
100.01
100.01
104.94
104.94
113.53
113.53
123.14
123.14
135.03
135.03
134.76
134.76
134.85
134.85
127.46
127.46
120.58
120.58
110.46
110.46
110.51
110.51
112.99
112.99
105.81
105.81
96.44
96.44
112.46
112.46
124.15
124.15
116.33
116.33
110.11
110.11
105.54
105.54
114.49
114.49
109.81
109.81
107.71
107.71
103.8
103.8
115.92
115.92
113.41
113.41
111.37
111.37
109.01
109.01
114.61
114.61
119.49
119.49
110.8
110.8
115.79
115.79
122.41
122.41
131.98
131.98
132.83
132.83
138.98
138.98
142.5
142.5
142.16
142.16
141.69
141.69
137.89
137.89
127.92
127.92
127.3
127.3
123.03
123.03
109.41
109.41
112.18
112.18
113.52
113.52
116.65
116.65
124.21
124.21
121.3
121.3
137.93
137.93
147.59
147.59
150.09
150.09
159.49
159.49
160.72
160.72
167.46
167.46
154.28
154.28
142.74
142.74
138.93
138.93
127.12
127.12
118.22
118.22
115.35
115.35
117.14
117.14
107.37
107.37
99.61
99.61
96.96
96.96
91.96
91.96
94.39
94.39
100.81
100.81
101.09
101.09
96.52
96.52
105.05
105.05
103.67
103.67
90.67
90.67
105.95
105.95
87.75
87.75
103.42
103.42
78.4
78.4
109.44
109.44
134.52
134.52
139.17
139.17
144.37
144.37
132.36
132.36
135.15
135.15
128.04
128.04
121.89
121.89
124.99
124.99
111.78
111.78
113.26
113.26
109.67
109.67
123.88
123.88
121.51
121.51
124.47
124.47
114.71
114.71
125.07
125.07
125.27
125.27
130.35
130.35
132.15
132.15
139.55
139.55
141.34
141.34
140.48
140.48
144.22
144.22
147.06
147.06
143.39
143.39
119.03
119.03
108.73
108.73
125.63
125.63
125.27
125.27
108.2
108.2
116.44
116.44
116.97
116.97
109.05
109.05
93.11
93.11
95.36
95.36
93.93
93.93
84.09
84.09
103.82
103.82
102.02
102.02
103.6
103.6
110.64
110.64
100.07
100.07
93.22
93.22
96.48
96.48
94.31
94.31
108.25
108.25
109.6
109.6
104.02
104.02
112.33
112.33
126.98
126.98
143.5
143.5
135.92
135.92
141.63
141.63
139.84
139.84
139.84
139.84
132.29
132.29
123.38
123.38
129.52
129.52
126.39
126.39
122.25
122.25
123.98
123.98
123.13
123.13
119.69
119.69
117.75
117.75
115.89
115.89
109.44
109.44
116.14
116.14
125.61
125.61
129.99
129.99
133.43
133.43
138.47
138.47
139.15
139.15
135.44
135.44
129.83
129.83
123.72
123.72
117.38
117.38
115.5
115.5
117.67
117.67
112.54
112.54
105.9
105.9
99.69
99.69
114.46
114.46
112.01
112.01
106.38
106.38
95.89
95.89
105.04
105.04
100.12
100.12
100.31
100.31
99.54
99.54
101.93
101.93
100.53
100.53
104.11
104.11
100.41
100.41
99.28
99.28
106.27
106.27
114.52
114.52
111.3
111.3
125.59
125.59
138.03
138.03
137.43
137.43
138.51
138.51
137.39
137.39
136.44
136.44
137.0
137.0
135.19
135.19
135.8
135.8
132.61
132.61
127.3
127.3
117.34
117.34
113.83
113.83
101.56
101.56
102.1
102.1
99.59
99.59
103.54
103.54
111.75
111.75
105.51
105.51
121.97
121.97
124.19
124.19
132.71
132.71
129.5
129.5
129.27
129.27
127.59
127.59
122.33
122.33
123.86
123.86
108.99
108.99
111.13
111.13
104.81
104.81
108.77
108.77
99.8
99.8
93.37
93.37
90.18
90.18
95.39
95.39
91.43
91.43
88.9
88.9
95.18
95.18
95.31
95.31
89.74
89.74
97.18
97.18
88.39
88.39
89.79
89.79
94.09
94.09
108.1
108.1
88.85
88.85
90.27
90.27
87.48
87.48
93.61
93.61
103.06
103.06
113.14
113.14
116.15
116.15
109.7
109.7
105.25
105.25
106.49
106.49
101.08
101.08
93.61
93.61
89.41
89.41
91.78
91.78
96.08
96.08
96.14
96.14
96.06
96.06
92.04
92.04
89.98
89.98
90.16
90.16
88.97
88.97
92.28
92.28
97.84
97.84
123.22
123.22
127.34
127.34
123.84
123.84
126.69
126.69
114.5
114.5
114.53
114.53
117.97
117.97
110.96
110.96
102.74
102.74
101.12
101.12
98.2
98.2
97.82
97.82
104.34
104.34
99.12
99.12
97.73
97.73
89.44
89.44
90.47
90.47
98.63
98.63
103.14
103.14
108.43
108.43
111.22
111.22
109.52
109.52
109.9
109.9
101.46
101.46
118.89
118.89
109.11
109.11
117.46
117.46
105.65
105.65
121.03
121.03
136.19
136.19
133.67
133.67
134.51
134.51
144.44
144.44
144.04
144.04
140.74
140.74
129.14
129.14
94.28
94.28
98.59
98.59
110.4
110.4
109.15
109.15
101.76
101.76
101.04
101.04
99.69
99.69
102.74
102.74
108.05
108.05
103.18
103.18
102.36
102.36
119.64
119.64
130.17
130.17
131.11
131.11
133.55
133.55
135.57
135.57
118.55
118.55
113.1
113.1
118.95
118.95
114.8
114.8
108.77
108.77
105.96
105.96
101.73
101.73
102.9
102.9
108.12
108.12
98.42
98.42
86.84
86.84
89.49
89.49
102.7
102.7
98.19
98.19
71.73
71.73
68.2
68.2
71.15
71.15
63.78
63.78
68.78
68.78
73.22
73.22
74.51
74.51
85.19
85.19
90.52
90.52
95.25
95.25
98.32
98.32
114.58
114.58
114.42
114.42
124.89
124.89
128.99
128.99
128.31
128.31
126.72
126.72
126.44
126.44
119.98
119.98
119.88
119.88
122.12
122.12
122.95
122.95
125.23
125.23
125.67
125.67
124.87
124.87
123.91
123.91
129.39
129.39
131.84
131.84
132.28
132.28
134.19
134.19
139.11
139.11
141.48
141.48
142.38
142.38
140.11
140.11
117.62
117.62
105.38
105.38
106.43
106.43
99.44
99.44
95.01
95.01
89.5
89.5
91.43
91.43
46.35
46.35
57.19
57.19
37.86
37.86
35.3
35.3
29.33
29.33
32.24
32.24
48.19
48.19
23.84
23.84
15.97
15.97
10.97
10.97
3.65
3.65
4.15
4.15
15.62
15.62
10.6
10.6
4.52
4.52
-2.91
-2.91
-5.27
-5.27
-1.29
-1.29
5.44
5.44
2.14
2.14
29.24
29.24
14.35
14.35
60.24
60.24
80.52
80.52
90.1
90.1
100.55
100.55
102.48
102.48
125.22
125.22
127.17
127.17
128.13
128.13
128.88
128.88
131.33
131.33
130.7
130.7
126.33
126.33
112.97
112.97
83.37
83.37
79.55
79.55
89.95
89.95
108.5
108.5
112.51
112.51
121.37
121.37
114.97
114.97
101.08
101.08
72.88
72.88
79.57
79.57
78.68
78.68
60.16
60.16
41.17
41.17
28.04
28.04
25.46
25.46
16.24
16.24
-0.11
-0.11
-10.49
-10.49
-17.34
-17.34
-7.97
-7.97
6.12
6.12
-5.23
-5.23
4.65
4.65
2.41
2.41
24.61
24.61
52.91
52.91
41.66
41.66
42.93
42.93
69.77
69.77
74.61
74.61
107.65
107.65
113.29
113.29
101.26
101.26
116.64
116.64
97.22
97.22
99.16
99.16
95.69
95.69
99.87
99.87
106.49
106.49
103.97
103.97
114.36
114.36
112.8
112.8
115.79
115.79
114.91
114.91
125.06
125.06
122.42
122.42
134.46
134.46
127.11
127.11
142.83
142.83
154.09
154.09
153.62
153.62
164.18
164.18
160.41
160.41
157.02
157.02
155.06
155.06
138.69
138.69
115.73
115.73
108.6
108.6
99.82
99.82
104.77
104.77
107.82
107.82
97.71
97.71
90.99
90.99
94.15
94.15
72.84
72.84
81.08
81.08
74.66
74.66
83.94
83.94
86.52
86.52
77.88
77.88
75.71
75.71
78.53
78.53
68.17
68.17
65.83
65.83
66.64
66.64
66.01
66.01
85.01
85.01
84.32
84.32
97.56
97.56
103.8
103.8
107.39
107.39
119.94
119.94
90.3
90.3
98.55
98.55
104.9
104.9
91.47
91.47
85.97
85.97
89.86
89.86
84.94
84.94
83.81
83.81
85.86
85.86
96.19
96.19
94.07
94.07
87.73
87.73
92.21
92.21
98.37
98.37
95.4
95.4
100.21
100.21
109.64
109.64
122.7
122.7
119.83
119.83
110.34
110.34
102.03
102.03
95.0
95.0
85.94
85.94
93.67
93.67
95.8
95.8
88.97
88.97
101.95
101.95
108.9
108.9
108.97
108.97
104.16
104.16
106.66
106.66
100.55
100.55
87.82
87.82
92.17
92.17
96.3
96.3
86.94
86.94
85.02
85.02
63.88
63.88
76.92
76.92
70.64
70.64
69.92
69.92
49.85
49.85
54.67
54.67
54.07
54.07
62.09
62.09
98.01
98.01
61.44
61.44
90.37
90.37
89.94
89.94
84.42
84.42
78.66
78.66
82.04
82.04
67.37
67.37
59.69
59.69
50.84
50.84
58.54
58.54
78.4
78.4
76.02
76.02
76.37
76.37
75.72
75.72
79.04
79.04
76.15
76.15
55.42
55.42
46.1
46.1
52.85
52.85
70.74
70.74
81.79
81.79
93.93
93.93
87.51
87.51
80.14
80.14
89.03
89.03
85.6
85.6
78.28
78.28
80.78
80.78
93.05
93.05
91.75
91.75
77.34
77.34
40.03
40.03
20.44
20.44
25.91
25.91
58.92
58.92
58.18
58.18
70.83
70.83
47.34
47.34
47.8
47.8
25.21
25.21
16.32
16.32
2.63
2.63
12.8
12.8
7.81
7.81
3.83
3.83
29.07
29.07
48.82
48.82
75.94
75.94
98.7
98.7
104.17
104.17
111.53
111.53
107.61
107.61
106.29
106.29
105.91
105.91
102.96
102.96
103.41
103.41
91.49
91.49
98.2
98.2
107.95
107.95
111.56
111.56
100.36
100.36
99.39
99.39
99.13
99.13
98.5
98.5
94.02
94.02
95.11
95.11
95.71
95.71
95.07
95.07
95.56
95.56
98.68
98.68
99.45
99.45
90.3
90.3
105.53
105.53
106.4
106.4
98.4
98.4
99.43
99.43
86.99
86.99
74.68
74.68
61.91
61.91
14.21
14.21
24.6
24.6
5.84
5.84
2.92
2.92
1.97
1.97
2.8
2.8
1.18
1.18
4.53
4.53
2.62
2.62
43.21
43.21
22.96
22.96
14.44
14.44
15.61
15.61
87.95
87.95
86.2
86.2
93.56
93.56
99.67
99.67
97.14
97.14
111.4
111.4
99.5
99.5
104.2
104.2
108.23
108.23
110.2
110.2
96.42
96.42
85.99
85.99
97.73
97.73
104.78
104.78
101.15
101.15
100.78
100.78
99.34
99.34
98.88
98.88
103.58
103.58
102.6
102.6
112.74
112.74
109.97
109.97
107.84
107.84
121.85
121.85
117.35
117.35
119.2
119.2
120.34
120.34
122.03
122.03
97.71
97.71
99.13
99.13
105.9
105.9
105.84
105.84
95.97
95.97
90.31
90.31
85.88
85.88
81.73
81.73
85.66
85.66
78.58
78.58
69.5
69.5
89.36
89.36
98.31
98.31
90.0
90.0
84.16
84.16
84.81
84.81
97.01
97.01
90.27
90.27
84.92
84.92
94.14
94.14
92.41
92.41
81.2
81.2
82.86
82.86
106.57
106.57
128.02
128.02
117.48
117.48
114.34
114.34
118.7
118.7
122.48
122.48
121.39
121.39
119.2
119.2
116.09
116.09
107.79
107.79
111.79
111.79
116.84
116.84
114.34
114.34
105.95
105.95
100.54
100.54
100.37
100.37
97.82
97.82
90.57
90.57
90.15
90.15
95.03
95.03
112.06
112.06
121.98
121.98
123.98
123.98
117.33
117.33
110.67
110.67
111.73
111.73
117.43
117.43
113.47
113.47
113.29
113.29
106.71
106.71
96.55
96.55
87.98
87.98
94.38
94.38
93.06
93.06
92.35
92.35
93.45
93.45
101.14
101.14
93.36
93.36
89.47
89.47
92.98
92.98
90.54
90.54
98.41
98.41
100.55
100.55
99.59
99.59
94.62
94.62
82.64
82.64
88.24
88.24
78.47
78.47
81.0
81.0
74.15
74.15
60.61
60.61
81.11
81.11
87.31
87.31
99.95
99.95
99.66
99.66
96.85
96.85
92.07
92.07
104.42
104.42
100.64
100.64
101.87
101.87
94.85
94.85
101.91
101.91
106.04
106.04
112.45
112.45
115.87
115.87
130.05
130.05
127.87
127.87
124.38
124.38
137.39
137.39
141.49
141.49
136.33
136.33
132.16
132.16
130.36
130.36
125.4
125.4
110.5
110.5
108.11
108.11
93.59
93.59
83.23
83.23
88.9
88.9
87.61
87.61
80.23
80.23
103.63
103.63
84.37
84.37
80.62
80.62
76.62
76.62
63.0
63.0
59.83
59.83
37.46
37.46
42.92
42.92
49.25
49.25
43.95
43.95
42.27
42.27
41.14
41.14
68.01
68.01
64.41
64.41
81.05
81.05
85.88
85.88
111.32
111.32
122.08
122.08
103.28
103.28
104.34
104.34
92.6
92.6
83.03
83.03
82.73
82.73
81.07
81.07
73.3
73.3
69.92
69.92
69.37
69.37
69.96
69.96
80.03
80.03
72.91
72.91
76.13
76.13
72.22
72.22
84.43
84.43
98.19
98.19
112.57
112.57
123.8
123.8
126.24
126.24
129.68
129.68
116.83
116.83
109.05
109.05
85.01
85.01
82.22
82.22
74.19
74.19
77.73
77.73
82.05
82.05
90.37
90.37
79.61
79.61
72.33
72.33
59.13
59.13
54.6
54.6
52.2
52.2
54.79
54.79
61.4
61.4
55.64
55.64
46.97
46.97
46.8
46.8
74.75
74.75
66.8
66.8
66.62
66.62
61.25
61.25
91.26
91.26
74.79
74.79
102.49
102.49
96.99
96.99
101.68
101.68
118.03
118.03
96.6
96.6
94.16
94.16
78.24
78.24
71.37
71.37
80.92
80.92
76.65
76.65
74.43
74.43
78.33
78.33
74.7
74.7
77.18
77.18
90.29
90.29
88.38
88.38
97.68
97.68
92.75
92.75
103.34
103.34
102.89
102.89
99.56
99.56
129.24
129.24
130.82
130.82
126.33
126.33
120.16
120.16
115.72
115.72
91.62
91.62
92.18
92.18
106.29
106.29
100.74
100.74
89.92
89.92
90.7
90.7
87.4
87.4
87.33
87.33
99.39
99.39
97.88
97.88
86.69
86.69
87.38
87.38
79.42
79.42
82.17
82.17
97.0
97.0
85.35
85.35
87.13
87.13
66.62
66.62
81.02
81.02
69.36
69.36
92.68
92.68
81.25
81.25
95.73
95.73
101.06
101.06
78.33
78.33
101.78
101.78
75.12
75.12
76.94
76.94
55.28
55.28
65.86
65.86
76.38
76.38
75.87
75.87
77.18
77.18
81.55
81.55
72.9
72.9
78.85
78.85
77.63
77.63
59.77
59.77
83.27
83.27
73.3
73.3
89.53
89.53
90.78
90.78
97.7
97.7
109.68
109.68
110.56
110.56
124.82
124.82
118.53
118.53
110.3
110.3
114.06
114.06
103.91
103.91
100.48
100.48
94.89
94.89
91.54
91.54
95.55
95.55
95.15
95.15
93.26
93.26
101.3
101.3
89.1
89.1
83.95
83.95
77.87
77.87
79.44
79.44
68.31
68.31
83.38
83.38
66.07
66.07
61.19
61.19
50.02
50.02
52.67
52.67
36.55
36.55
71.37
71.37
42.73
42.73
86.68
86.68
101.51
101.51
99.65
99.65
106.13
106.13
88.47
88.47
91.33
91.33
71.46
71.46
68.4
68.4
73.78
73.78
80.96
80.96
73.48
73.48
74.5
74.5
80.36
80.36
74.05
74.05
77.2
77.2
73.41
73.41
74.75
74.75
77.21
77.21
86.37
86.37
110.76
110.76
97.6
97.6
106.13
106.13
113.18
113.18
120.78
120.78
98.48
98.48
97.97
97.97
100.3
100.3
102.49
102.49
95.17
95.17
92.68
92.68
100.13
100.13
89.36
89.36
86.26
86.26
86.57
86.57
94.64
94.64
90.51
90.51
70.28
70.28
78.04
78.04
61.34
61.34
59.65
59.65
64.06
64.06
60.43
60.43
51.73
51.73
52.24
52.24
52.0
52.0
59.31
59.31
69.3
69.3
66.4
66.4
87.93
87.93
82.33
82.33
81.42
81.42
106.48
106.48
117.15
117.15
118.44
118.44
120.75
120.75
117.07
117.07
117.17
117.17
116.22
116.22
108.47
108.47
103.83
103.83
105.2
105.2
100.17
100.17
99.22
99.22
91.53
91.53
101.4
101.4
92.62
92.62
92.55
92.55
95.47
95.47
89.71
89.71
99.31
99.31
104.58
104.58
103.06
103.06
100.61
100.61
95.42
95.42
86.42
86.42
82.7
82.7
85.22
85.22
91.98
91.98
92.24
92.24
83.81
83.81
74.81
74.81
80.77
80.77
70.1
70.1
67.91
67.91
76.14
76.14
86.88
86.88
74.07
74.07
70.06
70.06
66.28
66.28
60.59
60.59
54.98
54.98
58.39
58.39
52.7
52.7
59.13
59.13
65.89
65.89
68.65
68.65
63.21
63.21
58.15
58.15
80.53
80.53
95.22
95.22
80.04
80.04
89.27
89.27
95.67
95.67
90.07
90.07
86.26
86.26
84.73
84.73
81.2
81.2
80.2
80.2
80.19
80.19
80.72
80.72
90.72
90.72
88.79
88.79
87.19
87.19
83.35
83.35
113.26
113.26
117.37
117.37
111.13
111.13
121.13
121.13
122.4
122.4
121.93
121.93
121.91
121.91
113.61
113.61
94.25
94.25
85.68
85.68
93.05
93.05
99.55
99.55
89.91
89.91
85.93
85.93
84.04
84.04
83.38
83.38
93.98
93.98
81.16
81.16
78.24
78.24
86.21
86.21
96.15
96.15
88.39
88.39
74.43
74.43
76.1
76.1
74.04
74.04
74.49
74.49
72.85
72.85
73.28
73.28
73.65
73.65
71.07
71.07
71.82
71.82
71.67
71.67
72.98
72.98
74.31
74.31
73.61
73.61
80.44
80.44
76.42
76.42
85.99
85.99
91.33
91.33
85.72
85.72
91.91
91.91
96.67
96.67
101.0
101.0
96.21
96.21
86.79
86.79
82.1
82.1
101.5
101.5
96.05
96.05
107.2
107.2
100.71
100.71
108.44
108.44
110.93
110.93
106.75
106.75
104.23
104.23
98.2
98.2
91.01
91.01
89.36
89.36
94.23
94.23
96.65
96.65
83.74
83.74
80.87
80.87
84.06
84.06
85.94
85.94
90.79
90.79
79.95
79.95
68.21
68.21
88.1
88.1
87.84
87.84
81.08
81.08
75.1
75.1
85.94
85.94
74.83
74.83
89.13
89.13
80.48
80.48
100.97
100.97
81.77
81.77
84.92
84.92
69.19
69.19
78.48
78.48
61.81
61.81
71.5
71.5
66.92
66.92
54.03
54.03
65.94
65.94
73.86
73.86
70.83
70.83
70.23
70.23
70.65
70.65
63.68
63.68
73.94
73.94
67.66
67.66
78.93
78.93
88.0
88.0
88.76
88.76
84.09
84.09
85.0
85.0
82.54
82.54
79.83
79.83
71.4
71.4
86.35
86.35
76.65
76.65
84.38
84.38
79.34
79.34
76.44
76.44
84.99
84.99
83.04
83.04
83.78
83.78
88.81
88.81
84.91
84.91
72.82
72.82
65.89
65.89
51.48
51.48
73.89
73.89
57.38
57.38
59.15
59.15
64.19
64.19
65.08
65.08
51.82
51.82
42.76
42.76
39.56
39.56
25.22
25.22
18.56
18.56
17.9
17.9
20.27
20.27
35.47
35.47
41.14
41.14
52.73
52.73
74.2
74.2
75.23
75.23
79.67
79.67
88.89
88.89
95.83
95.83
93.98
93.98
97.85
97.85
98.79
98.79
100.5
100.5
107.46
107.46
107.38
107.38
106.91
106.91
107.11
107.11
104.23
104.23
91.24
91.24
98.75
98.75
88.92
88.92
84.01
84.01
86.46
86.46
90.95
90.95
109.38
109.38
112.35
112.35
103.17
103.17
100.07
100.07
91.43
91.43
90.46
90.46
86.31
86.31
88.41
88.41
87.83
87.83
87.21
87.21
86.33
86.33
112.19
112.19
90.24
90.24
71.61
71.61
65.67
65.67
70.55
70.55
69.37
69.37
82.15
82.15
72.06
72.06
75.69
75.69
67.02
67.02
65.73
65.73
62.64
62.64
59.72
59.72
46.43
46.43
60.22
60.22
64.98
64.98
97.29
97.29
95.24
95.24
102.61
102.61
105.33
105.33
103.17
103.17
105.45
105.45
98.52
98.52
94.8
94.8
99.18
99.18
96.54
96.54
87.95
87.95
88.11
88.11
97.97
97.97
99.44
99.44
100.86
100.86
102.32
102.32
108.49
108.49
94.45
94.45
103.28
103.28
111.83
111.83
108.43
108.43
121.88
121.88
116.75
116.75
120.7
120.7
121.11
121.11
125.45
125.45
124.85
124.85
125.78
125.78
124.28
124.28
123.82
123.82
111.89
111.89
104.53
104.53
98.72
98.72
90.23
90.23
79.77
79.77
83.1
83.1
84.38
84.38
89.91
89.91
93.2
93.2
84.17
84.17
82.0
82.0
83.82
83.82
86.13
86.13
84.85
84.85
94.34
94.34
84.48
84.48
96.53
96.53
99.27
99.27
101.0
101.0
116.11
116.11
110.59
110.59
133.92
133.92
129.27
129.27
136.19
136.19
144.48
144.48
147.42
147.42
142.02
142.02
142.02
142.02
149.14
149.14
141.21
141.21
139.15
139.15
134.78
134.78
137.57
137.57
135.9
135.9
133.01
133.01
134.21
134.21
136.25
136.25
143.66
143.66
134.1
134.1
144.27
144.27
149.44
149.44
149.75
149.75
138.73
138.73
132.48
132.48
129.48
129.48
123.44
123.44
125.31
125.31
106.67
106.67
103.54
103.54
95.97
95.97
92.98
92.98
91.38
91.38
100.51
100.51
84.68
84.68
93.74
93.74
90.24
90.24
83.53
83.53
78.97
78.97
79.02
79.02
79.4
79.4
80.49
80.49
78.85
78.85
81.84
81.84
80.22
80.22
92.74
92.74
84.98
84.98
92.29
92.29
113.33
113.33
89.13
89.13
127.32
127.32
107.95
107.95
108.37
108.37
101.21
101.21
96.95
96.95
99.33
99.33
94.38
94.38
87.29
87.29
88.23
88.23
90.93
90.93
95.01
95.01
91.54
91.54
92.54
92.54
100.02
100.02
109.16
109.16
118.28
118.28
122.76
122.76
117.45
117.45
129.26
129.26
142.15
142.15
131.53
131.53
130.35
130.35
116.44
116.44
112.39
112.39
98.11
98.11
104.53
104.53
91.5
91.5
99.46
99.46
91.24
91.24
94.84
94.84
100.09
100.09
86.56
86.56
99.49
99.49
86.06
86.06
84.14
84.14
68.11
68.11
60.28
60.28
68.49
68.49
59.81
59.81
81.21
81.21
60.45
60.45
77.73
77.73
53.96
53.96
53.45
53.45
48.53
48.53
55.15
55.15
76.6
76.6
77.1
77.1
97.23
97.23
78.09
78.09
99.47
99.47
87.25
87.25
97.31
97.31
98.67
98.67
105.69
105.69
109.11
109.11
99.17
99.17
96.27
96.27
95.56
95.56
99.71
99.71
101.61
101.61
95.46
95.46
81.83
81.83
79.43
79.43
78.87
78.87
86.02
86.02
110.24
110.24
117.56
117.56
116.36
116.36
108.02
108.02
100.75
100.75
98.81
98.81
98.22
98.22
94.82
94.82
99.01
99.01
88.77
88.77
37.0
37.0
43.72
43.72
16.83
16.83
19.09
19.09
3.28
3.28
-1.03
-1.03
0.36
0.36
9.32
9.32
-3.69
-3.69
-4.77
-4.77
-3.07
-3.07
-4.24
-4.24
-1.17
-1.17
-10.94
-10.94
-12.93
-12.93
-12.12
-12.12
-11.56
-11.56
-12.94
-12.94
-6.7
-6.7
5.95
5.95
19.48
19.48
-8.29
-8.29
59.64
59.64
84.02
84.02
99.55
99.55
94.34
94.34
88.07
88.07
97.1
97.1
92.07
92.07
95.44
95.44
101.02
101.02
107.98
107.98
107.73
107.73
106.3
106.3
103.53
103.53
98.14
98.14
91.28
91.28
102.92
102.92
124.59
124.59
131.18
131.18
131.71
131.71
128.05
128.05
114.99
114.99
106.46
106.46
95.26
95.26
92.43
92.43
86.46
86.46
90.31
90.31
90.84
90.84
87.84
87.84
72.93
72.93
69.67
69.67
62.46
62.46
67.01
67.01
71.94
71.94
58.1
58.1
66.56
66.56
73.58
73.58
70.48
70.48
74.89
74.89
69.18
69.18
80.66
80.66
81.39
81.39
92.11
92.11
81.89
81.89
98.56
98.56
88.99
88.99
110.03
110.03
114.47
114.47
107.76
107.76
109.17
109.17
99.74
99.74
95.96
95.96
91.76
91.76
90.01
90.01
90.53
90.53
87.61
87.61
94.22
94.22
90.18
90.18
94.02
94.02
94.05
94.05
96.81
96.81
97.34
97.34
115.57
115.57
124.63
124.63
121.53
121.53
131.28
131.28
131.45
131.45
121.45
121.45
119.99
119.99
114.26
114.26
105.54
105.54
105.85
105.85
105.29
105.29
90.33
90.33
92.57
92.57
89.69
89.69
92.61
92.61
90.89
90.89
81.53
81.53
68.78
68.78
80.15
80.15
92.44
92.44
84.19
84.19
79.45
79.45
80.61
80.61
82.64
82.64
74.61
74.61
68.8
68.8
74.03
74.03
73.08
73.08
97.34
97.34
86.48
86.48
109.72
109.72
92.58
92.58
90.53
90.53
118.06
118.06
107.67
107.67
107.03
107.03
93.17
93.17
90.31
90.31
91.0
91.0
92.49
92.49
102.47
102.47
91.94
91.94
91.01
91.01
96.39
96.39
93.01
93.01
91.6
91.6
91.77
91.77
96.21
96.21
102.14
102.14
117.88
117.88
111.11
111.11
117.38
117.38
110.83
110.83
107.05
107.05
112.61
112.61
111.16
111.16
107.48
107.48
106.54
106.54
102.27
102.27
100.42
100.42
95.79
95.79
91.09
91.09
94.32
94.32
94.15
94.15
90.52
90.52
94.24
94.24
68.73
68.73
73.04
73.04
100.7
100.7
83.09
83.09
81.66
81.66
76.38
76.38
70.02
70.02
63.46
63.46
59.39
59.39
59.07
59.07
80.65
80.65
66.88
66.88
71.77
71.77
87.47
87.47
101.22
101.22
110.67
110.67
107.1
107.1
100.32
100.32
94.1
94.1
90.4
90.4
93.73
93.73
101.84
101.84
94.77
94.77
87.55
87.55
95.34
95.34
89.89
89.89
92.94
92.94
91.53
91.53
85.88
85.88
86.33
86.33
96.32
96.32
105.66
105.66
97.76
97.76
110.26
110.26
103.27
103.27
105.62
105.62
108.27
108.27
108.69
108.69
94.09
94.09
102.4
102.4
96.56
96.56
99.04
99.04
90.48
90.48
59.26
59.26
77.67
77.67
59.94
59.94
63.58
63.58
36.62
36.62
29.39
29.39
30.19
30.19
23.38
23.38
17.12
17.12
24.19
24.19
22.81
22.81
49.49
49.49
57.72
57.72
39.5
39.5
37.56
37.56
43.25
43.25
57.87
57.87
83.91
83.91
106.15
106.15
116.07
116.07
123.34
123.34
117.93
117.93
118.04
118.04
107.24
107.24
102.18
102.18
100.35
100.35
87.8
87.8
61.66
61.66
51.17
51.17
50.77
50.77
39.94
39.94
63.41
63.41
62.09
62.09
63.62
63.62
70.02
70.02
91.04
91.04
96.29
96.29
108.14
108.14
122.33
122.33
117.98
117.98
117.78
117.78
116.25
116.25
112.67
112.67
96.0
96.0
83.35
83.35
72.29
72.29
61.25
61.25
50.42
50.42
23.77
23.77
40.03
40.03
17.84
17.84
24.92
24.92
-9.7
-9.7
0.53
0.53
36.46
36.46
6.11
6.11
-7.29
-7.29
-2.5
-2.5
-14.59
-14.59
-2.66
-2.66
-9.24
-9.24
-1.56
-1.56
-1.84
-1.84
11.15
11.15
66.7
66.7
54.62
54.62
95.14
95.14
96.65
96.65
109.07
109.07
106.02
106.02
109.58
109.58
110.84
110.84
105.87
105.87
102.16
102.16
99.13
99.13
91.36
91.36
98.98
98.98
105.89
105.89
97.4
97.4
89.98
89.98
88.91
88.91
86.23
86.23
84.46
84.46
95.88
95.88
116.6
116.6
114.05
114.05
123.6
123.6
136.47
136.47
137.32
137.32
136.98
136.98
135.16
135.16
129.26
129.26
126.21
126.21
131.12
131.12
123.77
123.77
123.51
123.51
120.68
120.68
112.11
112.11
111.71
111.71
84.85
84.85
76.83
76.83
88.59
88.59
84.87
84.87
73.32
73.32
84.12
84.12
76.89
76.89
65.99
65.99
75.54
75.54
74.1
74.1
73.57
73.57
71.73
71.73
64.93
64.93
65.01
65.01
75.1
75.1
71.92
71.92
65.54
65.54
76.42
76.42
90.53
90.53
90.87
90.87
94.04
94.04
87.25
87.25
86.73
86.73
85.71
85.71
78.48
78.48
79.96
79.96
80.76
80.76
87.67
87.67
80.17
80.17
90.51
90.51
90.51
90.51
83.69
83.69
105.31
105.31
113.95
113.95
114.99
114.99
126.76
126.76
146.96
146.96
142.64
142.64
136.97
136.97
137.96
137.96
114.44
114.44
107.6
107.6
102.98
102.98
99.47
99.47
105.33
105.33
106.26
106.26
99.82
99.82
107.08
107.08
99.52
99.52
93.46
93.46
93.27
93.27
97.91
97.91
89.56
89.56
89.18
89.18
89.06
89.06
87.13
87.13
96.67
96.67
97.95
97.95
100.19
100.19
87.9
87.9
96.16
96.16
95.35
95.35
97.2
97.2
93.32
93.32
95.79
95.79
90.19
90.19
90.24
90.24
111.38
111.38
99.45
99.45
109.18
109.18
109.0
109.0
105.26
105.26
107.7
107.7
109.76
109.76
112.25
112.25
110.73
110.73
111.76
111.76
103.87
103.87
109.62
109.62
108.45
108.45
108.65
108.65
121.97
121.97
134.38
134.38
142.61
142.61
137.18
137.18
136.06
136.06
136.33
136.33
124.27
124.27
117.41
117.41
104.48
104.48
104.31
104.31
101.85
101.85
100.88
100.88
100.02
100.02
95.09
95.09
99.26
99.26
101.11
101.11
101.37
101.37
105.91
105.91
108.53
108.53
101.29
101.29
101.74
101.74
101.01
101.01
104.56
104.56
115.94
115.94
106.04
106.04
100.42
100.42
95.14
95.14
123.83
123.83
99.81
99.81
110.12
110.12
111.48
111.48
110.92
110.92
123.34
123.34
110.7
110.7
113.65
113.65
122.37
122.37
120.33
120.33
114.01
114.01
114.93
114.93
112.3
112.3
106.25
106.25
103.3
103.3
104.5
104.5
105.99
105.99
101.74
101.74
104.45
104.45
100.54
100.54
91.16
91.16
93.44
93.44
92.71
92.71
104.19
104.19
95.47
95.47
93.44
93.44
99.89
99.89
100.22
100.22
97.94
97.94
105.14
105.14
99.34
99.34
95.91
95.91
97.88
97.88
96.29
96.29
95.96
95.96
91.12
91.12
85.73
85.73
79.95
79.95
80.62
80.62
91.12
91.12
81.84
81.84
77.53
77.53
77.12
77.12
79.78
79.78
95.12
95.12
93.1
93.1
100.86
100.86
94.1
94.1
95.97
95.97
103.09
103.09
131.08
131.08
102.59
102.59
121.16
121.16
141.46
141.46
127.88
127.88
133.11
133.11
146.24
146.24
145.17
145.17
148.33
148.33
140.44
140.44
137.79
137.79
134.03
134.03
134.63
134.63
127.46
127.46
133.62
133.62
134.01
134.01
138.48
138.48
138.41
138.41
142.63
142.63
146.8
146.8
141.52
141.52
150.38
150.38
139.3
139.3
137.48
137.48
127.61
127.61
121.11
121.11
108.0
108.0
108.18
108.18
102.2
102.2
93.08
93.08
90.71
90.71
85.44
85.44
86.77
86.77
83.5
83.5
83.31
83.31
85.45
85.45
80.43
80.43
90.27
90.27
74.96
74.96
74.85
74.85
75.65
75.65
77.37
77.37
83.36
83.36
83.45
83.45
91.33
91.33
90.41
90.41
100.77
100.77
93.98
93.98
97.32
97.32
97.11
97.11
123.68
123.68
137.69
137.69
134.51
134.51
142.22
142.22
138.67
138.67
133.97
133.97
127.06
127.06
125.46
125.46
136.19
136.19
130.57
130.57
124.69
124.69
123.69
123.69
135.56
135.56
134.0
134.0
134.2
134.2
136.72
136.72
161.71
161.71
184.96
184.96
190.39
190.39
195.73
195.73
192.31
192.31
191.77
191.77
158.56
158.56
145.41
145.41
117.59
117.59
113.34
113.34
120.17
120.17
101.14
101.14
107.37
107.37
93.57
93.57
90.53
90.53
83.88
83.88
75.55
75.55
83.17
83.17
81.23
81.23
84.28
84.28
82.47
82.47
85.66
85.66
85.54
85.54
79.67
79.67
80.21
80.21
77.62
77.62
81.89
81.89
76.91
76.91
81.6
81.6
86.61
86.61
86.25
86.25
107.86
107.86
116.81
116.81
144.82
144.82
141.09
141.09
146.66
146.66
168.82
168.82
163.91
163.91
169.5
169.5
163.85
163.85
151.09
151.09
150.26
150.26
149.63
149.63
152.07
152.07
154.44
154.44
150.14
150.14
147.25
147.25
151.43
151.43
141.58
141.58
149.78
149.78
154.88
154.88
157.5
157.5
149.81
149.81
162.11
162.11
144.81
144.81
139.73
139.73
131.82
131.82
120.26
120.26
116.0
116.0
101.53
101.53
111.47
111.47
96.02
96.02
94.39
94.39
89.11
89.11
104.78
104.78
98.15
98.15
101.49
101.49
106.35
106.35
88.7
88.7
93.27
93.27
86.62
86.62
86.5
86.5
92.72
92.72
87.01
87.01
93.0
93.0
89.38
89.38
97.04
97.04
97.69
97.69
90.65
90.65
112.46
112.46
120.59
120.59
154.14
154.14
149.74
149.74
154.98
154.98
158.29
158.29
159.56
159.56
149.77
149.77
151.87
151.87
150.62
150.62
154.66
154.66
148.92
148.92
145.42
145.42
147.08
147.08
147.37
147.37
139.67
139.67
142.11
142.11
145.75
145.75
147.42
147.42
155.24
155.24
166.16
166.16
149.0
149.0
146.95
146.95
154.26
154.26
147.23
147.23
140.77
140.77
129.12
129.12
126.0
126.0
103.36
103.36
106.16
106.16
94.4
94.4
108.78
108.78
91.64
91.64
99.91
99.91
86.88
86.88
86.91
86.91
86.96
86.96
99.37
99.37
91.83
91.83
90.58
90.58
87.83
87.83
91.58
91.58
108.56
108.56
96.5
96.5
96.35
96.35
100.94
100.94
90.55
90.55
102.33
102.33
111.81
111.81
111.06
111.06
125.3
125.3
120.18
120.18
141.79
141.79
131.97
131.97
135.18
135.18
132.96
132.96
130.54
130.54
144.67
144.67
136.87
136.87
138.53
138.53
142.02
142.02
136.04
136.04
128.33
128.33
125.68
125.68
128.48
128.48
135.8
135.8
143.12
143.12
145.75
145.75
151.7
151.7
143.77
143.77
144.58
144.58
153.65
153.65
143.96
143.96
134.03
134.03
115.13
115.13
140.75
140.75
99.84
99.84
103.63
103.63
119.09
119.09
107.88
107.88
100.76
100.76
99.54
99.54
112.94
112.94
116.74
116.74
127.66
127.66
110.26
110.26
101.42
101.42
100.81
100.81
97.1
97.1
94.2
94.2
88.51
88.51
86.4
86.4
84.2
84.2
86.94
86.94
82.88
82.88
86.66
86.66
82.9
82.9
84.66
84.66
86.22
86.22
88.27
88.27
89.61
89.61
93.95
93.95
103.84
103.84
94.58
94.58
95.47
95.47
91.97
91.97
92.7
92.7
92.63
92.63
97.31
97.31
96.58
96.58
92.04
92.04
86.36
86.36
87.49
87.49
85.52
85.52
99.28
99.28
105.61
105.61
114.32
114.32
111.66
111.66
105.82
105.82
109.37
109.37
99.62
99.62
95.9
95.9
92.39
92.39
91.9
91.9
90.8
90.8
90.4
90.4
86.54
86.54
84.29
84.29
85.61
85.61
81.39
81.39
97.34
97.34
104.89
104.89
101.9
101.9
90.81
90.81
83.04
83.04
85.89
85.89
77.7
77.7
91.68
91.68
69.45
69.45
73.78
73.78
71.06
71.06
80.33
80.33
79.53
79.53
91.43
91.43
79.35
79.35
95.3
95.3
95.72
95.72
94.0
94.0
104.89
104.89
94.95
94.95
97.37
97.37
103.93
103.93
105.51
105.51
104.98
104.98
109.06
109.06
115.08
115.08
113.07
113.07
108.54
108.54
108.77
108.77
105.17
105.17
106.68
106.68
102.88
102.88
104.21
104.21
99.43
99.43
106.16
106.16
103.33
103.33
101.97
101.97
105.18
105.18
97.74
97.74
92.58
92.58
90.68
90.68
92.77
92.77
88.85
88.85
81.19
81.19
83.84
83.84
78.94
78.94
75.76
75.76
49.98
49.98
64.88
64.88
64.82
64.82
69.23
69.23
79.68
79.68
69.92
69.92
69.77
69.77
66.79
66.79
64.62
64.62
63.62
63.62
80.25
80.25
81.12
81.12
86.72
86.72
89.63
89.63
105.26
105.26
85.65
85.65
90.81
90.81
115.39
115.39
98.82
98.82
110.83
110.83
105.68
105.68
109.1
109.1
110.42
110.42
112.16
112.16
97.29
97.29
109.05
109.05
108.12
108.12
103.46
103.46
103.91
103.91
103.77
103.77
104.42
104.42
107.67
107.67
106.73
106.73
119.93
119.93
120.48
120.48
121.04
121.04
123.38
123.38
124.47
124.47
123.8
123.8
122.84
122.84
114.75
114.75
105.67
105.67
113.24
113.24
107.12
107.12
111.55
111.55
90.13
90.13
90.94
90.94
88.85
88.85
94.24
94.24
80.73
80.73
80.42
80.42
73.68
73.68
68.74
68.74
74.52
74.52
81.66
81.66
71.8
71.8
77.7
77.7
81.61
81.61
93.27
93.27
80.57
80.57
86.95
86.95
81.62
81.62
94.4
94.4
118.74
118.74
127.55
127.55
135.18
135.18
137.52
137.52
143.0
143.0
124.86
124.86
118.42
118.42
125.11
125.11
118.54
118.54
110.55
110.55
112.23
112.23
125.25
125.25
120.32
120.32
121.86
121.86
120.65
120.65
129.71
129.71
125.41
125.41
155.99
155.99
155.75
155.75
170.25
170.25
173.14
173.14
175.33
175.33
176.53
176.53
173.58
173.58
162.38
162.38
129.22
129.22
125.23
125.23
126.03
126.03
121.24
121.24
111.56
111.56
104.51
104.51
97.72
97.72
96.84
96.84
68.16
68.16
93.55
93.55
93.3
93.3
97.57
97.57
99.14
99.14
90.08
90.08
97.82
97.82
86.02
86.02
88.53
88.53
76.61
76.61
89.66
89.66
83.23
83.23
89.05
89.05
88.77
88.77
94.09
94.09
89.0
89.0
70.66
70.66
75.77
75.77
92.66
92.66
95.48
95.48
90.27
90.27
91.28
91.28
90.7
90.7
97.83
97.83
110.74
110.74
112.4
112.4
97.27
97.27
98.31
98.31
98.4
98.4
95.1
95.1
103.08
103.08
101.95
101.95
105.74
105.74
104.49
104.49
106.14
106.14
108.61
108.61
105.27
105.27
102.1
102.1
101.69
101.69
97.34
97.34
77.93
77.93
84.2
84.2
86.64
86.64
89.01
89.01
91.72
91.72
92.88
92.88
88.01
88.01
80.85
80.85
49.67
49.67
62.34
62.34
79.02
79.02
88.3
88.3
69.14
69.14
69.94
69.94
80.66
80.66
80.52
80.52
72.83
72.83
63.76
63.76
68.6
68.6
77.5
77.5
96.13
96.13
56.0
56.0
91.85
91.85
102.02
102.02
110.85
110.85
115.46
115.46
108.18
108.18
110.27
110.27
108.29
108.29
107.62
107.62
105.89
105.89
98.27
98.27
105.12
105.12
93.59
93.59
88.07
88.07
82.32
82.32
78.09
78.09
73.91
73.91
72.79
72.79
69.49
69.49
71.49
71.49
78.07
78.07
75.15
75.15
77.09
77.09
76.3
76.3
78.41
78.41
76.81
76.81
74.53
74.53
76.19
76.19
78.82
78.82
82.85
82.85
83.44
83.44
79.08
79.08
79.29
79.29
78.07
78.07
74.68
74.68
61.44
61.44
50.92
50.92
51.81
51.81
65.77
65.77
64.43
64.43
64.96
64.96
53.24
53.24
49.68
49.68
50.85
50.85
47.39
47.39
49.63
49.63
47.97
47.97
45.65
45.65
37.14
37.14
55.76
55.76
61.01
61.01
36.1
36.1
51.49
51.49
44.15
44.15
72.45
72.45
60.59
60.59
56.9
56.9
61.4
61.4
63.2
63.2
66.27
66.27
63.14
63.14
60.76
60.76
64.6
64.6
66.33
66.33
61.65
61.65
57.25
57.25
66.28
66.28
58.66
58.66
66.51
66.51
70.39
70.39
82.06
82.06
73.0
73.0
70.37
70.37
69.67
69.67
63.98
63.98
60.94
60.94
63.27
63.27
63.79
63.79
56.02
56.02
60.93
60.93
65.81
65.81
48.3
48.3
43.66
43.66
49.49
49.49
31.08
31.08
45.21
45.21
59.96
59.96
67.7
67.7
69.4
69.4
69.1
69.1
64.0
64.0
62.4
62.4
54.22
54.22
53.96
53.96
61.83
61.83
59.78
59.78
71.69
71.69
73.9
73.9
76.89
76.89
78.35
78.35
79.73
79.73
68.76
68.76
83.86
83.86
84.73
84.73
77.48
77.48
71.61
71.61
65.67
65.67
76.17
76.17
75.95
75.95
78.09
78.09
71.64
71.64
81.58
81.58
78.07
78.07
64.47
64.47
63.74
63.74
66.6
66.6
68.11
68.11
72.75
72.75
91.75
91.75
93.18
93.18
88.17
88.17
82.87
82.87
81.55
81.55
87.62
87.62
82.26
82.26
87.94
87.94
80.25
80.25
73.63
73.63
72.16
72.16
73.46
73.46
67.14
67.14
60.77
60.77
46.75
46.75
40.89
40.89
44.19
44.19
34.73
34.73
33.69
33.69
44.17
44.17
59.12
59.12
47.35
47.35
43.17
43.17
41.47
41.47
35.69
35.69
57.41
57.41
55.95
55.95
80.7
80.7
68.76
68.76
94.89
94.89
107.73
107.73
100.87
100.87
102.11
102.11
99.52
99.52
97.6
97.6
99.18
99.18
87.96
87.96
73.13
73.13
74.27
74.27
79.32
79.32
86.38
86.38
84.6
84.6
82.16
82.16
82.35
82.35
79.67
79.67
95.31
95.31
104.43
104.43
100.71
100.71
111.96
111.96
105.79
105.79
103.12
103.12
107.54
107.54
102.2
102.2
91.93
91.93
87.02
87.02
90.17
90.17
77.93
77.93
86.8
86.8
78.81
78.81
78.61
78.61
77.7
77.7
70.79
70.79
70.66
70.66
71.27
71.27
74.66
74.66
82.43
82.43
67.4
67.4
66.4
66.4
69.73
69.73
68.66
68.66
65.54
65.54
62.95
62.95
57.82
57.82
70.86
70.86
66.43
66.43
70.6
70.6
77.63
77.63
83.33
83.33
86.92
86.92
82.45
82.45
88.97
88.97
75.4
75.4
75.48
75.48
77.86
77.86
78.28
78.28
70.69
70.69
73.66
73.66
76.77
76.77
78.12
78.12
77.4
77.4
74.9
74.9
80.23
80.23
84.66
84.66
77.11
77.11
78.28
78.28
78.51
78.51
84.6
84.6
86.37
86.37
89.96
89.96
88.85
88.85
86.31
86.31
88.67
88.67
83.74
83.74
83.65
83.65
83.64
83.64
91.14
91.14
95.19
95.19
82.3
82.3
79.64
79.64
79.21
79.21
78.71
78.71
72.4
72.4
79.61
79.61
77.09
77.09
66.92
66.92
66.17
66.17
63.99
63.99
62.7
62.7
58.94
58.94
62.78
62.78
61.5
61.5
67.99
67.99
73.57
73.57
96.22
96.22
73.22
73.22
79.24
79.24
90.88
90.88
77.28
77.28
67.88
67.88
72.07
72.07
75.59
75.59
81.25
81.25
79.72
79.72
77.32
77.32
80.94
80.94
85.37
85.37
90.67
90.67
86.41
86.41
88.26
88.26
92.19
92.19
86.25
86.25
92.18
92.18
91.26
91.26
88.8
88.8
86.55
86.55
82.18
82.18
81.74
81.74
81.88
81.88
87.54
87.54
88.15
88.15
90.66
90.66
83.67
83.67
85.22
85.22
81.07
81.07
74.83
74.83
82.79
82.79
66.21
66.21
66.96
66.96
66.57
66.57
68.76
68.76
70.37
70.37
68.07
68.07
69.6
69.6
72.33
72.33
63.82
63.82
64.34
64.34
67.66
67.66
69.65
69.65
72.93
72.93
84.66
84.66
87.21
87.21
95.23
95.23
86.39
86.39
104.38
104.38
107.04
107.04
102.31
102.31
105.8
105.8
108.8
108.8
106.01
106.01
98.09
98.09
96.2
96.2
85.04
85.04
79.8
79.8
79.6
79.6
77.84
77.84
83.89
83.89
79.85
79.85
86.92
86.92
96.36
96.36
94.75
94.75
98.81
98.81
99.19
99.19
100.95
100.95
97.33
97.33
95.3
95.3
95.11
95.11
94.41
94.41
88.16
88.16
83.76
83.76
82.06
82.06
80.69
80.69
76.32
76.32
82.21
82.21
78.58
78.58
72.25
72.25
62.34
62.34
69.29
69.29
63.14
63.14
66.34
66.34
67.57
67.57
66.11
66.11
64.52
64.52
64.02
64.02
66.07
66.07
63.32
63.32
63.36
63.36
63.48
63.48
76.99
76.99
67.88
67.88
72.7
72.7
71.11
71.11
77.12
77.12
90.74
90.74
80.56
80.56
79.35
79.35
69.51
69.51
68.04
68.04
85.72
85.72
87.01
87.01
86.12
86.12
81.71
81.71
80.58
80.58
78.19
78.19
85.73
85.73
85.91
85.91
80.93
80.93
76.04
76.04
73.91
73.91
76.37
76.37
76.37
76.37
79.08
79.08
75.28
75.28
71.73
71.73
77.33
77.33
74.7
74.7
64.09
64.09
65.55
65.55
64.52
64.52
65.42
65.42
67.44
67.44
64.71
64.71
64.22
64.22
60.68
60.68
68.21
68.21
46.06
46.06
59.07
59.07
62.73
62.73
60.68
60.68
51.72
51.72
52.93
52.93
51.51
51.51
63.55
63.55
51.67
51.67
51.48
51.48
45.89
45.89
30.94
30.94
28.87
28.87
48.88
48.88
56.02
56.02
40.24
40.24
64.92
64.92
54.24
54.24
65.79
65.79
51.45
51.45
54.03
54.03
57.02
57.02
64.14
64.14
51.82
51.82
45.92
45.92
52.8
52.8
49.66
49.66
43.32
43.32
44.32
44.32
48.97
48.97
45.68
45.68
49.66
49.66
53.65
53.65
63.38
63.38
74.14
74.14
68.37
68.37
71.45
71.45
74.87
74.87
67.55
67.55
61.72
61.72
54.11
54.11
65.85
65.85
58.87
58.87
65.55
65.55
48.9
48.9
59.53
59.53
46.54
46.54
61.66
61.66
42.02
42.02
32.29
32.29
48.34
48.34
60.7
60.7
46.32
46.32
55.38
55.38
32.95
32.95
30.53
30.53
23.31
23.31
31.58
31.58
19.4
19.4
31.53
31.53
30.06
30.06
37.24
37.24
43.83
43.83
45.07
45.07
52.49
52.49
39.65
39.65
54.74
54.74
56.79
56.79
62.69
62.69
44.23
44.23
42.4
42.4
30.51
30.51
29.47
29.47
33.98
33.98
43.54
43.54
42.26
42.26
38.75
38.75
44.18
44.18
49.85
49.85
66.29
66.29
69.92
69.92
79.84
79.84
85.13
85.13
87.72
87.72
87.7
87.7
88.66
88.66
82.06
82.06
70.03
70.03
69.04
69.04
73.5
73.5
72.75
72.75
73.56
73.56
71.18
71.18
73.96
73.96
64.47
64.47
54.49
54.49
52.84
52.84
43.35
43.35
56.89
56.89
64.1
64.1
56.39
56.39
45.06
45.06
42.93
42.93
49.52
49.52
43.2
43.2
50.93
50.93
45.05
45.05
56.1
56.1
32.21
32.21
75.42
75.42
79.07
79.07
77.69
77.69
83.2
83.2
77.87
77.87
82.37
82.37
77.97
77.97
79.15
79.15
68.32
68.32
69.3
69.3
70.52
70.52
59.29
59.29
63.42
63.42
67.72
67.72
67.66
67.66
62.67
62.67
62.86
62.86
61.51
61.51
66.52
66.52
72.97
72.97
65.59
65.59
75.9
75.9
76.99
76.99
76.72
76.72
76.53
76.53
78.36
78.36
73.05
73.05
70.62
70.62
66.81
66.81
72.17
72.17
71.95
71.95
71.69
71.69
68.37
68.37
64.87
64.87
64.8
64.8
48.21
48.21
43.23
43.23
56.05
56.05
47.66
47.66
49.2
49.2
52.33
52.33
48.27
48.27
48.12
48.12
44.82
44.82
49.83
49.83
45.44
45.44
79.39
79.39
65.22
65.22
80.79
80.79
81.87
81.87
88.05
88.05
92.89
92.89
87.96
87.96
91.18
91.18
88.93
88.93
88.83
88.83
87.37
87.37
89.17
89.17
91.54
91.54
91.68
91.68
89.05
89.05
82.33
82.33
79.62
79.62
75.51
75.51
81.92
81.92
76.16
76.16
80.96
80.96
82.44
82.44
81.07
81.07
84.06
84.06
79.43
79.43
76.44
76.44
74.05
74.05
72.87
72.87
65.91
65.91
60.97
60.97
65.36
65.36
70.72
70.72
67.02
67.02
53.66
53.66
40.97
40.97
16.7
16.7
33.78
33.78
22.55
22.55
41.11
41.11
39.86
39.86
33.45
33.45
27.66
27.66
25.83
25.83
30.7
30.7
20.42
20.42
14.73
14.73
-14.74
-14.74
-19.03
-19.03
7.15
7.15
10.15
10.15
17.84
17.84
58.31
58.31
38.04
38.04
77.16
77.16
63.02
63.02
67.85
67.85
56.21
56.21
50.9
50.9
53.29
53.29
54.51
54.51
50.94
50.94
55.57
55.57
56.79
56.79
49.94
49.94
47.3
47.3
44.94
44.94
54.78
54.78
57.99
57.99
57.54
57.54
66.11
66.11
67.94
67.94
66.22
66.22
60.87
60.87
59.96
59.96
66.04
66.04
60.6
60.6
56.0
56.0
53.55
53.55
49.3
49.3
35.75
35.75
33.61
33.61
27.96
27.96
28.14
28.14
15.83
15.83
20.34
20.34
4.16
4.16
22.63
22.63
40.25
40.25
40.06
40.06
25.32
25.32
19.2
19.2
12.72
12.72
-1.59
-1.59
12.12
12.12
26.75
26.75
21.71
21.71
47.25
47.25
54.88
54.88
44.51
44.51
64.08
64.08
43.71
43.71
54.07
54.07
61.15
61.15
62.5
62.5
61.01
61.01
54.99
54.99
52.75
52.75
46.08
46.08
43.65
43.65
45.54
45.54
46.76
46.76
38.56
38.56
43.29
43.29
40.38
40.38
46.48
46.48
43.2
43.2
41.76
41.76
58.9
58.9
68.28
68.28
76.36
76.36
78.87
78.87
77.59
77.59
55.62
55.62
45.7
45.7
47.09
47.09
37.43
37.43
39.16
39.16
27.35
27.35
20.0
20.0
15.36
15.36
27.16
27.16
12.36
12.36
5.41
5.41
-0.56
-0.56
14.7
14.7
40.34
40.34
8.53
8.53
11.46
11.46
20.58
20.58
5.79
5.79
-4.55
-4.55
-6.2
-6.2
-3.01
-3.01
-4.55
-4.55
18.05
18.05
14.19
14.19
12.62
12.62
28.29
28.29
8.6
8.6
33.84
33.84
40.81
40.81
53.34
53.34
56.37
56.37
55.89
55.89
52.42
52.42
54.61
54.61
50.4
50.4
53.92
53.92
55.68
55.68
53.13
53.13
59.41
59.41
63.72
63.72
64.62
64.62
72.13
72.13
64.77
64.77
65.71
65.71
76.1
76.1
78.45
78.45
82.62
82.62
85.13
85.13
85.69
85.69
84.7
84.7
88.43
88.43
88.8
88.8
91.6
91.6
94.03
94.03
90.2
90.2
84.51
84.51
68.19
68.19
62.79
62.79
46.09
46.09
22.94
22.94
6.32
6.32
0.42
0.42
7.87
7.87
0.18
0.18
-0.87
-0.87
-3.96
-3.96
-2.13
-2.13
-7.1
-7.1
-6.48
-6.48
5.08
5.08
1.01
1.01
-2.98
-2.98
3.98
3.98
4.65
4.65
13.72
13.72
27.83
27.83
25.57
25.57
45.74
45.74
52.01
52.01
55.78
55.78
50.01
50.01
48.03
48.03
60.86
60.86
60.4
60.4
53.59
53.59
54.39
54.39
65.3
65.3
63.43
63.43
67.29
67.29
57.95
57.95
50.68
50.68
49.87
49.87
55.09
55.09
65.05
65.05
55.87
55.87
54.71
54.71
54.7
54.7
47.71
47.71
29.19
29.19
22.37
22.37
33.08
33.08
23.45
23.45
18.19
18.19
5.33
5.33
23.24
23.24
10.32
10.32
-6.76
-6.76
14.21
14.21
2.1
2.1
23.93
23.93
17.64
17.64
-2.97
-2.97
-1.92
-1.92
0.63
0.63
7.48
7.48
-2.6
-2.6
-5.7
-5.7
-7.76
-7.76
-9.56
-9.56
-9.26
-9.26
-2.31
-2.31
5.7
5.7
2.23
2.23
8.07
8.07
14.49
14.49
29.44
29.44
6.08
6.08
3.72
3.72
3.31
3.31
0.68
0.68
-21.68
-21.68
-3.83
-3.83
12.04
12.04
11.24
11.24
0.47
0.47
0.1
0.1
0.13
0.13
3.71
3.71
11.0
11.0
28.37
28.37
15.34
15.34
33.13
33.13
50.46
50.46
45.35
45.35
38.08
38.08
25.81
25.81
11.32
11.32
-0.49
-0.49
-4.13
-4.13
-8.82
-8.82
-8.92
-8.92
-14.86
-14.86
2.9
2.9
-12.99
-12.99
-10.05
-10.05
-18.28
-18.28
-17.17
-17.17
-2.29
-2.29
-18.02
-18.02
-19.16
-19.16
-18.55
-18.55
-12.14
-12.14
-17.27
-17.27
-17.99
-17.99
-17.65
-17.65
-17.6
-17.6
-13.75
-13.75
-9.81
-9.81
-9.89
-9.89
2.15
2.15
15.27
15.27
60.51
60.51
70.34
70.34
88.2
88.2
98.04
98.04
100.02
100.02
97.91
97.91
95.31
95.31
96.65
96.65
96.42
96.42
97.66
97.66
106.68
106.68
111.57
111.57
110.81
110.81
109.02
109.02
99.82
99.82
86.01
86.01
82.88
82.88
78.7
78.7
73.75
73.75
47.75
47.75
31.46
31.46
27.06
27.06
21.33
21.33
2.14
2.14
-0.27
-0.27
0.12
0.12
-5.37
-5.37
-3.08
-3.08
-5.12
-5.12
-4.37
-4.37
-3.79
-3.79
-20.8
-20.8
-20.0
-20.0
-6.54
-6.54
-3.63
-3.63
-9.79
-9.79
-12.46
-12.46
-12.36
-12.36
-14.16
-14.16
-13.96
-13.96
-13.08
-13.08
-13.65
-13.65
-12.72
-12.72
-17.98
-17.98
-9.98
-9.98
-15.78
-15.78
-4.6
-4.6
9.12
9.12
14.1
14.1
11.86
11.86
30.87
30.87
51.58
51.58
43.32
43.32
41.68
41.68
50.91
50.91
57.11
57.11
67.59
67.59
73.4
73.4
78.53
78.53
81.25
81.25
86.08
86.08
92.66
92.66
99.14
99.14
118.71
118.71
117.26
117.26
120.18
120.18
121.09
121.09
117.02
117.02
114.75
114.75
112.55
112.55
108.78
108.78
100.43
100.43
92.38
92.38
84.9
84.9
83.44
83.44
87.23
87.23
77.09
77.09
78.29
78.29
83.28
83.28
79.54
79.54
57.67
57.67
46.8
46.8
48.47
48.47
51.27
51.27
36.53
36.53
53.32
53.32
38.72
38.72
42.99
42.99
27.81
27.81
31.01
31.01
30.66
30.66
44.1
44.1
33.55
33.55
36.0
36.0
43.54
43.54
36.35
36.35
34.53
34.53
24.49
24.49
36.7
36.7
35.06
35.06
57.45
57.45
56.61
56.61
64.26
64.26
45.44
45.44
58.47
58.47
61.81
61.81
61.5
61.5
66.45
66.45
65.78
65.78
65.48
65.48
65.28
65.28
72.62
72.62
77.3
77.3
69.77
69.77
76.24
76.24
52.19
52.19
48.68
48.68
58.78
58.78
53.29
53.29
19.09
19.09
13.59
13.59
31.99
31.99
27.05
27.05
27.02
27.02
9.02
9.02
9.22
9.22
5.08
5.08
-2.11
-2.11
-3.1
-3.1
-6.47
-6.47
1.08
1.08
7.5
7.5
6.25
6.25
4.15
4.15
4.81
4.81
-2.55
-2.55
-5.9
-5.9
-6.39
-6.39
-8.51
-8.51
-4.85
-4.85
-7.37
-7.37
-5.74
-5.74
-3.56
-3.56
7.12
7.12
10.27
10.27
4.97
4.97
18.12
18.12
8.91
8.91
8.99
8.99
18.93
18.93
31.52
31.52
37.28
37.28
35.92
35.92
28.06
28.06
38.92
38.92
38.4
38.4
39.05
39.05
40.93
40.93
38.08
38.08
38.03
38.03
37.59
37.59
50.07
50.07
67.12
67.12
76.62
76.62
78.99
78.99
77.45
77.45
71.49
71.49
54.92
54.92
24.21
24.21
25.96
25.96
21.12
21.12
6.89
6.89
-2.87
-2.87
0.85
0.85
-7.38
-7.38
-10.78
-10.78
-8.13
-8.13
-4.31
-4.31
3.13
3.13
4.41
4.41
1.34
1.34
-0.7
-0.7
-2.07
-2.07
1.65
1.65
-2.71
-2.71
6.61
6.61
-0.1
-0.1
5.86
5.86
5.13
5.13
4.03
4.03
11.56
11.56
41.66
41.66
59.77
59.77
83.87
83.87
92.97
92.97
91.68
91.68
90.83
90.83
88.38
88.38
91.0
91.0
82.24
82.24
82.98
82.98
83.18
83.18
81.44
81.44
80.65
80.65
78.07
78.07
78.1
78.1
82.88
82.88
89.77
89.77
95.02
95.02
97.14
97.14
101.73
101.73
107.21
107.21
108.78
108.78
104.92
104.92
103.2
103.2
94.94
94.94
82.62
82.62
80.79
80.79
76.61
76.61
82.93
82.93
73.67
73.67
81.45
81.45
75.55
75.55
56.26
56.26
50.86
50.86
47.67
47.67
64.0
64.0
56.45
56.45
53.09
53.09
57.42
57.42
50.8
50.8
42.15
42.15
45.6
45.6
48.22
48.22
48.61
48.61
48.89
48.89
54.13
54.13
57.7
57.7
57.08
57.08
66.71
66.71
60.12
60.12
55.0
55.0
76.16
76.16
92.46
92.46
93.27
93.27
88.66
88.66
84.37
84.37
77.68
77.68
78.92
78.92
73.08
73.08
56.07
56.07
51.95
51.95
39.2
39.2
57.85
57.85
60.86
60.86
66.61
66.61
75.67
75.67
71.49
71.49
87.7
87.7
92.75
92.75
88.94
88.94
90.06
90.06
85.58
85.58
81.17
81.17
76.52
76.52
73.41
73.41
65.1
65.1
71.11
71.11
48.42
48.42
43.0
43.0
39.23
39.23
12.15
12.15
5.93
5.93
-0.75
-0.75
3.97
3.97
3.39
3.39
-4.54
-4.54
-6.89
-6.89
-9.84
-9.84
-9.18
-9.18
-15.33
-15.33
-15.75
-15.75
-15.72
-15.72
-13.91
-13.91
-5.26
-5.26
-7.28
-7.28
9.71
9.71
36.79
36.79
46.14
46.14
40.84
40.84
52.62
52.62
49.61
49.61
50.37
50.37
47.52
47.52
53.98
53.98
48.76
48.76
59.65
59.65
62.51
62.51
59.25
59.25
55.43
55.43
60.59
60.59
60.51
60.51
50.81
50.81
55.45
55.45
70.01
70.01
78.6
78.6
85.59
85.59
88.93
88.93
88.16
88.16
84.76
84.76
75.9
75.9
64.42
64.42
61.19
61.19
63.4
63.4
62.26
62.26
51.95
51.95
47.94
47.94
58.39
58.39
44.07
44.07
43.04
43.04
26.96
26.96
